关卡,蓝球,红球,绿球,黄球,紫球,橙球,黑球,白球,总行数,石头,雪块,炸弹,彩虹球,燃烧瓶,蓝分裂球,红分裂球,绿分裂球,黄分裂球,紫分裂球,钥匙,锁定球,收集目标1,收集目标2,发射球数量,通关率,漩涡球,藤蔓精灵,虫洞对,黑洞,地雷,繁殖球,花苞球,精灵茧,透明球,晶光炮,风眼出口,毒液附着,冰凌附着,气泡护盾附着,蜘蛛,彩云,多精灵救援目标,彩虹棱镜球,关卡类型,玩法模式,单精灵救援,限时球,棋盘遮挡
1,29,30,0,0,0,0,0,0,8,0,0,0,0,0,0,0,0,0,0,0,0,B:29,-,12,92.0%,0,0,0,0,0,0,0,0,0,0,0,0,0,0,0,0,0,0,normal,shot_limited,-,0,none
2,23,28,23,0,0,0,0,0,10,0,0,0,0,0,0,0,0,0,0,0,0,R:28,-,15,88.0%,0,0,0,0,0,0,0,0,0,0,0,0,0,0,0,0,0,0,normal,shot_limited,-,0,none
3,25,26,31,0,0,0,0,0,11,0,0,0,0,0,0,0,0,0,0,0,0,G:31,-,11,84.0%,0,0,0,0,0,0,0,0,0,0,0,0,0,0,0,0,0,0,normal,shot_limited,-,0,none
4,28,23,23,0,0,0,0,0,10,0,0,0,0,0,0,0,0,0,0,0,0,B:28,-,10,80.0%,0,0,0,0,0,0,0,0,0,0,0,0,0,0,0,0,0,0,normal,shot_limited,-,0,none
5,21,25,21,0,0,0,0,0,9,0,0,0,0,0,0,0,0,0,0,0,0,R:25,-,10,76.0%,0,0,0,0,0,0,0,0,0,0,0,0,0,0,0,0,0,0,normal,shot_limited,-,0,none
6,21,21,25,0,0,0,0,0,9,0,0,0,0,0,0,0,0,0,0,0,0,G:25,-,14,72.0%,0,0,0,0,0,0,0,0,0,0,0,0,0,0,0,0,0,0,normal,shot_limited,-,0,none
7,28,23,23,0,0,0,0,0,10,0,0,0,0,0,0,0,0,0,0,0,0,B:28,-,10,68.0%,0,0,0,0,0,0,0,0,0,0,0,0,0,0,0,0,0,0,normal,shot_limited,-,0,none
8,26,31,25,0,0,0,0,0,11,0,0,0,0,0,0,0,0,0,0,0,0,R:31,-,13,63.0%,0,0,0,0,0,0,0,0,0,0,0,0,0,0,0,0,0,0,normal,shot_limited,-,0,none
9,28,16,15,15,0,0,0,0,10,0,0,0,0,0,0,0,0,0,0,0,0,B:28,-,21,58.0%,0,0,0,0,0,0,0,0,0,0,0,0,0,0,0,0,0,0,normal,shot_limited,-,0,none
10,14,25,14,14,0,0,0,0,9,0,0,0,0,0,0,0,0,0,0,0,0,R:25,-,10,52.0%,0,0,0,0,0,0,0,0,0,0,0,0,0,0,0,0,0,0,special_floating_island,timed_infinite_shots,-,2,none
11,14,13,25,14,0,0,0,0,9,1,0,0,0,0,0,0,0,0,0,0,0,G:25,-,10,91.4%,0,0,0,0,0,0,0,0,0,0,0,0,0,0,0,0,0,0,normal,shot_limited,-,0,none
12,15,15,15,28,0,0,0,0,10,0,0,0,1,0,0,0,0,0,0,0,0,Y:28,-,12,87.4%,0,0,0,0,0,0,0,0,0,0,0,0,0,0,0,0,0,0,normal,shot_limited,-,0,none
13,31,17,17,17,0,0,0,0,11,0,0,0,0,0,0,0,0,0,0,0,0,B:31,-,12,83.4%,0,0,0,0,0,0,0,0,0,0,0,0,0,0,0,0,0,0,normal,shot_limited,-,0,none
14,15,28,15,15,0,0,0,0,10,0,0,1,0,0,0,0,0,0,0,0,0,R:28,-,10,79.4%,0,0,0,0,0,0,0,0,0,0,0,0,0,0,0,0,0,0,normal,shot_limited,-,0,none
15,14,14,25,13,0,0,0,0,9,1,0,0,0,0,0,0,0,0,0,0,0,G:25,-,17,75.4%,0,0,0,0,0,0,0,0,0,0,0,0,0,0,0,0,0,0,normal,shot_limited,-,0,none
16,14,15,14,27,0,0,0,0,10,0,5,0,0,0,0,0,0,0,0,0,0,Y:27,雪球:5,21,71.4%,0,0,0,0,0,0,0,0,0,0,0,0,0,0,0,0,0,0,normal,shot_limited,-,0,none
17,31,17,16,17,0,0,0,0,11,0,0,0,1,0,0,0,0,0,0,0,0,B:31,-,10,67.4%,0,0,0,0,0,0,0,0,0,0,0,0,0,0,0,0,0,0,normal,shot_limited,-,0,none
18,19,34,18,18,0,0,0,0,12,0,0,0,0,0,0,0,0,0,0,0,0,R:34,-,24,62.4%,0,0,0,0,0,0,0,0,0,0,0,0,0,0,0,0,0,0,normal,shot_limited,-,0,none
19,16,17,31,17,0,0,0,0,11,0,0,1,0,0,0,0,0,0,0,0,0,G:31,-,16,57.4%,0,0,0,0,0,0,0,0,0,0,0,0,0,0,0,0,0,0,normal,shot_limited,-,0,none
20,20,20,20,36,0,0,0,0,13,0,0,0,0,0,0,0,0,0,0,0,0,Y:36,-,23,51.4%,0,0,0,0,0,0,0,0,0,0,0,0,0,0,0,0,0,0,special_floating_island,timed_infinite_shots,-,3,none
21,0,25,16,16,16,0,0,0,10,0,0,0,0,0,0,0,0,0,0,0,0,R:25,-,17,90.8%,1,0,0,0,0,0,0,0,0,0,0,0,0,0,0,0,0,0,normal,shot_limited,-,0,none
22,0,17,26,17,17,0,0,0,11,0,6,0,0,0,0,0,0,0,0,0,0,G:26,雪球:6,12,86.8%,0,0,0,0,0,0,0,0,0,0,0,0,0,0,0,0,0,0,normal,shot_limited,-,0,none
23,0,18,18,29,19,0,0,0,12,1,6,0,0,0,0,0,0,0,0,0,0,Y:29,雪球:6,24,82.8%,0,0,0,0,0,0,0,0,0,0,0,0,0,0,0,0,0,0,normal,shot_limited,-,0,none
24,0,18,18,17,27,0,0,0,11,1,0,0,1,0,0,0,0,0,0,0,0,P:27,-,16,78.8%,0,0,0,0,0,0,0,0,0,0,0,0,0,0,0,0,0,0,normal,shot_limited,-,0,none
25,0,31,19,20,20,0,0,0,13,0,0,0,0,0,0,0,0,0,0,0,0,R:31,-,31,74.8%,0,0,0,0,0,0,0,0,0,0,0,0,0,0,0,0,0,0,trapped_sprite_rescue,shot_limited,milu,0,none
26,16,0,16,25,16,0,0,0,10,0,0,0,0,0,0,0,0,0,0,0,0,Y:25,-,13,70.8%,1,0,0,0,0,0,0,0,0,0,0,0,0,0,0,0,0,0,normal,shot_limited,-,0,none
27,17,0,17,17,26,0,0,0,11,0,6,1,0,0,0,0,0,0,0,0,0,P:26,雪球:6,25,66.8%,0,0,0,0,0,0,0,0,0,0,0,0,0,0,0,0,0,0,normal,shot_limited,-,0,none
28,29,0,18,19,18,0,0,0,12,0,6,0,1,0,0,0,0,0,0,0,0,B:29,雪球:6,23,61.8%,0,0,0,0,0,0,0,0,0,0,0,0,0,0,0,0,0,0,normal,shot_limited,-,0,none
29,18,0,28,18,18,0,0,0,11,0,0,0,0,0,0,0,0,0,0,0,0,G:28,-,18,56.8%,0,0,0,0,0,0,0,0,0,0,0,0,0,0,0,0,0,0,normal,shot_limited,-,0,none
30,21,0,21,33,21,0,0,0,13,0,0,1,0,0,0,0,0,0,0,0,0,Y:33,-,17,50.8%,0,0,0,0,0,0,0,0,0,0,0,0,0,0,0,0,0,0,special_floating_island,timed_infinite_shots,-,4,none
31,28,18,0,18,18,0,0,0,11,0,0,0,0,0,0,0,0,0,0,0,0,B:28,-,11,90.2%,0,0,0,0,0,0,0,0,0,0,0,0,0,0,0,0,0,0,normal,shot_limited,-,0,per_attempt_no_repeat
32,20,30,0,19,19,0,0,0,12,0,0,0,0,0,0,0,0,0,0,0,0,R:30,-,11,86.2%,0,1,0,0,0,0,0,0,0,0,0,0,0,0,0,0,0,0,normal,shot_limited,-,0,none
33,21,21,0,32,21,0,0,0,13,0,0,1,0,0,0,0,0,0,0,0,0,Y:32,-,20,82.2%,1,0,0,0,0,0,0,0,0,0,0,0,0,0,0,0,0,0,normal,shot_limited,-,0,none
34,20,20,0,19,30,0,0,0,12,0,0,0,0,0,0,0,0,0,0,0,0,P:30,-,20,78.2%,0,0,0,0,0,0,0,0,0,0,0,0,0,0,0,0,0,0,normal,shot_limited,-,0,none
35,35,23,0,23,22,0,0,0,14,0,0,0,0,0,0,0,0,0,0,0,0,B:35,-,22,74.2%,0,0,0,0,0,0,0,0,0,0,0,0,0,0,0,0,0,0,normal,shot_limited,-,0,none
36,18,18,28,0,18,0,0,0,11,0,0,0,0,0,0,0,0,0,0,0,0,G:28,-,23,70.2%,0,0,0,0,0,0,0,0,0,0,0,0,0,0,0,0,0,0,normal,shot_limited,-,0,per_attempt_no_repeat
37,19,20,19,0,30,0,0,0,12,0,0,0,0,0,0,0,0,0,0,0,0,P:30,-,12,66.2%,0,1,0,0,0,0,0,0,0,0,0,0,0,0,0,0,0,0,normal,shot_limited,-,0,none
38,33,21,21,0,21,0,0,0,13,0,0,0,0,0,0,0,0,0,0,0,0,B:33,-,25,61.2%,0,0,0,0,0,0,0,0,0,0,0,0,0,0,0,0,0,0,normal,shot_limited,-,0,none
39,20,30,19,0,20,0,0,0,12,0,0,0,0,0,0,0,0,0,0,0,0,R:30,-,16,56.2%,0,0,0,0,0,0,0,0,0,0,0,0,0,0,0,0,0,0,normal,shot_limited,-,0,none
40,23,23,35,0,22,0,0,0,14,0,0,0,0,0,0,0,0,0,0,0,0,G:35,-,25,50.2%,0,0,0,0,0,0,0,0,0,0,0,0,0,0,0,0,0,0,special_floating_island,timed_infinite_shots,-,5,none
41,0,0,18,28,17,18,0,0,11,0,0,0,0,1,0,0,0,0,0,0,0,Y:28,-,20,89.6%,0,0,0,0,0,0,0,0,0,0,0,0,0,0,0,0,0,0,normal,shot_limited,-,0,none
42,0,0,20,20,31,19,0,0,12,0,0,0,0,0,0,0,0,0,0,0,0,P:31,-,31,85.6%,0,0,0,0,0,0,0,0,0,0,0,0,0,0,0,0,0,0,trapped_sprite_rescue,shot_limited,lumi,0,none
43,0,0,33,21,21,21,0,0,13,0,0,1,0,0,0,0,0,0,0,0,0,G:33,-,19,81.6%,0,0,0,0,0,0,0,0,0,0,0,0,0,0,0,0,0,0,normal,shot_limited,-,0,per_attempt_no_repeat
44,0,0,18,28,18,18,0,0,12,0,9,0,0,0,0,0,0,0,0,0,0,Y:28,雪球:9,13,77.6%,0,1,0,0,0,0,0,0,0,0,0,0,0,0,0,0,0,0,normal,shot_limited,-,0,none
45,0,0,23,23,35,22,0,0,14,0,0,0,0,0,0,0,0,0,0,0,0,P:35,-,11,73.6%,0,0,0,0,0,0,0,0,0,0,0,0,0,0,0,0,0,0,normal,shot_limited,-,0,none
46,19,0,0,30,19,20,0,0,12,0,0,0,0,1,0,0,0,0,0,0,0,Y:30,-,13,69.6%,0,0,0,0,0,0,0,0,0,0,0,0,0,0,0,0,0,0,normal,shot_limited,-,0,none
47,21,0,0,21,33,21,0,0,13,0,0,0,0,0,0,0,0,0,0,0,0,P:33,-,19,65.6%,0,0,0,0,0,0,0,0,0,0,0,0,0,0,0,0,0,0,normal,shot_limited,-,0,none
48,35,0,0,23,23,22,0,0,14,0,0,0,0,0,0,0,0,0,0,0,0,B:35,-,12,60.6%,0,0,0,0,0,0,0,0,0,0,0,0,0,0,0,0,0,0,normal,shot_limited,-,0,none
49,21,0,0,33,21,21,0,0,13,0,0,0,0,0,0,0,0,0,0,0,0,Y:33,-,13,55.6%,0,0,0,0,0,0,0,0,0,0,0,0,0,0,0,0,0,0,normal,shot_limited,-,0,none
50,23,0,0,23,35,22,0,0,15,0,11,0,0,0,0,0,0,0,0,0,0,P:35,雪球:11,15,49.6%,0,0,0,0,0,0,0,0,0,0,0,0,0,0,0,0,0,0,special_floating_island,timed_infinite_shots,-,2,none
51,19,30,0,0,20,20,0,0,12,0,0,0,0,0,0,0,0,0,0,0,0,R:30,-,11,89.0%,0,0,0,0,0,0,0,0,0,0,0,0,0,0,0,0,0,0,normal,shot_limited,-,0,none
52,21,21,0,0,32,21,0,0,13,0,0,0,1,1,0,0,0,0,0,0,0,P:32,-,15,85.0%,0,0,0,0,0,0,0,0,0,0,0,0,0,0,0,0,0,0,normal,shot_limited,-,0,none
53,35,23,0,0,22,22,0,0,14,0,0,0,0,0,0,0,0,0,0,0,0,B:35,-,18,81.0%,0,0,1,0,0,0,0,0,0,0,0,0,0,0,0,0,0,0,normal,shot_limited,-,0,none
54,21,33,0,0,21,21,0,0,13,0,0,0,0,0,0,0,0,0,0,0,0,R:33,-,20,77.0%,0,0,0,0,0,0,0,0,0,0,0,0,0,0,0,0,0,0,normal,shot_limited,-,0,none
55,25,24,0,0,38,24,0,0,15,0,0,0,0,0,0,0,0,0,0,0,0,P:38,-,18,73.0%,0,0,0,0,0,0,0,0,0,0,0,0,0,0,0,0,0,0,normal,shot_limited,-,0,none
56,19,30,20,0,0,20,0,0,12,0,0,0,0,0,0,0,0,0,0,0,0,R:30,-,19,69.0%,0,0,0,0,0,0,0,0,0,0,0,0,0,0,0,0,0,0,normal,shot_limited,-,0,none
57,21,21,33,0,0,21,0,0,13,0,0,0,0,0,0,0,0,0,0,0,0,G:33,-,17,65.0%,0,0,0,0,0,0,0,0,0,0,0,0,0,0,0,0,0,0,normal,shot_limited,-,0,none
58,35,23,22,0,0,22,0,0,14,0,0,0,0,0,0,0,0,0,0,0,0,B:35,-,13,60.0%,0,0,1,0,0,0,0,0,0,0,0,0,0,0,0,0,0,0,normal,shot_limited,-,0,none
59,21,33,21,0,0,21,0,0,13,0,0,0,0,0,0,0,0,0,0,0,0,R:33,-,28,55.0%,0,0,0,0,0,0,0,0,0,0,0,0,0,0,0,0,0,0,normal,shot_limited,-,0,none
60,24,24,38,0,0,25,0,0,15,0,0,0,0,0,0,0,0,0,0,0,0,G:38,-,25,49.0%,0,0,0,0,0,0,0,0,0,0,0,0,0,0,0,0,0,0,special_floating_island,timed_infinite_shots,-,3,none
61,0,0,0,30,19,20,19,0,12,0,0,0,0,0,0,0,0,1,0,0,0,Y:35,-,25,88.4%,0,0,0,0,0,0,0,0,0,0,0,0,0,0,0,0,0,0,normal,shot_limited,-,0,none
62,0,0,0,21,33,21,21,0,13,0,0,0,0,0,0,0,0,0,0,0,0,P:33,-,14,84.4%,0,0,0,0,0,0,0,0,0,0,0,0,0,0,0,0,0,0,normal,shot_limited,-,0,none
63,0,0,0,26,17,17,17,0,14,0,13,0,0,0,0,0,0,0,0,0,0,Y:26,雪球:13,31,80.4%,0,0,0,0,0,0,0,0,0,0,0,0,0,0,0,0,0,0,trapped_sprite_rescue,shot_limited,noya,0,none
64,0,0,0,24,38,25,24,0,15,0,0,0,0,0,0,0,0,0,0,0,0,P:38,-,20,76.4%,0,0,0,0,0,0,0,0,0,0,0,0,0,0,0,0,0,0,normal,shot_limited,-,0,none
65,0,0,0,34,22,22,23,0,14,0,0,0,1,0,0,0,0,0,0,0,0,Y:34,-,16,72.4%,0,0,1,0,0,0,0,0,0,0,0,0,0,0,0,0,0,0,normal,shot_limited,-,0,none
66,30,0,0,0,20,19,19,0,12,0,0,0,0,0,1,0,0,0,0,0,0,B:35,-,17,68.4%,0,0,0,0,0,0,0,0,0,0,0,0,0,0,0,0,0,0,normal,shot_limited,-,0,none
67,21,0,0,0,33,21,21,0,13,0,0,0,0,0,0,0,0,0,0,0,0,P:33,-,15,64.4%,0,0,0,0,0,0,0,0,0,0,0,0,0,0,0,0,0,0,normal,shot_limited,-,0,none
68,35,0,0,0,23,22,23,0,14,0,0,0,0,0,0,0,0,0,0,0,0,B:35,-,25,59.4%,0,0,0,0,0,0,0,0,0,0,0,0,0,0,0,0,0,0,normal,shot_limited,-,0,none
69,24,0,0,0,38,25,24,0,15,0,0,0,0,0,0,0,0,0,0,0,0,P:38,-,18,54.4%,0,0,0,0,0,0,0,0,0,0,0,0,0,0,0,0,0,0,normal,shot_limited,-,0,none
70,35,0,0,0,22,23,23,0,14,0,0,0,1,0,0,0,0,0,0,0,0,B:35,-,26,48.4%,0,0,0,0,0,0,0,0,0,0,0,0,0,0,0,0,0,0,special_floating_island,timed_infinite_shots,-,4,none
71,30,20,0,0,0,20,19,0,12,0,0,0,0,0,0,0,0,0,0,0,0,B:30,-,16,87.8%,0,0,0,0,0,0,0,0,0,0,0,0,0,0,0,0,0,0,normal,shot_limited,-,0,none
72,21,33,0,0,0,21,21,0,13,0,0,0,0,0,0,0,0,0,0,0,0,R:33,-,19,83.8%,0,0,0,0,0,0,0,0,0,0,0,0,0,0,0,0,0,0,normal,shot_limited,-,0,none
73,35,22,0,0,0,22,23,0,14,0,0,0,0,1,1,0,0,0,0,0,0,B:40,-,29,79.8%,0,0,0,0,0,0,0,0,0,0,0,0,0,0,0,0,0,0,normal,shot_limited,-,0,none
74,25,38,0,0,0,24,24,0,15,0,0,0,0,0,0,0,0,0,0,0,0,R:38,-,18,75.8%,0,0,0,0,0,0,0,0,0,0,0,0,0,0,0,0,0,0,normal,shot_limited,-,0,none
75,17,35,0,0,17,17,17,0,14,0,0,0,0,0,0,0,0,0,0,0,0,R:35,-,25,71.8%,0,0,0,0,0,0,0,0,0,0,0,0,0,0,0,0,0,0,normal,shot_limited,-,0,none
76,30,15,14,0,0,15,15,0,12,0,0,0,0,0,0,0,0,0,0,0,0,B:30,-,24,67.8%,0,0,0,0,0,0,0,0,0,0,0,0,0,0,0,0,0,0,normal,shot_limited,-,0,none
77,16,33,16,0,0,15,16,0,13,0,0,0,0,0,0,0,0,0,0,0,0,R:33,-,15,63.8%,0,0,0,0,0,0,0,0,0,0,0,0,0,0,0,0,0,0,normal,shot_limited,-,0,none
78,17,17,35,0,0,17,17,0,14,0,0,0,0,0,0,0,0,0,0,0,0,G:35,-,28,58.8%,0,0,0,0,0,0,0,0,0,0,0,0,0,0,0,0,0,0,normal,shot_limited,-,0,none
79,38,18,19,0,0,18,18,0,15,0,0,0,0,0,0,0,0,0,0,0,0,B:38,-,20,53.8%,0,0,0,0,0,0,0,0,0,0,0,0,0,0,0,0,0,0,normal,shot_limited,-,0,none
80,17,35,17,0,0,17,17,0,14,0,0,0,0,0,0,0,0,0,0,0,0,R:35,-,26,47.8%,0,0,0,0,0,0,0,0,0,0,0,0,0,0,0,0,0,0,special_floating_island,timed_infinite_shots,-,5,none
81,0,0,0,30,14,15,15,15,13,0,0,0,0,0,0,0,0,0,0,1,9,Y:30,-,25,87.2%,0,0,0,0,0,0,0,0,0,0,0,0,0,0,0,0,0,0,normal,shot_limited,-,0,none
82,0,0,0,17,35,17,17,17,14,0,0,0,0,0,0,0,0,0,0,0,0,P:35,-,20,83.2%,0,0,0,0,0,0,0,0,0,0,0,0,0,0,0,0,0,0,normal,shot_limited,-,0,none
83,0,0,0,37,18,18,18,19,15,1,0,0,0,0,0,0,0,0,0,0,0,Y:37,-,32,79.2%,0,0,0,0,0,0,0,0,0,0,0,0,0,0,0,0,0,0,normal,shot_limited,-,0,none
84,0,0,0,17,35,17,17,17,14,0,0,0,1,0,0,0,0,0,0,0,0,P:35,-,20,75.2%,0,0,0,0,0,0,0,0,0,0,0,0,0,0,0,0,0,0,normal,shot_limited,-,0,none
85,0,0,0,35,17,17,17,17,15,0,0,0,0,0,0,0,0,0,0,1,10,Y:35,-,22,71.2%,0,0,0,0,0,0,0,0,0,0,0,0,0,0,0,0,0,0,normal,shot_limited,-,0,none
86,31,0,0,0,15,14,15,15,13,0,0,0,0,0,0,0,0,0,0,0,0,B:31,-,31,67.2%,0,0,0,0,0,0,0,0,0,0,0,0,0,0,0,0,0,0,trapped_sprite_rescue,shot_limited,flora,0,none
87,17,0,0,0,35,17,17,17,14,0,0,1,0,0,0,0,0,0,0,0,0,P:35,-,25,63.2%,0,0,0,0,0,0,0,0,0,0,0,0,0,0,0,0,0,0,normal,shot_limited,-,0,none
88,34,0,0,0,17,17,17,16,15,0,14,0,0,0,0,0,0,0,0,0,0,B:34,雪球:14,33,58.2%,0,0,0,0,0,0,0,0,0,0,0,0,0,0,0,0,0,0,normal,shot_limited,-,0,none
89,17,0,0,0,35,17,17,17,14,0,0,0,0,0,0,0,0,0,0,0,0,P:35,-,21,53.2%,0,0,0,0,0,0,0,0,0,0,0,0,0,0,0,0,0,0,normal,shot_limited,-,0,none
90,37,0,0,0,18,18,19,18,15,1,0,0,0,0,0,0,0,0,0,0,0,B:37,-,26,47.2%,0,0,0,0,0,0,0,0,0,0,0,0,0,0,0,0,0,0,special_floating_island,timed_infinite_shots,-,2,none
91,33,16,0,0,0,16,16,15,13,0,0,0,0,0,0,0,0,0,0,0,0,B:33,-,20,86.6%,0,0,0,0,0,0,0,0,0,0,0,0,0,0,0,0,0,0,normal,shot_limited,-,0,none
92,17,35,0,0,0,17,17,17,14,0,0,0,0,0,0,0,0,0,0,0,0,R:35,-,35,82.6%,1,0,0,0,0,0,0,0,0,0,0,0,0,0,0,0,0,0,normal,shot_limited,-,0,none
93,32,15,0,0,0,15,16,16,15,0,14,0,0,0,0,0,0,0,0,1,10,B:32,雪球:14,22,78.6%,0,0,0,0,0,0,0,0,0,0,0,0,0,0,0,0,0,0,normal,shot_limited,-,0,none
94,17,35,0,0,0,17,17,17,14,0,0,0,0,0,0,0,0,0,0,0,0,R:35,-,22,74.6%,0,0,0,0,0,0,0,0,0,0,0,0,0,0,0,0,0,0,normal,shot_limited,-,0,none
95,38,19,0,0,0,18,18,18,15,0,0,0,0,0,0,0,0,0,0,0,0,B:38,-,24,70.6%,0,0,0,0,0,0,0,0,0,0,0,0,0,0,0,0,0,0,normal,shot_limited,-,0,none
96,16,15,33,0,0,0,16,16,13,0,0,0,0,0,0,0,0,0,0,0,0,G:33,-,36,66.6%,0,0,0,0,0,0,0,0,0,0,0,0,0,0,0,0,0,0,normal,shot_limited,-,0,none
97,35,17,17,0,0,0,17,17,14,0,0,0,0,0,0,0,0,0,0,0,0,B:35,-,20,62.6%,0,0,0,0,0,0,0,0,0,0,0,0,0,0,0,0,0,0,normal,shot_limited,-,0,none
98,19,38,18,0,0,0,18,18,15,0,0,0,0,0,0,0,0,0,0,0,0,R:38,-,20,57.6%,0,0,0,0,0,0,0,0,0,0,0,0,0,0,0,0,0,0,normal,shot_limited,-,0,none
99,14,15,31,0,0,0,15,15,14,0,0,0,0,0,0,0,0,0,0,0,0,G:31,-,34,52.6%,0,0,0,0,0,0,0,0,0,0,0,0,0,0,0,0,0,0,trapped_sprite_rescue,shot_limited,loco,0,none
100,38,18,18,0,0,0,19,18,15,0,0,0,0,0,0,0,0,0,0,0,0,B:38,-,24,46.6%,0,0,0,0,0,0,0,0,0,0,0,0,0,0,0,0,0,0,special_floating_island,timed_infinite_shots,-,3,none
101,22,23,22,22,0,0,0,22,15,0,0,0,0,0,0,0,0,0,0,0,0,B:22,-,20,78.0%,0,0,0,0,0,0,0,0,0,0,0,0,0,0,0,0,0,0,normal,shot_limited,-,0,none
102,22,22,23,22,0,0,0,22,15,0,0,0,0,0,0,0,0,0,0,0,0,R:22,-,28,76.2%,0,0,0,0,0,0,0,0,0,0,0,0,0,0,0,0,0,0,normal,shot_limited,-,0,none
103,19,18,36,19,0,0,0,19,15,0,0,0,0,0,0,0,0,0,0,0,0,G:36,-,18,74.4%,0,0,0,0,0,0,0,0,0,0,0,0,0,0,0,0,0,0,normal,shot_limited,-,0,per_attempt_no_repeat
104,19,19,18,35,0,0,0,19,15,0,0,0,0,0,0,0,0,0,0,0,0,Y:35,-,18,72.6%,0,1,0,0,0,0,0,0,0,0,0,0,0,0,0,0,0,0,normal,shot_limited,-,0,none
105,22,23,22,22,0,0,0,22,15,0,0,0,0,0,0,0,0,0,0,0,0,B:22,-,18,70.8%,0,0,0,0,0,0,0,0,0,0,0,0,0,0,0,0,0,0,normal,shot_limited,-,0,none
106,22,22,22,23,22,0,0,0,15,0,0,0,0,0,0,0,0,0,0,0,0,B:22,-,20,69.0%,0,0,0,0,0,0,0,0,0,0,0,0,0,0,0,0,0,0,normal,shot_limited,-,0,none
107,22,22,22,22,23,0,0,0,15,0,0,0,0,0,0,0,0,0,0,0,0,R:22,-,18,67.2%,0,0,0,0,0,0,0,0,0,0,0,0,0,0,0,0,0,0,normal,shot_limited,-,0,none
108,23,22,22,22,22,0,0,0,15,0,0,0,0,0,0,0,0,0,0,0,0,G:22,-,18,65.4%,0,0,0,0,0,0,0,0,0,0,0,0,0,0,0,0,0,0,normal,shot_limited,-,0,none
109,22,23,22,22,22,0,0,0,15,0,0,0,0,0,0,0,0,0,0,0,0,Y:22,-,27,63.6%,0,0,0,0,0,0,0,0,0,0,0,0,0,0,0,0,0,0,normal,shot_limited,-,0,none
110,19,18,19,19,35,0,0,0,15,0,0,1,0,0,0,0,0,0,0,0,0,P:35,-,22,61.8%,0,0,0,0,0,0,0,0,0,0,0,0,0,0,0,0,0,0,special_floating_island,timed_infinite_shots,-,4,none
111,0,22,22,22,22,23,0,0,15,0,0,0,0,0,0,0,0,0,0,0,0,Y:22,-,23,78.0%,0,0,0,0,0,0,0,0,0,0,0,0,0,0,0,0,0,0,normal,shot_limited,-,0,none
112,0,19,19,19,35,18,0,0,15,0,0,0,0,1,0,0,0,0,0,0,0,P:35,-,20,76.2%,0,0,0,0,0,0,0,0,0,0,0,0,0,0,0,0,0,0,normal,shot_limited,-,0,none
113,0,22,22,23,22,22,0,0,15,0,0,0,0,0,0,0,0,0,0,0,0,R:22,-,18,74.4%,0,0,0,0,0,0,0,0,0,0,0,0,0,0,0,0,0,0,normal,shot_limited,-,0,none
114,0,22,22,22,23,22,0,0,15,0,0,0,0,0,0,0,0,0,0,0,0,G:22,-,18,72.6%,0,0,0,0,0,0,0,0,0,0,0,0,0,0,0,0,0,0,normal,shot_limited,-,0,none
115,0,22,22,22,22,23,0,0,15,0,0,0,0,0,0,0,0,0,0,0,0,Y:22,-,20,70.8%,0,0,0,0,0,0,0,0,0,0,0,0,0,0,0,0,0,0,normal,shot_limited,-,0,none
116,0,0,23,22,22,22,22,0,15,0,0,0,0,0,0,0,0,0,0,0,0,Y:22,-,35,69.0%,0,0,0,0,0,0,0,0,0,0,0,0,0,0,0,0,0,0,normal,shot_limited,-,0,none
117,0,0,22,23,22,22,22,0,15,0,0,0,0,0,0,0,0,0,0,0,0,P:22,-,19,67.2%,0,0,0,0,0,0,0,0,0,0,0,0,0,0,0,0,0,0,normal,shot_limited,-,0,none
118,0,0,22,22,22,23,22,0,15,0,0,0,0,0,0,0,0,0,0,0,0,G:22,-,21,65.4%,0,0,0,0,0,0,0,0,0,0,0,0,0,0,0,0,0,0,normal,shot_limited,-,0,none
119,0,0,22,22,22,22,23,0,15,0,0,0,0,0,0,0,0,0,0,0,0,Y:22,-,27,63.6%,0,0,0,0,0,0,0,0,0,0,0,0,0,0,0,0,0,0,normal,shot_limited,-,0,none
120,0,0,19,19,36,19,18,0,15,0,0,0,0,0,0,0,0,0,0,0,0,P:36,-,19,61.8%,0,0,0,0,0,0,0,0,0,0,0,0,0,0,0,0,0,0,special_floating_island,timed_infinite_shots,-,5,none
121,0,0,0,22,22,23,22,22,15,0,0,0,0,0,0,0,0,0,0,0,0,Y:22,-,18,78.0%,0,0,0,0,0,0,0,0,0,0,0,0,0,0,0,0,0,0,normal,shot_limited,-,0,none
122,0,0,0,22,22,22,23,22,15,0,0,0,0,0,0,0,0,0,0,0,0,P:22,-,34,76.2%,0,0,0,0,0,0,0,0,0,0,0,0,0,0,0,0,0,0,normal,shot_limited,-,0,none
123,0,0,0,22,22,22,22,23,15,0,0,0,0,0,0,0,0,0,0,0,0,Y:22,-,18,74.4%,0,0,0,0,0,0,0,0,0,0,0,0,0,0,0,0,0,0,normal,shot_limited,-,0,none
124,0,0,0,19,35,19,19,18,15,0,0,0,0,0,0,0,0,0,0,0,0,P:35,-,20,72.6%,0,0,1,0,0,0,0,0,0,0,0,0,0,0,0,0,0,0,normal,shot_limited,-,0,none
125,0,0,0,28,15,16,15,15,15,0,0,1,0,0,0,0,0,0,0,0,0,Y:28,-,33,70.8%,0,0,0,0,0,0,0,0,0,0,0,0,0,0,0,0,0,0,trapped_sprite_rescue,shot_limited,kelu,0,none
126,22,0,0,0,22,22,23,22,15,0,0,0,0,0,0,0,0,0,0,0,0,B:22,-,24,69.0%,0,0,0,0,0,0,0,0,0,0,0,0,0,0,0,0,0,0,normal,shot_limited,-,0,none
127,23,0,0,0,22,22,22,22,15,0,0,0,0,0,0,0,0,0,0,0,0,P:22,-,23,67.2%,0,0,0,0,0,0,0,0,0,0,0,0,0,0,0,0,0,0,normal,shot_limited,-,0,none
128,22,0,0,0,23,22,22,22,15,0,0,0,0,0,0,0,0,0,0,0,0,B:22,-,26,65.4%,0,0,0,0,0,0,0,0,0,0,0,0,0,0,0,0,0,0,normal,shot_limited,-,0,none
129,22,0,0,0,22,22,23,22,15,0,0,0,0,0,0,0,0,0,0,0,0,P:22,-,20,63.6%,0,0,0,0,0,0,0,0,0,0,0,0,0,0,0,0,0,0,normal,shot_limited,-,0,none
130,32,0,0,0,17,17,17,17,15,0,16,0,0,0,0,0,0,0,0,0,0,B:32,雪球:16,27,61.8%,0,0,0,0,0,0,0,0,0,0,0,0,0,0,0,0,0,0,special_floating_island,timed_infinite_shots,-,2,none
131,22,23,0,0,0,22,22,22,15,0,0,0,0,0,0,0,0,0,0,0,0,B:22,-,23,78.0%,0,0,0,0,0,0,0,0,0,0,0,0,0,0,0,0,0,0,normal,shot_limited,-,0,none
132,22,22,0,0,0,23,22,22,15,0,0,0,0,0,0,0,0,0,0,0,0,R:22,-,20,76.2%,0,0,0,0,0,0,0,0,0,0,0,0,0,0,0,0,0,0,normal,shot_limited,-,0,none
133,35,19,0,0,0,18,19,19,15,0,0,0,0,0,1,0,0,0,0,0,0,B:40,-,18,74.4%,0,0,0,0,0,0,0,0,0,0,0,0,0,0,0,0,0,0,normal,shot_limited,-,0,none
134,22,22,0,0,0,22,22,23,15,0,0,0,0,0,0,0,0,0,0,0,0,R:22,-,24,72.6%,0,0,0,0,0,0,0,0,0,0,0,0,0,0,0,0,0,0,normal,shot_limited,-,0,none
135,22,23,0,0,0,22,22,22,15,0,0,0,0,0,0,0,0,0,0,0,0,B:22,-,27,70.8%,0,0,0,0,0,0,0,0,0,0,0,0,0,0,0,0,0,0,normal,shot_limited,-,0,none
136,22,22,22,0,0,0,23,22,15,0,0,0,0,0,0,0,0,0,0,0,0,B:22,-,19,69.0%,0,0,0,0,0,0,0,0,0,0,0,0,0,0,0,0,0,0,normal,shot_limited,-,0,none
137,22,22,22,0,0,0,22,23,15,0,0,0,0,0,0,0,0,0,0,0,0,R:22,-,25,67.2%,0,0,0,0,0,0,0,0,0,0,0,0,0,0,0,0,0,0,normal,shot_limited,-,0,none
138,23,22,22,0,0,0,22,22,15,0,0,0,0,0,0,0,0,0,0,0,0,G:22,-,22,65.4%,0,0,0,0,0,0,0,0,0,0,0,0,0,0,0,0,0,0,normal,shot_limited,-,0,none
139,22,22,23,0,0,0,22,22,15,0,0,0,0,0,0,0,0,0,0,0,0,B:22,-,22,63.6%,0,0,0,0,0,0,0,0,0,0,0,0,0,0,0,0,0,0,normal,shot_limited,-,0,none
140,19,36,18,0,0,0,19,19,15,0,0,0,0,0,0,0,0,0,0,0,0,R:36,-,32,61.8%,0,0,0,0,0,0,0,0,0,0,0,0,0,0,0,0,0,0,special_floating_island,timed_infinite_shots,-,3,none
141,22,23,22,22,0,0,0,22,15,0,0,0,0,0,0,0,0,0,0,0,0,B:22,-,24,78.0%,0,0,0,0,0,0,0,0,0,0,0,0,0,0,0,0,0,0,normal,shot_limited,-,0,none
142,15,29,16,15,0,0,0,15,15,0,0,0,0,0,0,0,0,0,0,0,0,R:29,-,33,76.2%,0,0,0,0,0,0,0,0,0,0,0,0,0,0,0,0,0,0,trapped_sprite_rescue,shot_limited,yumi,0,none
143,19,18,35,19,0,0,0,19,15,1,0,1,0,0,0,0,0,0,0,0,0,G:35,-,28,74.4%,0,0,0,0,0,0,0,0,0,0,0,0,0,0,0,0,0,0,normal,shot_limited,-,0,none
144,19,19,18,35,0,0,0,19,15,0,0,1,1,0,0,0,0,0,0,0,0,Y:35,-,18,72.6%,0,0,0,0,0,0,0,0,0,0,0,0,0,0,0,0,0,0,normal,shot_limited,-,0,none
145,22,23,22,22,0,0,0,22,15,0,0,0,0,0,0,0,0,0,0,0,0,B:22,-,24,70.8%,0,0,0,0,0,0,0,0,0,0,0,0,0,0,0,0,0,0,normal,shot_limited,-,0,none
146,22,22,22,23,22,0,0,0,15,0,0,0,0,0,0,0,0,0,0,0,0,B:22,-,28,69.0%,0,0,0,0,0,0,0,0,0,0,0,0,0,0,0,0,0,0,normal,shot_limited,-,0,none
147,17,32,17,16,17,0,0,0,15,0,16,1,0,0,0,0,0,0,0,0,0,R:32,雪球:16,26,67.2%,0,0,0,0,0,0,0,0,0,0,0,0,0,0,0,0,0,0,normal,shot_limited,-,0,none
148,17,17,31,17,16,0,0,0,15,0,16,0,0,0,0,0,0,0,0,0,0,G:31,雪球:16,23,65.4%,0,0,1,0,0,0,0,0,0,0,0,0,0,0,0,0,0,0,normal,shot_limited,-,0,none
149,22,23,22,22,22,0,0,0,15,0,0,0,0,0,0,0,0,0,0,0,0,Y:22,-,38,63.6%,0,0,0,0,0,0,0,0,0,0,0,0,0,0,0,0,0,0,normal,shot_limited,-,0,none
150,19,18,19,19,35,0,0,0,15,1,0,0,0,0,0,0,0,0,0,0,0,P:35,-,20,61.8%,0,0,0,0,0,0,0,0,0,0,0,0,0,0,0,0,0,0,special_floating_island,timed_infinite_shots,-,4,none
151,0,22,22,22,22,23,0,0,15,0,0,0,0,0,0,0,0,0,0,0,0,Y:22,-,18,78.0%,0,0,0,0,0,0,0,0,0,0,0,0,0,0,0,0,0,0,normal,shot_limited,-,0,none
152,0,19,19,19,35,18,0,0,15,0,0,0,0,0,0,0,0,0,0,0,0,P:35,-,32,76.2%,1,1,0,0,0,0,0,0,0,0,0,0,0,0,0,0,0,0,normal,shot_limited,-,0,none
153,0,33,17,18,18,17,0,0,15,0,0,0,0,0,0,0,0,0,0,1,10,R:33,-,27,74.4%,0,0,0,0,0,0,0,0,0,0,0,0,0,0,0,0,0,0,normal,shot_limited,-,0,none
154,0,22,22,22,23,22,0,0,15,0,0,0,0,0,0,0,0,0,0,0,0,G:22,-,35,72.6%,0,0,0,0,0,0,0,0,0,0,0,0,0,0,0,0,0,0,normal,shot_limited,-,0,none
155,0,22,22,22,22,23,0,0,15,0,0,0,0,0,0,0,0,0,0,0,0,Y:22,-,25,70.8%,0,0,0,0,0,0,0,0,0,0,0,0,0,0,0,0,0,0,normal,shot_limited,-,0,none
156,0,0,23,22,22,22,22,0,15,0,0,0,0,0,0,0,0,0,0,0,0,P:22,-,32,69.0%,0,0,0,0,0,0,0,0,0,0,0,0,0,0,0,0,0,0,normal,shot_limited,-,0,none
157,0,0,22,22,23,22,22,0,15,0,0,0,0,0,0,0,0,0,0,0,0,G:22,-,32,67.2%,0,0,0,0,0,0,0,0,0,0,0,0,0,0,0,0,0,0,normal,shot_limited,-,0,none
158,0,0,22,22,22,23,22,0,15,0,0,0,0,0,0,0,0,0,0,0,0,Y:22,-,26,65.4%,0,0,0,0,0,0,0,0,0,0,0,0,0,0,0,0,0,0,normal,shot_limited,-,0,none
159,0,0,22,22,22,22,23,0,15,0,0,0,0,0,0,0,0,0,0,0,0,P:22,-,38,63.6%,0,0,0,0,0,0,0,0,0,0,0,0,0,0,0,0,0,0,normal,shot_limited,-,0,none
160,0,0,36,19,19,19,18,0,15,0,0,0,0,0,0,0,0,0,0,0,0,G:36,-,31,61.8%,0,0,0,0,0,0,0,0,0,0,0,0,0,0,0,0,0,0,special_floating_island,timed_infinite_shots,-,5,none
161,0,0,0,22,22,23,22,22,15,0,0,0,0,0,0,0,0,0,0,0,0,Y:22,-,24,78.0%,0,0,0,0,0,0,0,0,0,0,0,0,0,0,0,0,0,0,normal,shot_limited,-,0,none
162,0,0,0,22,22,22,23,22,15,0,0,0,0,0,0,0,0,0,0,0,0,P:22,-,35,76.2%,0,0,0,0,0,0,0,0,0,0,0,0,0,0,0,0,0,0,normal,shot_limited,-,0,none
163,0,0,0,29,15,15,15,16,15,0,0,0,0,0,0,0,0,0,0,0,0,Y:29,-,33,74.4%,0,0,0,0,0,0,0,0,0,0,0,0,0,0,0,0,0,0,trapped_sprite_rescue,shot_limited,milu,0,none
164,0,0,0,19,35,19,19,18,15,1,0,0,0,0,0,0,0,0,0,0,0,P:35,-,26,72.6%,0,0,0,0,0,0,0,0,0,0,0,0,0,0,0,0,0,0,normal,shot_limited,-,0,per_attempt_no_repeat
165,0,0,0,35,18,19,19,19,15,0,0,0,0,1,0,0,0,0,0,0,0,Y:35,-,36,70.8%,0,1,0,0,0,0,0,0,0,0,0,0,0,0,0,0,0,0,normal,shot_limited,-,0,none
166,22,0,0,0,22,22,23,22,15,0,0,0,0,0,0,0,0,0,0,0,0,B:22,-,22,69.0%,0,0,0,0,0,0,0,0,0,0,0,0,0,0,0,0,0,0,normal,shot_limited,-,0,none
167,23,0,0,0,22,22,22,22,15,0,0,0,0,0,0,0,0,0,0,0,0,P:22,-,36,67.2%,0,0,0,0,0,0,0,0,0,0,0,0,0,0,0,0,0,0,normal,shot_limited,-,0,none
168,22,0,0,0,23,22,22,22,15,0,0,0,0,0,0,0,0,0,0,0,0,B:22,-,29,65.4%,0,0,0,0,0,0,0,0,0,0,0,0,0,0,0,0,0,0,normal,shot_limited,-,0,none
169,22,0,0,0,22,22,23,22,15,0,0,0,0,0,0,0,0,0,0,0,0,P:22,-,29,63.6%,0,0,0,0,0,0,0,0,0,0,0,0,0,0,0,0,0,0,normal,shot_limited,-,0,none
170,35,0,0,0,19,18,19,19,15,0,0,0,1,0,0,0,0,0,0,0,0,B:35,-,38,61.8%,0,0,0,0,0,0,0,0,0,0,0,0,0,0,0,0,0,0,special_floating_island,timed_infinite_shots,-,2,none
171,22,23,0,0,0,22,22,22,15,0,0,0,0,0,0,0,0,0,0,0,0,B:22,-,35,78.0%,0,0,0,0,0,0,0,0,0,0,0,0,0,0,0,0,0,0,normal,shot_limited,-,0,none
172,18,35,0,0,0,19,19,19,15,0,0,1,0,1,0,0,0,0,0,0,0,R:35,-,35,76.2%,0,0,0,0,0,0,0,0,0,0,0,0,0,0,0,0,0,0,normal,shot_limited,-,0,none
173,22,22,0,0,0,22,23,22,15,0,0,0,0,0,0,0,0,0,0,0,0,B:22,-,35,74.4%,0,0,0,0,0,0,0,0,0,0,0,0,0,0,0,0,0,0,normal,shot_limited,-,0,none
174,22,22,0,0,0,22,22,23,15,0,0,0,0,0,0,0,0,0,0,0,0,R:22,-,35,72.6%,0,0,0,0,0,0,0,0,0,0,0,0,0,0,0,0,0,0,normal,shot_limited,-,0,none
175,22,23,0,0,0,22,22,22,15,0,0,0,0,0,0,0,0,0,0,0,0,B:22,-,28,70.8%,0,0,0,0,0,0,0,0,0,0,0,0,0,0,0,0,0,0,normal,shot_limited,-,0,none
176,22,22,22,0,0,0,23,22,15,0,0,0,0,0,0,0,0,0,0,0,0,R:22,-,21,69.0%,0,0,0,0,0,0,0,0,0,0,0,0,0,0,0,0,0,0,normal,shot_limited,-,0,none
177,22,22,22,0,0,0,22,23,15,0,0,0,0,0,0,0,0,0,0,0,0,G:22,-,32,67.2%,0,0,0,0,0,0,0,0,0,0,0,0,0,0,0,0,0,0,normal,shot_limited,-,0,none
178,22,23,22,0,0,0,22,22,15,0,0,0,0,0,0,0,0,0,0,0,0,B:22,-,19,65.4%,0,0,0,0,0,0,0,0,0,0,0,0,0,0,0,0,0,0,normal,shot_limited,-,0,none
179,22,22,23,0,0,0,22,22,15,0,0,0,0,0,0,0,0,0,0,0,0,R:22,-,20,63.6%,0,0,0,0,0,0,0,0,0,0,0,0,0,0,0,0,0,0,normal,shot_limited,-,0,none
180,19,18,36,0,0,0,19,19,15,0,0,0,0,0,0,0,0,0,0,0,0,G:36,-,25,61.8%,0,0,0,0,0,0,0,0,0,0,0,0,0,0,0,0,0,0,special_floating_island,timed_infinite_shots,-,3,none
181,22,23,22,22,0,0,0,22,15,0,0,0,0,0,0,0,0,0,0,0,0,B:22,-,24,78.0%,0,0,0,0,0,0,0,0,0,0,0,0,0,0,0,0,0,0,normal,shot_limited,-,0,none
182,22,22,23,22,0,0,0,22,15,0,0,0,0,0,0,0,0,0,0,0,0,R:22,-,19,76.2%,0,0,0,0,0,0,0,0,0,0,0,0,0,0,0,0,0,0,normal,shot_limited,-,0,none
183,22,22,22,23,0,0,0,22,15,0,0,0,0,0,0,0,0,0,0,0,0,G:22,-,25,74.4%,0,0,0,0,0,0,0,0,0,0,0,0,0,0,0,0,0,0,normal,shot_limited,-,0,none
184,19,18,18,35,0,0,0,19,15,0,0,1,0,0,0,0,0,0,0,0,0,Y:35,-,27,72.6%,0,0,1,0,0,0,0,0,0,0,0,0,0,0,0,0,0,0,normal,shot_limited,-,0,none
185,22,23,22,22,0,0,0,22,15,0,0,0,0,0,0,0,0,0,0,0,0,B:22,-,33,70.8%,0,0,0,0,0,0,0,0,0,0,0,0,0,0,0,0,0,0,normal,shot_limited,-,0,none
186,28,15,15,16,15,0,0,0,15,1,0,0,0,0,0,0,0,0,0,0,0,B:28,-,33,69.0%,0,0,0,0,0,0,0,0,0,0,0,0,0,0,0,0,0,0,trapped_sprite_rescue,shot_limited,lumi,0,none
187,22,22,22,22,23,0,0,0,15,0,0,0,0,0,0,0,0,0,0,0,0,R:22,-,34,67.2%,0,0,0,0,0,0,0,0,0,0,0,0,0,0,0,0,0,0,normal,shot_limited,-,0,none
188,23,22,22,22,22,0,0,0,15,0,0,0,0,0,0,0,0,0,0,0,0,G:22,-,28,65.4%,0,0,0,0,0,0,0,0,0,0,0,0,0,0,0,0,0,0,normal,shot_limited,-,0,none
189,22,23,22,22,22,0,0,0,15,0,0,0,0,0,0,0,0,0,0,0,0,Y:22,-,34,63.6%,0,0,0,0,0,0,0,0,0,0,0,0,0,0,0,0,0,0,normal,shot_limited,-,0,none
190,17,17,17,17,32,0,0,0,15,0,16,0,0,0,0,0,0,0,0,0,0,P:32,雪球:16,23,61.8%,0,0,0,0,0,0,0,0,0,0,0,0,0,0,0,0,0,0,special_floating_island,timed_infinite_shots,-,4,none
191,0,22,22,22,22,23,0,0,15,0,0,0,0,0,0,0,0,0,0,0,0,Y:22,-,20,78.0%,0,0,0,0,0,0,0,0,0,0,0,0,0,0,0,0,0,0,normal,shot_limited,-,0,none
192,0,23,22,22,22,22,0,0,15,0,0,0,0,0,0,0,0,0,0,0,0,P:22,-,32,76.2%,0,0,0,0,0,0,0,0,0,0,0,0,0,0,0,0,0,0,normal,shot_limited,-,0,none
193,0,35,18,19,19,19,0,0,15,0,0,1,0,0,0,1,0,0,0,0,0,R:40,-,24,74.4%,0,0,0,0,0,0,0,0,0,0,0,0,0,0,0,0,0,0,normal,shot_limited,-,0,none
194,0,22,22,22,23,22,0,0,15,0,0,0,0,0,0,0,0,0,0,0,0,G:22,-,36,72.6%,0,0,0,0,0,0,0,0,0,0,0,0,0,0,0,0,0,0,normal,shot_limited,-,0,none
195,0,22,22,22,22,23,0,0,15,0,0,0,0,0,0,0,0,0,0,0,0,Y:22,-,26,70.8%,0,0,0,0,0,0,0,0,0,0,0,0,0,0,0,0,0,0,normal,shot_limited,-,0,none
196,0,0,22,23,22,22,22,0,15,0,0,0,0,0,0,0,0,0,0,0,0,G:22,-,18,69.0%,0,0,0,0,0,0,0,0,0,0,0,0,0,0,0,0,0,0,normal,shot_limited,-,0,none
197,0,0,22,22,23,22,22,0,15,0,0,0,0,0,0,0,0,0,0,0,0,Y:22,-,21,67.2%,0,0,0,0,0,0,0,0,0,0,0,0,0,0,0,0,0,0,normal,shot_limited,-,0,none
198,0,0,22,22,22,23,22,0,15,0,0,0,0,0,0,0,0,0,0,0,0,P:22,-,33,65.4%,0,0,0,0,0,0,0,0,0,0,0,0,0,0,0,0,0,0,normal,shot_limited,-,0,none
199,0,0,29,15,15,15,16,0,15,0,0,0,0,0,0,0,0,0,0,0,0,G:29,-,35,63.6%,0,0,0,0,0,0,0,0,0,0,0,0,0,0,0,0,0,0,trapped_sprite_rescue,shot_limited,noya,0,none
200,0,0,19,36,19,19,18,0,15,0,0,0,0,0,0,0,0,0,0,0,0,Y:36,-,22,61.8%,0,0,0,0,0,0,0,0,0,0,0,0,0,0,0,0,0,0,special_floating_island,timed_infinite_shots,-,5,none
201,0,0,0,22,22,23,22,22,15,0,0,0,0,0,0,0,0,0,0,0,0,Y:22,-,20,74.0%,0,0,0,0,0,0,0,0,0,0,0,0,0,0,0,0,0,0,normal,shot_limited,-,0,none
202,0,0,0,22,22,22,23,22,15,0,0,0,0,0,0,0,0,0,0,0,0,P:22,-,35,72.2%,0,0,0,0,0,0,0,0,0,0,0,0,0,0,0,0,0,0,normal,shot_limited,-,0,none
203,0,0,0,35,19,19,18,19,15,1,0,0,0,0,0,0,0,0,0,0,0,Y:35,-,35,70.4%,0,0,0,0,0,0,0,0,0,0,0,0,0,0,0,0,0,0,normal,shot_limited,-,0,per_attempt_no_repeat
204,0,0,0,19,35,19,19,18,15,0,0,0,1,0,0,0,0,0,0,0,0,P:35,-,20,68.6%,0,0,0,0,0,0,0,0,0,0,0,0,0,0,0,0,0,0,normal,shot_limited,-,0,per_attempt_no_repeat
205,0,0,0,22,22,23,22,22,15,0,0,0,0,0,0,0,0,0,0,0,0,Y:22,-,23,66.8%,0,0,0,0,0,0,0,0,0,0,0,0,0,0,0,0,0,0,normal,shot_limited,-,0,none
206,22,0,0,0,22,22,23,22,15,0,0,0,0,0,0,0,0,0,0,0,0,B:22,-,18,65.0%,0,0,0,0,0,0,0,0,0,0,0,0,0,0,0,0,0,0,normal,shot_limited,-,0,none
207,19,0,0,0,35,19,19,18,15,0,0,1,0,0,0,0,0,0,0,0,0,P:35,-,19,63.2%,0,0,0,0,0,0,0,0,0,0,0,0,0,0,0,0,0,0,normal,shot_limited,-,0,per_attempt_no_repeat
208,32,0,0,0,17,17,17,17,15,0,16,0,0,0,0,0,0,0,0,0,0,B:32,雪球:16,24,61.4%,0,0,0,0,0,0,0,0,0,0,0,0,0,0,0,0,0,0,normal,shot_limited,-,0,per_attempt_no_repeat
209,22,0,0,0,22,22,23,22,15,0,0,0,0,0,0,0,0,0,0,0,0,P:22,-,20,59.6%,0,0,0,0,0,0,0,0,0,0,0,0,0,0,0,0,0,0,normal,shot_limited,-,0,none
210,35,0,0,0,19,18,19,19,15,1,0,0,0,0,0,0,0,0,0,0,0,B:35,-,20,57.8%,0,0,0,0,0,0,0,0,0,0,0,0,0,0,0,0,0,0,special_floating_island,timed_infinite_shots,-,2,none
211,22,23,0,0,0,22,22,22,15,0,0,0,0,0,0,0,0,0,0,0,0,B:22,-,28,74.0%,0,0,0,0,0,0,0,0,0,0,0,0,0,0,0,0,0,0,normal,shot_limited,-,0,none
212,18,35,0,0,0,19,19,19,15,0,0,0,0,0,0,0,0,0,0,0,0,R:35,-,25,72.2%,1,0,0,0,0,0,0,0,0,0,0,0,0,0,0,0,0,0,normal,shot_limited,-,0,per_attempt_no_repeat
213,33,17,0,0,0,17,18,18,15,1,0,0,0,0,0,0,0,0,0,1,10,B:33,-,20,70.4%,0,0,0,0,0,0,0,0,0,0,0,0,0,0,0,0,0,0,normal,shot_limited,-,0,none
214,22,22,0,0,0,22,22,23,15,0,0,0,0,0,0,0,0,0,0,0,0,R:22,-,20,68.6%,0,0,0,0,0,0,0,0,0,0,0,0,0,0,0,0,0,0,normal,shot_limited,-,0,none
215,22,23,0,0,0,22,22,22,15,0,0,0,0,0,0,0,0,0,0,0,0,B:22,-,26,66.8%,0,0,0,0,0,0,0,0,0,0,0,0,0,0,0,0,0,0,normal,shot_limited,-,0,none
216,22,22,22,0,0,0,23,22,15,0,0,0,0,0,0,0,0,0,0,0,0,G:22,-,18,65.0%,0,0,0,0,0,0,0,0,0,0,0,0,0,0,0,0,0,0,normal,shot_limited,-,0,none
217,22,22,22,0,0,0,22,23,15,0,0,0,0,0,0,0,0,0,0,0,0,B:22,-,26,63.2%,0,0,0,0,0,0,0,0,0,0,0,0,0,0,0,0,0,0,normal,shot_limited,-,0,none
218,23,22,22,0,0,0,22,22,15,0,0,0,0,0,0,0,0,0,0,0,0,R:22,-,28,61.4%,0,0,0,0,0,0,0,0,0,0,0,0,0,0,0,0,0,0,normal,shot_limited,-,0,none
219,22,23,22,0,0,0,22,22,15,0,0,0,0,0,0,0,0,0,0,0,0,G:22,-,35,59.6%,0,0,0,0,0,0,0,0,0,0,0,0,0,0,0,0,0,0,normal,shot_limited,-,0,none
220,36,19,18,0,0,0,19,19,15,0,0,0,0,0,0,0,0,0,0,0,0,B:36,-,28,57.8%,0,0,0,0,0,0,0,0,0,0,0,0,0,0,0,0,0,0,special_floating_island,timed_infinite_shots,-,3,none
221,22,23,22,22,0,0,0,22,15,0,0,0,0,0,0,0,0,0,0,0,0,B:22,-,35,74.0%,0,0,0,0,0,0,0,0,0,0,0,0,0,0,0,0,0,0,normal,shot_limited,-,0,none
222,22,22,23,22,0,0,0,22,15,0,0,0,0,0,0,0,0,0,0,0,0,R:22,-,26,72.2%,0,0,0,0,0,0,0,0,0,0,0,0,0,0,0,0,0,0,normal,shot_limited,-,0,none
223,19,18,36,19,0,0,0,19,15,0,0,0,0,0,0,0,0,0,0,0,0,G:36,-,18,70.4%,0,0,0,0,0,0,0,0,0,0,0,0,0,0,0,0,0,0,normal,shot_limited,-,0,per_attempt_no_repeat
224,19,19,18,35,0,0,0,19,15,0,0,0,0,0,0,0,0,0,0,0,0,Y:35,-,35,68.6%,0,1,0,0,0,0,0,0,0,0,0,0,0,0,0,0,0,0,normal,shot_limited,-,0,per_attempt_no_repeat
225,29,16,15,15,0,0,0,15,15,0,0,0,0,0,0,0,0,0,0,0,0,B:29,-,33,66.8%,0,0,0,0,0,0,0,0,0,0,0,0,0,0,0,0,0,0,trapped_sprite_rescue,shot_limited,flora,0,none
226,22,22,22,23,22,0,0,0,15,0,0,0,0,0,0,0,0,0,0,0,0,B:22,-,19,65.0%,0,0,0,0,0,0,0,0,0,0,0,0,0,0,0,0,0,0,normal,shot_limited,-,0,none
227,22,22,22,22,23,0,0,0,15,0,0,0,0,0,0,0,0,0,0,0,0,R:22,-,20,63.2%,0,0,0,0,0,0,0,0,0,0,0,0,0,0,0,0,0,0,normal,shot_limited,-,0,none
228,23,22,22,22,22,0,0,0,15,0,0,0,0,0,0,0,0,0,0,0,0,G:22,-,25,61.4%,0,0,0,0,0,0,0,0,0,0,0,0,0,0,0,0,0,0,normal,shot_limited,-,0,none
229,22,23,22,22,22,0,0,0,15,0,0,0,0,0,0,0,0,0,0,0,0,Y:22,-,24,59.6%,0,0,0,0,0,0,0,0,0,0,0,0,0,0,0,0,0,0,normal,shot_limited,-,0,none
230,19,18,19,19,35,0,0,0,15,0,0,1,0,0,0,0,0,0,0,0,0,P:35,-,37,57.8%,0,0,0,0,0,0,0,0,0,0,0,0,0,0,0,0,0,0,special_floating_island,timed_infinite_shots,-,4,none
231,0,22,22,22,22,23,0,0,15,0,0,0,0,0,0,0,0,0,0,0,0,Y:22,-,29,74.0%,0,0,0,0,0,0,0,0,0,0,0,0,0,0,0,0,0,0,normal,shot_limited,-,0,none
232,0,19,19,19,35,18,0,0,15,0,0,0,0,1,0,0,0,0,0,0,0,P:35,-,24,72.2%,0,0,0,0,0,0,0,0,0,0,0,0,0,0,0,0,0,0,normal,shot_limited,-,0,per_attempt_no_repeat
233,0,22,22,23,22,22,0,0,15,0,0,0,0,0,0,0,0,0,0,0,0,R:22,-,18,70.4%,0,0,0,0,0,0,0,0,0,0,0,0,0,0,0,0,0,0,normal,shot_limited,-,0,none
234,0,22,22,22,23,22,0,0,15,0,0,0,0,0,0,0,0,0,0,0,0,G:22,-,22,68.6%,0,0,0,0,0,0,0,0,0,0,0,0,0,0,0,0,0,0,normal,shot_limited,-,0,none
235,0,22,22,22,22,23,0,0,15,0,0,0,0,0,0,0,0,0,0,0,0,Y:22,-,28,66.8%,0,0,0,0,0,0,0,0,0,0,0,0,0,0,0,0,0,0,normal,shot_limited,-,0,none
236,0,0,23,22,22,22,22,0,15,0,0,0,0,0,0,0,0,0,0,0,0,Y:22,-,33,65.0%,0,0,0,0,0,0,0,0,0,0,0,0,0,0,0,0,0,0,normal,shot_limited,-,0,none
237,0,0,22,23,22,22,22,0,15,0,0,0,0,0,0,0,0,0,0,0,0,P:22,-,19,63.2%,0,0,0,0,0,0,0,0,0,0,0,0,0,0,0,0,0,0,normal,shot_limited,-,0,none
238,0,0,22,22,22,23,22,0,15,0,0,0,0,0,0,0,0,0,0,0,0,G:22,-,36,61.4%,0,0,0,0,0,0,0,0,0,0,0,0,0,0,0,0,0,0,normal,shot_limited,-,0,none
239,0,0,22,22,22,22,23,0,15,0,0,0,0,0,0,0,0,0,0,0,0,Y:22,-,28,59.6%,0,0,0,0,0,0,0,0,0,0,0,0,0,0,0,0,0,0,normal,shot_limited,-,0,none
240,0,0,19,19,36,19,18,0,15,0,0,0,0,0,0,0,0,0,0,0,0,P:36,-,21,57.8%,0,0,0,0,0,0,0,0,0,0,0,0,0,0,0,0,0,0,special_floating_island,timed_infinite_shots,-,5,none
241,0,0,0,22,22,23,22,22,15,0,0,0,0,0,0,0,0,0,0,0,0,Y:22,-,32,74.0%,0,0,0,0,0,0,0,0,0,0,0,0,0,0,0,0,0,0,normal,shot_limited,-,0,none
242,0,0,0,15,28,15,16,15,15,0,0,0,1,0,0,0,0,0,0,0,0,P:28,-,33,72.2%,0,0,0,0,0,0,0,0,0,0,0,0,0,0,0,0,0,0,trapped_sprite_rescue,shot_limited,loco,0,none
243,0,0,0,22,22,22,22,23,15,0,0,0,0,0,0,0,0,0,0,0,0,Y:22,-,18,70.4%,0,0,0,0,0,0,0,0,0,0,0,0,0,0,0,0,0,0,normal,shot_limited,-,0,none
244,0,0,0,19,35,19,19,18,15,0,0,0,0,0,0,0,0,0,0,0,0,P:35,-,24,68.6%,0,0,1,0,0,0,0,0,0,0,0,0,0,0,0,0,0,0,normal,shot_limited,-,0,per_attempt_no_repeat
245,0,0,0,22,22,23,22,22,15,0,0,0,0,0,0,0,0,0,0,0,0,Y:22,-,32,66.8%,0,0,0,0,0,0,0,0,0,0,0,0,0,0,0,0,0,0,normal,shot_limited,-,0,none
246,22,0,0,0,22,22,23,22,15,0,0,0,0,0,0,0,0,0,0,0,0,B:22,-,35,65.0%,0,0,0,0,0,0,0,0,0,0,0,0,0,0,0,0,0,0,normal,shot_limited,-,0,none
247,23,0,0,0,22,22,22,22,15,0,0,0,0,0,0,0,0,0,0,0,0,P:22,-,30,63.2%,0,0,0,0,0,0,0,0,0,0,0,0,0,0,0,0,0,0,normal,shot_limited,-,0,none
248,22,0,0,0,23,22,22,22,15,0,0,0,0,0,0,0,0,0,0,0,0,B:22,-,34,61.4%,0,0,0,0,0,0,0,0,0,0,0,0,0,0,0,0,0,0,normal,shot_limited,-,0,none
249,22,0,0,0,22,22,23,22,15,0,0,0,0,0,0,0,0,0,0,0,0,P:22,-,35,59.6%,0,0,0,0,0,0,0,0,0,0,0,0,0,0,0,0,0,0,normal,shot_limited,-,0,none
250,35,0,0,0,19,18,19,19,15,0,0,0,1,0,0,0,0,0,0,0,0,B:35,-,21,57.8%,0,0,0,0,0,0,0,0,0,0,0,0,0,0,0,0,0,0,special_floating_island,timed_infinite_shots,-,2,none
251,22,23,0,0,0,22,22,22,15,0,0,0,0,0,0,0,0,0,0,0,0,B:22,-,26,74.0%,0,0,0,0,0,0,0,0,0,0,0,0,0,0,0,0,0,0,normal,shot_limited,-,0,none
252,22,22,0,0,0,23,22,22,15,0,0,0,0,0,0,0,0,0,0,0,0,R:22,-,22,72.2%,0,0,0,0,0,0,0,0,0,0,0,0,0,0,0,0,0,0,normal,shot_limited,-,0,none
253,35,19,0,0,0,18,19,19,15,0,0,0,0,0,1,0,0,0,0,0,0,B:40,-,35,70.4%,0,0,0,0,0,0,0,0,0,0,0,0,0,0,0,0,0,0,normal,shot_limited,-,0,per_attempt_no_repeat
254,22,22,0,0,0,22,22,23,15,0,0,0,0,0,0,0,0,0,0,0,0,R:22,-,30,68.6%,0,0,0,0,0,0,0,0,0,0,0,0,0,0,0,0,0,0,normal,shot_limited,-,0,none
255,22,23,0,0,0,22,22,22,15,0,0,0,0,0,0,0,0,0,0,0,0,B:22,-,24,66.8%,0,0,0,0,0,0,0,0,0,0,0,0,0,0,0,0,0,0,normal,shot_limited,-,0,none
256,22,22,22,0,0,0,23,22,15,0,0,0,0,0,0,0,0,0,0,0,0,B:22,-,23,65.0%,0,0,0,0,0,0,0,0,0,0,0,0,0,0,0,0,0,0,normal,shot_limited,-,0,none
257,22,22,22,0,0,0,22,23,15,0,0,0,0,0,0,0,0,0,0,0,0,R:22,-,34,63.2%,0,0,0,0,0,0,0,0,0,0,0,0,0,0,0,0,0,0,normal,shot_limited,-,0,none
258,23,22,22,0,0,0,22,22,15,0,0,0,0,0,0,0,0,0,0,0,0,G:22,-,32,61.4%,0,0,0,0,0,0,0,0,0,0,0,0,0,0,0,0,0,0,normal,shot_limited,-,0,none
259,22,22,23,0,0,0,22,22,15,0,0,0,0,0,0,0,0,0,0,0,0,B:22,-,19,59.6%,0,0,0,0,0,0,0,0,0,0,0,0,0,0,0,0,0,0,normal,shot_limited,-,0,none
260,19,36,18,0,0,0,19,19,15,0,0,0,0,0,0,0,0,0,0,0,0,R:36,-,30,57.8%,0,0,0,0,0,0,0,0,0,0,0,0,0,0,0,0,0,0,special_floating_island,timed_infinite_shots,-,3,none
261,22,23,22,22,0,0,0,22,15,0,0,0,0,0,0,0,0,0,0,0,0,B:22,-,19,74.0%,0,0,0,0,0,0,0,0,0,0,0,0,0,0,0,0,0,0,normal,shot_limited,-,0,none
262,18,35,19,19,0,0,0,19,15,1,0,0,0,0,0,0,0,0,0,0,0,R:35,-,28,72.2%,0,0,0,0,0,0,0,0,0,0,0,0,0,0,0,0,0,0,normal,shot_limited,-,0,none
263,15,15,29,16,0,0,0,15,15,0,0,0,0,0,0,0,0,0,0,0,0,G:29,-,33,70.4%,0,0,0,0,0,0,0,0,0,0,0,0,0,0,0,0,0,0,trapped_sprite_rescue,shot_limited,kelu,0,none
264,19,19,18,35,0,0,0,19,15,0,0,0,1,0,0,0,0,0,0,0,0,Y:35,-,34,68.6%,0,0,0,0,0,0,0,0,0,0,0,0,0,0,0,0,0,0,normal,shot_limited,-,0,none
265,22,23,22,22,0,0,0,22,15,0,0,0,0,0,0,0,0,0,0,0,0,B:22,-,25,66.8%,0,0,0,0,0,0,0,0,0,0,0,0,0,0,0,0,0,0,normal,shot_limited,-,0,none
266,22,22,22,23,22,0,0,0,15,0,0,0,0,0,0,0,0,0,0,0,0,B:22,-,19,65.0%,0,0,0,0,0,0,0,0,0,0,0,0,0,0,0,0,0,0,normal,shot_limited,-,0,none
267,19,35,19,18,19,0,0,0,15,0,0,1,0,0,0,0,0,0,0,0,0,R:35,-,35,63.2%,0,0,0,0,0,0,0,0,0,0,0,0,0,0,0,0,0,0,normal,shot_limited,-,0,none
268,17,17,32,17,17,0,0,0,15,0,16,0,0,0,0,0,0,0,0,0,0,G:32,雪球:16,34,61.4%,0,0,0,0,0,0,0,0,0,0,0,0,0,0,0,0,0,0,normal,shot_limited,-,0,none
269,22,23,22,22,22,0,0,0,15,0,0,0,0,0,0,0,0,0,0,0,0,Y:22,-,23,59.6%,0,0,0,0,0,0,0,0,0,0,0,0,0,0,0,0,0,0,normal,shot_limited,-,0,none
270,17,17,17,17,32,0,0,0,15,0,16,0,0,0,0,0,0,0,0,0,0,P:32,雪球:16,37,57.8%,0,0,0,0,0,0,0,0,0,0,0,0,0,0,0,0,0,0,special_floating_island,timed_infinite_shots,-,4,none
271,0,22,22,22,22,23,0,0,15,0,0,0,0,0,0,0,0,0,0,0,0,Y:22,-,18,74.0%,0,0,0,0,0,0,0,0,0,0,0,0,0,0,0,0,0,0,normal,shot_limited,-,0,none
272,0,19,19,19,35,18,0,0,15,0,0,0,0,0,0,0,0,0,0,0,0,P:35,-,30,72.2%,1,0,0,0,0,0,0,0,0,0,0,0,0,0,0,0,0,0,normal,shot_limited,-,0,none
273,0,33,17,18,18,17,0,0,15,0,0,0,0,0,0,0,0,0,0,1,10,R:33,-,35,70.4%,0,0,0,0,0,0,0,0,0,0,0,0,0,0,0,0,0,0,normal,shot_limited,-,0,per_attempt_no_repeat
274,0,22,22,22,23,22,0,0,15,0,0,0,0,0,0,0,0,0,0,0,0,G:22,-,23,68.6%,0,0,0,0,0,0,0,0,0,0,0,0,0,0,0,0,0,0,normal,shot_limited,-,0,none
275,0,22,22,22,22,23,0,0,15,0,0,0,0,0,0,0,0,0,0,0,0,Y:22,-,35,66.8%,0,0,0,0,0,0,0,0,0,0,0,0,0,0,0,0,0,0,normal,shot_limited,-,0,none
276,0,0,23,22,22,22,22,0,15,0,0,0,0,0,0,0,0,0,0,0,0,P:22,-,35,65.0%,0,0,0,0,0,0,0,0,0,0,0,0,0,0,0,0,0,0,normal,shot_limited,-,0,none
277,0,0,22,22,23,22,22,0,15,0,0,0,0,0,0,0,0,0,0,0,0,G:22,-,20,63.2%,0,0,0,0,0,0,0,0,0,0,0,0,0,0,0,0,0,0,normal,shot_limited,-,0,none
278,0,0,22,22,22,23,22,0,15,0,0,0,0,0,0,0,0,0,0,0,0,Y:22,-,25,61.4%,0,0,0,0,0,0,0,0,0,0,0,0,0,0,0,0,0,0,normal,shot_limited,-,0,none
279,0,0,22,22,22,22,23,0,15,0,0,0,0,0,0,0,0,0,0,0,0,P:22,-,23,59.6%,0,0,0,0,0,0,0,0,0,0,0,0,0,0,0,0,0,0,normal,shot_limited,-,0,none
280,0,0,36,19,19,19,18,0,15,0,0,0,0,0,0,0,0,0,0,0,0,G:36,-,35,57.8%,0,0,0,0,0,0,0,0,0,0,0,0,0,0,0,0,0,0,special_floating_island,timed_infinite_shots,-,5,none
281,0,0,0,22,22,23,22,22,15,0,0,0,0,0,0,0,0,0,0,0,0,Y:22,-,23,74.0%,0,0,0,0,0,0,0,0,0,0,0,0,0,0,0,0,0,0,normal,shot_limited,-,0,none
282,0,0,0,22,22,22,23,22,15,0,0,0,0,0,0,0,0,0,0,0,0,P:22,-,20,72.2%,0,0,0,0,0,0,0,0,0,0,0,0,0,0,0,0,0,0,normal,shot_limited,-,0,none
283,0,0,0,35,19,19,18,19,15,0,0,0,1,0,0,0,0,0,0,0,0,Y:35,-,29,70.4%,0,0,0,0,0,0,0,0,0,0,0,0,0,0,0,0,0,0,normal,shot_limited,-,0,per_attempt_no_repeat
284,0,0,0,19,35,19,19,18,15,0,0,0,0,0,0,0,0,0,0,0,0,P:35,-,26,68.6%,0,1,0,0,0,0,0,0,0,0,0,0,0,0,0,0,0,0,normal,shot_limited,-,0,none
285,0,0,0,22,22,23,22,22,15,0,0,0,0,0,0,0,0,0,0,0,0,Y:22,-,35,66.8%,0,0,0,0,0,0,0,0,0,0,0,0,0,0,0,0,0,0,normal,shot_limited,-,0,none
286,29,0,0,0,15,15,16,15,15,0,0,0,0,0,0,0,0,0,0,0,0,B:29,-,33,65.0%,0,0,0,0,0,0,0,0,0,0,0,0,0,0,0,0,0,0,trapped_sprite_rescue,shot_limited,yumi,0,none
287,23,0,0,0,22,22,22,22,15,0,0,0,0,0,0,0,0,0,0,0,0,P:22,-,31,63.2%,0,0,0,0,0,0,0,0,0,0,0,0,0,0,0,0,0,0,normal,shot_limited,-,0,none
288,22,0,0,0,23,22,22,22,15,0,0,0,0,0,0,0,0,0,0,0,0,B:22,-,21,61.4%,0,0,0,0,0,0,0,0,0,0,0,0,0,0,0,0,0,0,normal,shot_limited,-,0,none
289,22,0,0,0,22,22,23,22,15,0,0,0,0,0,0,0,0,0,0,0,0,P:22,-,23,59.6%,0,0,0,0,0,0,0,0,0,0,0,0,0,0,0,0,0,0,normal,shot_limited,-,0,none
290,35,0,0,0,19,18,19,19,15,0,0,1,0,0,0,0,0,0,0,0,0,B:35,-,30,57.8%,0,0,0,0,0,0,0,0,0,0,0,0,0,0,0,0,0,0,special_floating_island,timed_infinite_shots,-,2,none
291,22,23,0,0,0,22,22,22,15,0,0,0,0,0,0,0,0,0,0,0,0,B:22,-,22,74.0%,0,0,0,0,0,0,0,0,0,0,0,0,0,0,0,0,0,0,normal,shot_limited,-,0,none
292,18,35,0,0,0,19,19,19,15,0,0,0,0,1,0,0,0,0,0,0,0,R:35,-,22,72.2%,0,0,0,0,0,0,0,0,0,0,0,0,0,0,0,0,0,0,normal,shot_limited,-,0,none
293,22,22,0,0,0,22,23,22,15,0,0,0,0,0,0,0,0,0,0,0,0,B:22,-,18,70.4%,0,0,0,0,0,0,0,0,0,0,0,0,0,0,0,0,0,0,normal,shot_limited,-,0,none
294,22,22,0,0,0,22,22,23,15,0,0,0,0,0,0,0,0,0,0,0,0,R:22,-,25,68.6%,0,0,0,0,0,0,0,0,0,0,0,0,0,0,0,0,0,0,normal,shot_limited,-,0,none
295,22,23,0,0,0,22,22,22,15,0,0,0,0,0,0,0,0,0,0,0,0,B:22,-,35,66.8%,0,0,0,0,0,0,0,0,0,0,0,0,0,0,0,0,0,0,normal,shot_limited,-,0,none
296,22,22,22,0,0,0,23,22,15,0,0,0,0,0,0,0,0,0,0,0,0,R:22,-,20,65.0%,0,0,0,0,0,0,0,0,0,0,0,0,0,0,0,0,0,0,normal,shot_limited,-,0,none
297,22,22,22,0,0,0,22,23,15,0,0,0,0,0,0,0,0,0,0,0,0,G:22,-,33,63.2%,0,0,0,0,0,0,0,0,0,0,0,0,0,0,0,0,0,0,normal,shot_limited,-,0,none
298,22,23,22,0,0,0,22,22,15,0,0,0,0,0,0,0,0,0,0,0,0,B:22,-,23,61.4%,0,0,0,0,0,0,0,0,0,0,0,0,0,0,0,0,0,0,normal,shot_limited,-,0,none
299,15,28,16,0,0,0,15,15,15,0,0,1,0,0,0,0,0,0,0,0,0,R:28,-,35,59.6%,0,0,0,0,0,0,0,0,0,0,0,0,0,0,0,0,0,0,trapped_sprite_rescue,shot_limited,milu,0,none
300,19,18,36,0,0,0,19,19,15,0,0,0,0,0,0,0,0,0,0,0,0,G:36,-,38,57.8%,0,0,0,0,0,0,0,0,0,0,0,0,0,0,0,0,0,0,special_floating_island,timed_infinite_shots,-,3,none
301,36,20,20,19,0,0,0,19,15,0,0,0,0,0,0,0,0,0,0,0,0,B:36,-,39,70.0%,0,0,0,1,0,0,0,0,0,0,0,0,0,0,0,0,0,0,normal,shot_limited,-,0,none
302,22,23,23,23,0,0,0,23,15,0,0,0,0,0,0,0,0,0,0,0,0,R:23,-,39,68.2%,0,0,0,0,0,0,0,0,0,0,0,0,0,0,0,0,0,0,normal,shot_limited,-,0,none
303,23,22,23,23,0,0,0,23,15,0,0,0,0,0,0,0,0,0,0,0,0,G:23,-,39,66.4%,0,0,0,0,0,0,0,0,0,0,0,0,0,0,0,0,0,0,normal,shot_limited,-,0,none
304,19,19,19,36,0,0,0,20,15,0,0,0,0,0,0,0,0,0,0,0,0,Y:36,-,39,64.6%,0,0,1,0,0,0,0,0,0,0,0,0,0,0,0,0,0,0,normal,shot_limited,-,0,none
305,23,23,23,23,0,0,0,22,15,0,0,0,0,0,0,0,0,0,0,0,0,B:23,-,39,62.8%,0,0,0,0,0,0,0,0,0,0,0,0,0,0,0,0,0,0,normal,shot_limited,-,0,none
306,36,19,19,20,20,0,0,0,15,0,0,0,0,0,0,0,0,0,0,0,0,B:36,-,39,61.0%,0,0,0,1,0,0,0,0,0,0,0,0,0,0,0,0,0,0,normal,shot_limited,-,0,none
307,23,23,23,22,23,0,0,0,15,0,0,0,0,0,0,0,0,0,0,0,0,R:23,-,40,59.2%,0,0,0,0,0,0,0,0,0,0,0,0,0,0,0,0,0,0,normal,shot_limited,-,0,none
308,23,23,23,23,22,0,0,0,15,0,0,0,0,0,0,0,0,0,0,0,0,G:23,-,40,57.4%,0,0,0,0,0,0,0,0,0,0,0,0,0,0,0,0,0,0,normal,shot_limited,-,0,none
309,22,23,23,23,23,0,0,0,15,0,0,0,0,0,0,0,0,0,0,0,0,Y:23,-,41,55.6%,0,0,0,0,0,0,0,0,0,0,0,0,0,0,0,0,0,0,normal,shot_limited,-,0,none
310,19,19,20,20,36,0,0,0,15,1,0,0,0,0,0,0,0,0,0,0,0,P:36,-,41,53.8%,0,0,0,0,0,0,0,0,0,0,0,0,0,0,0,0,0,0,special_floating_island,timed_infinite_shots,-,4,none
311,0,20,19,36,19,20,0,0,15,0,0,0,0,0,0,0,0,0,0,0,0,Y:36,-,39,70.0%,0,0,0,0,0,0,0,0,0,0,0,3,0,0,0,0,0,0,normal,shot_limited,-,0,none
312,0,20,20,19,36,19,0,0,15,0,0,0,0,0,0,0,0,0,1,0,0,P:41,-,39,68.2%,0,0,0,0,0,0,0,0,0,0,0,0,0,0,0,0,0,0,normal,shot_limited,-,0,none
313,0,36,19,20,19,19,0,0,15,0,0,0,0,1,0,0,0,0,0,0,0,R:36,-,40,66.4%,0,0,0,1,0,0,0,0,0,0,0,0,0,0,0,0,0,0,normal,shot_limited,-,0,none
314,0,23,23,22,23,23,0,0,15,0,0,0,0,0,0,0,0,0,0,0,0,G:23,-,39,64.6%,0,0,0,0,0,0,0,0,0,0,0,0,0,0,0,0,0,0,normal,shot_limited,-,0,none
315,0,23,23,23,22,23,0,0,15,0,0,0,0,0,0,0,0,0,0,0,0,Y:23,-,39,62.8%,0,0,0,0,0,0,0,0,0,0,0,0,0,0,0,0,0,0,normal,shot_limited,-,0,none
316,0,0,36,20,20,19,19,0,15,0,0,0,0,0,0,0,0,0,0,0,0,G:36,-,39,61.0%,0,0,0,0,0,0,0,0,0,0,0,3,0,0,0,0,0,0,normal,shot_limited,-,0,none
317,0,0,22,23,23,23,23,0,15,0,0,0,0,0,0,0,0,0,0,0,0,Y:23,-,40,59.2%,0,0,0,0,0,0,0,0,0,0,0,0,0,0,0,0,0,0,normal,shot_limited,-,0,none
318,0,0,23,22,23,23,23,0,15,0,0,0,0,0,0,0,0,0,0,0,0,P:23,-,40,57.4%,0,0,0,0,0,0,0,0,0,0,0,0,0,0,0,0,0,0,normal,shot_limited,-,0,none
319,0,0,23,23,23,22,23,0,15,0,0,0,0,0,0,0,0,0,0,0,0,G:23,-,41,55.6%,0,0,0,0,0,0,0,0,0,0,0,0,0,0,0,0,0,0,normal,shot_limited,-,0,none
320,0,0,20,36,20,19,19,0,15,0,0,0,0,0,0,0,0,0,0,0,0,Y:36,-,41,53.8%,0,0,0,0,0,0,0,0,0,0,0,0,0,0,0,0,0,0,special_floating_island,timed_infinite_shots,-,5,none
321,0,0,0,36,19,20,20,19,15,0,0,0,0,0,0,0,0,0,0,0,0,Y:36,-,39,70.0%,0,0,0,0,0,0,0,1,0,0,0,0,0,0,0,0,0,0,normal,shot_limited,-,0,none
322,0,0,0,19,36,19,19,19,15,1,0,0,0,0,0,0,0,0,0,0,0,P:36,-,39,68.2%,0,0,1,0,0,0,0,0,0,0,0,0,0,0,0,0,0,0,normal,shot_limited,-,0,none
323,0,0,0,36,20,19,19,20,15,0,0,0,0,1,0,0,0,0,0,0,0,Y:36,-,39,66.4%,0,0,0,0,0,0,0,0,0,0,0,3,0,0,0,0,0,0,normal,shot_limited,-,0,none
324,0,0,0,17,32,17,17,17,15,0,19,0,1,0,0,0,0,0,0,0,0,P:32,雪球:19,41,64.6%,0,0,0,0,0,0,0,0,0,0,0,0,0,0,0,0,0,0,normal,shot_limited,-,0,none
325,0,0,0,29,15,16,15,15,15,0,0,0,0,0,0,0,0,0,0,0,0,Y:29,-,33,62.8%,0,0,0,0,0,0,0,0,0,0,0,0,0,0,0,0,0,0,trapped_sprite_rescue,shot_limited,lumi,0,none
326,36,0,0,0,19,19,20,20,15,0,0,0,0,0,0,0,0,0,0,0,0,B:36,-,39,61.0%,0,0,0,0,0,0,0,1,0,0,0,0,0,0,0,0,0,0,normal,shot_limited,-,0,none
327,20,0,0,0,36,19,19,19,15,0,0,1,1,0,0,0,0,0,0,0,0,P:36,-,41,59.2%,0,0,0,0,0,0,0,0,0,0,0,0,0,0,0,0,0,0,normal,shot_limited,-,0,none
328,32,0,0,0,17,17,17,17,15,1,19,0,0,0,0,0,0,0,0,0,0,B:32,雪球:19,42,57.4%,0,0,0,0,0,0,0,0,0,0,0,0,0,0,0,0,0,0,normal,shot_limited,-,0,none
329,23,0,0,0,23,22,23,23,15,0,0,0,0,0,0,0,0,0,0,0,0,P:23,-,41,55.6%,0,0,0,0,0,0,0,0,0,0,0,0,0,0,0,0,0,0,normal,shot_limited,-,0,none
330,36,0,0,0,19,19,20,20,15,0,0,0,1,0,0,0,0,0,0,0,0,B:36,-,41,53.8%,0,0,0,0,0,0,0,0,0,0,0,0,0,0,0,0,0,0,special_floating_island,timed_infinite_shots,-,2,none
331,36,20,0,0,0,20,19,19,15,0,0,0,0,0,0,0,0,0,0,0,0,B:36,-,39,70.0%,0,0,0,0,0,0,0,0,0,0,0,0,3,0,0,0,0,0,normal,shot_limited,-,0,none
332,19,36,0,0,0,20,19,19,15,1,0,0,0,0,0,0,0,0,0,0,0,R:36,-,39,68.2%,1,0,0,0,0,0,0,0,0,0,0,0,0,0,0,0,0,0,normal,shot_limited,-,0,none
333,36,19,0,0,0,19,20,19,15,0,0,0,0,1,0,0,0,0,0,0,0,B:36,-,40,66.4%,0,0,0,0,0,0,0,1,0,0,0,0,0,0,0,0,0,0,normal,shot_limited,-,0,none
334,18,34,0,0,0,18,18,18,15,0,0,0,0,0,0,0,0,0,0,1,10,R:34,-,45,64.6%,0,0,0,0,0,0,0,0,0,0,0,0,0,0,0,0,0,0,normal,shot_limited,-,0,none
335,23,23,0,0,0,23,23,22,15,0,0,0,0,0,0,0,0,0,0,0,0,B:23,-,39,62.8%,0,0,0,0,0,0,0,0,0,0,0,0,0,0,0,0,0,0,normal,shot_limited,-,0,none
336,19,19,36,0,0,0,20,20,15,0,0,0,0,0,0,0,0,0,0,0,0,G:36,-,39,61.0%,0,0,0,0,0,0,0,0,0,0,0,0,3,0,0,0,0,0,normal,shot_limited,-,0,none
337,23,23,23,0,0,0,22,23,15,0,0,0,0,0,0,0,0,0,0,0,0,B:23,-,40,59.2%,0,0,0,0,0,0,0,0,0,0,0,0,0,0,0,0,0,0,normal,shot_limited,-,0,none
338,23,23,23,0,0,0,23,22,15,0,0,0,0,0,0,0,0,0,0,0,0,R:23,-,40,57.4%,0,0,0,0,0,0,0,0,0,0,0,0,0,0,0,0,0,0,normal,shot_limited,-,0,none
339,22,23,23,0,0,0,23,23,15,0,0,0,0,0,0,0,0,0,0,0,0,G:23,-,41,55.6%,0,0,0,0,0,0,0,0,0,0,0,0,0,0,0,0,0,0,normal,shot_limited,-,0,none
340,36,19,19,0,0,0,20,20,15,0,0,0,0,0,0,0,0,0,0,0,0,B:36,-,41,53.8%,0,0,0,0,0,0,0,0,0,0,0,0,0,0,0,0,0,0,special_floating_island,timed_infinite_shots,-,3,none
341,36,20,20,19,0,0,0,19,15,0,0,0,0,0,0,0,0,0,0,0,0,B:36,-,39,70.0%,0,0,0,0,0,0,0,0,1,0,0,0,0,0,0,0,0,0,normal,shot_limited,-,0,none
342,15,29,16,15,0,0,0,15,15,0,0,0,0,0,0,0,0,0,0,0,0,R:29,-,33,68.2%,0,0,0,0,0,0,0,0,0,0,0,0,0,0,0,0,0,0,trapped_sprite_rescue,shot_limited,noya,0,none
343,19,19,36,20,0,0,0,20,15,0,0,0,0,1,0,0,0,0,0,0,0,G:36,-,39,66.4%,0,0,0,0,0,0,0,0,0,0,0,0,3,0,0,0,0,0,normal,shot_limited,-,0,none
344,20,19,19,36,0,0,0,20,15,0,0,0,0,0,0,0,0,0,0,0,0,Y:36,-,39,64.6%,0,0,0,1,0,0,0,0,0,0,0,0,0,0,0,0,0,0,normal,shot_limited,-,0,none
345,36,20,19,19,0,0,0,19,15,0,0,0,0,0,1,0,0,0,0,0,0,B:41,-,39,62.8%,0,1,0,0,0,0,0,0,0,0,0,0,0,0,0,0,0,0,normal,shot_limited,-,0,none
346,36,19,19,20,20,0,0,0,15,0,0,0,0,0,0,0,0,0,0,0,0,B:36,-,39,61.0%,0,0,0,0,0,0,0,0,1,0,0,0,0,0,0,0,0,0,normal,shot_limited,-,0,none
347,23,23,23,22,23,0,0,0,15,0,0,0,0,0,0,0,0,0,0,0,0,R:23,-,40,59.2%,0,0,0,0,0,0,0,0,0,0,0,0,0,0,0,0,0,0,normal,shot_limited,-,0,none
348,23,23,23,23,22,0,0,0,15,0,0,0,0,0,0,0,0,0,0,0,0,G:23,-,40,57.4%,0,0,0,0,0,0,0,0,0,0,0,0,0,0,0,0,0,0,normal,shot_limited,-,0,none
349,22,23,23,23,23,0,0,0,15,0,0,0,0,0,0,0,0,0,0,0,0,Y:23,-,41,55.6%,0,0,0,0,0,0,0,0,0,0,0,0,0,0,0,0,0,0,normal,shot_limited,-,0,none
350,19,19,20,20,36,0,0,0,15,0,0,1,0,0,0,0,0,0,0,0,0,P:36,-,41,53.8%,0,0,0,0,0,0,0,0,0,0,0,0,0,0,0,0,0,0,special_floating_island,timed_infinite_shots,-,4,none
351,0,20,19,36,19,20,0,0,15,0,0,0,0,0,0,0,0,0,0,0,0,Y:36,-,39,70.0%,0,0,0,0,0,1,0,0,0,0,0,0,0,0,0,0,0,0,normal,shot_limited,-,0,none
352,0,20,20,19,36,19,0,0,15,0,0,0,0,0,0,0,0,0,0,0,0,P:36,-,39,68.2%,0,0,0,0,0,0,0,0,0,0,0,3,0,0,0,0,0,0,normal,shot_limited,-,0,none
353,0,36,19,20,19,19,0,0,15,1,0,0,0,0,0,0,0,0,0,0,0,R:36,-,40,66.4%,0,0,0,0,0,0,0,0,1,0,0,0,0,0,0,0,0,0,normal,shot_limited,-,0,none
354,0,19,36,19,20,19,0,0,15,0,0,0,0,1,0,0,0,0,0,0,0,G:36,-,39,64.6%,1,0,0,0,0,0,0,0,0,0,0,0,0,0,0,0,0,0,normal,shot_limited,-,0,none
355,0,23,23,23,22,23,0,0,15,0,0,0,0,0,0,0,0,0,0,0,0,Y:23,-,39,62.8%,0,0,0,0,0,0,0,0,0,0,0,0,0,0,0,0,0,0,normal,shot_limited,-,0,none
356,0,0,20,36,20,19,19,0,15,0,0,0,0,0,0,0,0,0,0,0,0,Y:36,-,39,61.0%,0,0,0,0,0,1,0,0,0,0,0,0,0,0,0,0,0,0,normal,shot_limited,-,0,none
357,0,0,22,23,23,23,23,0,15,0,0,0,0,0,0,0,0,0,0,0,0,P:23,-,40,59.2%,0,0,0,0,0,0,0,0,0,0,0,0,0,0,0,0,0,0,normal,shot_limited,-,0,none
358,0,0,23,23,22,23,23,0,15,0,0,0,0,0,0,0,0,0,0,0,0,G:23,-,40,57.4%,0,0,0,0,0,0,0,0,0,0,0,0,0,0,0,0,0,0,normal,shot_limited,-,0,none
359,0,0,23,23,23,22,23,0,15,0,0,0,0,0,0,0,0,0,0,0,0,Y:23,-,41,55.6%,0,0,0,0,0,0,0,0,0,0,0,0,0,0,0,0,0,0,normal,shot_limited,-,0,none
360,0,0,20,20,36,19,19,0,15,0,0,0,0,0,0,0,0,0,0,0,0,P:36,-,41,53.8%,0,0,0,0,0,0,0,0,0,0,0,0,0,0,0,0,0,0,special_floating_island,timed_infinite_shots,-,5,none
361,0,0,0,36,19,20,20,19,15,0,0,0,0,0,0,0,0,0,0,0,0,Y:36,-,39,70.0%,0,0,0,0,0,0,0,0,0,0,0,0,0,3,0,0,0,0,normal,shot_limited,-,0,none
362,0,0,0,19,36,19,20,19,15,0,0,0,0,0,0,0,0,0,0,0,0,P:36,-,39,68.2%,1,0,0,0,0,1,0,0,0,0,0,0,0,0,0,0,0,0,normal,shot_limited,-,0,none
363,0,0,0,28,15,15,15,16,15,0,0,0,1,0,0,0,0,0,0,0,0,Y:28,-,33,66.4%,0,0,0,0,0,0,0,0,0,0,0,0,0,0,0,0,0,0,trapped_sprite_rescue,shot_limited,flora,0,none
364,0,0,0,20,36,20,19,19,15,0,0,0,0,0,0,0,0,0,0,0,0,P:36,-,39,64.6%,0,0,0,0,0,0,0,1,0,0,0,0,0,0,0,0,0,0,normal,shot_limited,-,0,none
365,0,0,0,32,16,17,17,17,15,0,19,0,0,0,0,0,0,0,0,0,0,Y:32,雪球:19,40,62.8%,0,0,1,0,0,0,0,0,0,0,0,0,0,0,0,0,0,0,normal,shot_limited,-,0,none
366,36,0,0,0,19,19,20,20,15,0,0,0,0,0,0,0,0,0,0,0,0,B:36,-,39,61.0%,0,0,0,0,0,0,0,0,0,0,0,0,0,3,0,0,0,0,normal,shot_limited,-,0,none
367,23,0,0,0,23,23,23,22,15,0,0,0,0,0,0,0,0,0,0,0,0,P:23,-,40,59.2%,0,0,0,0,0,0,0,0,0,0,0,0,0,0,0,0,0,0,normal,shot_limited,-,0,none
368,23,0,0,0,23,23,23,22,15,0,0,0,0,0,0,0,0,0,0,0,0,B:23,-,40,57.4%,0,0,0,0,0,0,0,0,0,0,0,0,0,0,0,0,0,0,normal,shot_limited,-,0,none
369,19,0,0,0,36,19,20,19,15,1,0,0,0,0,0,0,0,0,1,0,0,P:41,-,42,55.6%,0,0,0,0,0,0,0,0,0,0,0,0,0,0,0,0,0,0,normal,shot_limited,-,0,none
370,36,0,0,0,19,19,20,20,15,1,0,0,0,0,0,0,0,0,0,0,0,B:36,-,41,53.8%,0,0,0,0,0,0,0,0,0,0,0,0,0,0,0,0,0,0,special_floating_island,timed_infinite_shots,-,2,none
371,36,20,0,0,0,20,19,19,15,0,0,0,0,0,0,0,0,0,0,0,0,B:36,-,39,70.0%,0,0,0,0,1,0,0,0,0,0,0,0,0,0,0,0,0,0,normal,shot_limited,-,0,none
372,19,36,0,0,0,20,20,19,15,0,0,0,0,0,0,0,0,0,0,0,0,R:36,-,39,68.2%,0,0,0,0,0,0,0,0,0,0,0,0,3,0,0,0,0,0,normal,shot_limited,-,0,none
373,36,19,0,0,0,19,20,20,15,1,0,0,0,0,0,0,0,0,0,0,0,B:36,-,39,66.4%,0,0,0,0,0,0,0,0,0,0,0,0,0,3,0,0,0,0,normal,shot_limited,-,0,none
374,19,36,0,0,0,19,19,20,15,0,0,0,0,0,0,0,0,0,0,0,0,R:36,-,39,64.6%,1,0,0,1,0,0,0,0,0,0,0,0,0,0,0,0,0,0,normal,shot_limited,-,0,none
375,23,23,0,0,0,23,23,22,15,0,0,0,0,0,0,0,0,0,0,0,0,B:23,-,39,62.8%,0,0,0,0,0,0,0,0,0,0,0,0,0,0,0,0,0,0,normal,shot_limited,-,0,none
376,36,19,19,0,0,0,20,20,15,0,0,0,0,0,0,0,0,0,0,0,0,B:36,-,39,61.0%,0,0,0,0,1,0,0,0,0,0,0,0,0,0,0,0,0,0,normal,shot_limited,-,0,none
377,23,23,23,0,0,0,22,23,15,0,0,0,0,0,0,0,0,0,0,0,0,R:23,-,40,59.2%,0,0,0,0,0,0,0,0,0,0,0,0,0,0,0,0,0,0,normal,shot_limited,-,0,none
378,23,23,23,0,0,0,23,22,15,0,0,0,0,0,0,0,0,0,0,0,0,G:23,-,40,57.4%,0,0,0,0,0,0,0,0,0,0,0,0,0,0,0,0,0,0,normal,shot_limited,-,0,none
379,36,19,20,0,0,0,20,19,15,1,0,0,0,0,0,0,0,0,0,0,0,B:36,-,41,55.6%,0,0,0,0,0,0,0,0,0,0,0,0,0,0,0,0,0,0,normal,shot_limited,-,0,per_attempt_no_repeat
380,19,36,19,0,0,0,20,20,15,0,0,0,0,0,0,0,0,0,0,0,0,R:36,-,41,53.8%,0,0,0,0,0,0,0,0,0,0,0,0,0,0,0,0,0,0,special_floating_island,timed_infinite_shots,-,3,none
381,36,20,20,19,0,0,0,19,15,0,0,0,0,0,0,0,0,0,0,0,0,B:36,-,39,70.0%,0,0,0,0,0,0,1,0,0,0,0,0,0,0,0,0,0,0,normal,shot_limited,-,0,none
382,17,32,18,17,0,0,0,17,15,0,19,0,0,0,0,0,0,0,0,0,0,R:32,雪球:19,40,68.2%,0,0,0,0,0,0,0,0,0,0,0,3,0,0,0,0,0,0,normal,shot_limited,-,0,none
383,19,19,36,20,0,0,0,19,15,0,0,0,1,0,0,0,0,0,0,0,0,G:36,-,40,66.4%,0,0,0,0,1,0,0,0,0,0,0,0,0,0,0,0,0,0,normal,shot_limited,-,0,none
384,20,19,19,36,0,0,0,20,15,0,0,0,0,0,0,0,0,0,0,0,0,Y:36,-,39,64.6%,0,0,0,0,0,0,0,0,1,0,0,0,0,0,0,0,0,0,normal,shot_limited,-,0,none
385,36,20,20,19,0,0,0,19,15,0,0,0,0,0,0,0,0,0,0,0,0,B:36,-,39,62.8%,0,0,0,0,0,0,1,0,0,0,0,0,0,0,0,0,0,0,normal,shot_limited,-,0,none
386,29,15,15,16,15,0,0,0,15,0,0,0,0,0,0,0,0,0,0,0,0,B:29,-,33,61.0%,0,0,0,0,0,0,0,0,0,0,0,0,0,0,0,0,0,0,trapped_sprite_rescue,shot_limited,loco,0,none
387,20,36,19,19,20,0,0,0,15,0,0,0,1,0,0,0,0,0,0,0,0,R:36,-,40,59.2%,0,0,0,0,0,0,0,0,0,0,0,0,0,0,0,0,0,0,normal,shot_limited,-,0,per_attempt_no_repeat
388,20,20,36,19,19,0,0,0,15,0,0,1,0,0,0,0,0,0,0,0,0,G:36,-,40,57.4%,0,0,0,0,0,0,0,0,0,0,0,0,0,0,0,0,0,0,normal,shot_limited,-,0,per_attempt_no_repeat
389,17,18,17,32,17,0,0,0,15,0,19,0,0,0,0,0,0,0,0,0,0,Y:32,雪球:19,42,55.6%,0,0,0,0,0,0,0,0,0,0,0,0,0,0,0,0,0,0,normal,shot_limited,-,0,per_attempt_no_repeat
390,17,17,18,17,32,0,0,0,15,0,19,0,0,0,0,0,0,0,0,0,0,P:32,雪球:19,42,53.8%,0,0,0,0,0,0,0,0,0,0,0,0,0,0,0,0,0,0,special_floating_island,timed_infinite_shots,-,4,none
391,0,20,19,36,19,20,0,0,15,0,0,0,0,0,0,0,0,0,0,0,0,Y:36,-,39,70.0%,1,0,0,0,0,0,0,0,0,0,0,0,0,0,0,0,0,0,normal,shot_limited,-,0,per_attempt_no_repeat
392,0,20,20,19,36,19,0,0,15,0,0,0,0,0,0,0,0,0,0,0,0,P:36,-,39,68.2%,0,0,0,0,0,1,0,0,0,0,0,0,0,0,0,0,0,0,normal,shot_limited,-,0,none
393,0,36,19,20,19,19,0,0,15,0,0,0,0,1,0,0,0,0,0,0,0,R:36,-,40,66.4%,0,0,0,0,0,0,1,0,0,0,0,0,0,0,0,0,0,0,normal,shot_limited,-,0,none
394,0,19,36,19,20,19,0,0,15,1,0,0,0,0,0,0,0,0,0,0,0,G:36,-,40,64.6%,0,0,0,0,0,0,0,1,0,0,0,0,0,0,0,0,0,0,normal,shot_limited,-,0,none
395,0,18,18,34,18,18,0,0,15,0,0,0,1,0,0,0,0,0,0,1,10,Y:34,-,46,62.8%,0,0,0,0,0,0,0,0,0,0,0,0,0,0,0,0,0,0,normal,shot_limited,-,0,none
396,0,0,23,23,23,23,22,0,15,0,0,0,0,0,0,0,0,0,0,0,0,P:23,-,39,61.0%,0,0,0,0,0,0,0,0,0,0,0,0,0,0,0,0,0,0,normal,shot_limited,-,0,none
397,0,0,23,22,23,23,23,0,15,0,0,0,0,0,0,0,0,0,0,0,0,G:23,-,40,59.2%,0,0,0,0,0,0,0,0,0,0,0,0,0,0,0,0,0,0,normal,shot_limited,-,0,none
398,0,0,23,23,22,23,23,0,15,0,0,0,0,0,0,0,0,0,0,0,0,Y:23,-,40,57.4%,0,0,0,0,0,0,0,0,0,0,0,0,0,0,0,0,0,0,normal,shot_limited,-,0,none
399,0,0,15,15,29,15,16,0,15,0,0,0,0,0,0,0,0,0,0,0,0,P:29,-,35,55.6%,0,0,0,0,0,0,0,0,0,0,0,0,0,0,0,0,0,0,trapped_sprite_rescue,shot_limited,kelu,0,none
400,0,0,36,20,20,19,19,0,15,0,0,0,0,0,0,0,0,0,0,0,0,G:36,-,41,53.8%,0,0,0,0,0,0,0,0,0,0,0,0,0,0,0,0,0,0,special_floating_island,timed_infinite_shots,-,5,none
401,0,0,0,36,19,20,20,19,15,0,0,0,0,0,0,0,0,0,0,0,0,Y:36,-,39,66.0%,0,0,0,0,0,0,0,0,0,0,0,0,0,0,0,0,2,0,multi_trapped_spirit_rescue,shot_limited,-,0,none
402,0,0,0,19,36,19,20,20,15,0,0,1,0,0,0,0,0,0,0,0,0,P:36,-,39,64.2%,0,0,0,0,0,0,0,0,0,0,0,0,3,0,0,0,0,0,normal,shot_limited,-,0,none
403,0,0,0,36,20,19,19,20,15,0,0,0,0,0,0,0,0,0,0,0,0,Y:36,-,39,62.4%,0,0,0,0,0,0,0,0,0,0,0,0,0,3,0,0,0,0,normal,shot_limited,-,0,none
404,0,0,0,20,36,20,19,19,15,0,0,0,0,0,0,0,0,0,0,0,0,P:36,-,39,60.6%,0,0,0,1,0,0,0,0,0,0,0,0,0,0,0,0,0,0,normal,shot_limited,-,0,per_attempt_no_repeat
405,0,0,0,36,19,20,20,19,15,0,0,0,0,0,0,0,0,0,0,0,0,Y:36,-,39,58.8%,0,1,0,0,0,0,0,0,0,0,0,0,0,0,0,0,0,0,normal,shot_limited,-,0,per_attempt_no_repeat
406,36,0,0,0,19,19,20,20,15,0,0,0,0,0,0,0,0,0,0,0,0,B:36,-,39,57.0%,0,0,0,0,0,0,0,0,0,0,0,0,0,0,0,0,2,0,multi_trapped_spirit_rescue,shot_limited,-,0,none
407,23,0,0,0,23,23,23,22,15,0,0,0,0,0,0,0,0,0,0,0,0,P:23,-,40,55.2%,0,0,0,0,0,0,0,0,0,0,0,0,0,0,0,0,0,0,normal,shot_limited,-,0,none
408,23,0,0,0,23,23,23,22,15,0,0,0,0,0,0,0,0,0,0,0,0,B:23,-,40,53.4%,0,0,0,0,0,0,0,0,0,0,0,0,0,0,0,0,0,0,normal,shot_limited,-,0,none
409,23,0,0,0,23,22,23,23,15,0,0,0,0,0,0,0,0,0,0,0,0,P:23,-,41,51.6%,0,0,0,0,0,0,0,0,0,0,0,0,0,0,0,0,0,0,normal,shot_limited,-,0,none
410,36,0,0,0,19,19,20,20,15,0,0,0,1,0,0,0,0,0,0,0,0,B:36,-,41,49.8%,0,0,0,0,0,0,0,0,0,0,0,0,0,0,0,0,0,0,special_floating_island,timed_infinite_shots,-,2,none
411,36,20,0,0,0,20,19,19,15,0,0,0,0,0,0,0,0,0,0,0,0,B:36,-,39,66.0%,0,0,0,0,0,0,0,0,0,0,0,0,0,0,0,1,0,0,normal,shot_limited,-,0,none
412,19,36,0,0,0,20,20,19,15,0,0,0,0,0,0,0,0,0,0,0,0,R:36,-,39,64.2%,0,0,0,0,0,0,0,0,0,0,0,3,0,0,0,0,0,0,normal,shot_limited,-,0,per_attempt_no_repeat
413,36,19,0,0,0,19,20,20,15,0,0,0,1,0,0,0,0,0,0,0,0,B:36,-,39,62.4%,0,0,0,0,0,0,0,0,0,0,0,0,0,0,0,0,2,0,multi_trapped_spirit_rescue,shot_limited,-,0,none
414,20,36,0,0,0,19,19,20,15,0,0,0,0,0,0,0,0,0,0,0,0,R:36,-,39,60.6%,0,0,0,0,1,0,0,0,0,0,0,0,0,0,0,0,0,0,normal,shot_limited,-,0,none
415,32,17,0,0,0,17,17,17,15,0,19,0,0,0,0,0,0,0,0,0,0,B:32,雪球:19,41,58.8%,0,0,0,0,0,0,0,0,1,0,0,0,0,0,0,0,0,0,normal,shot_limited,-,0,none
416,19,36,19,0,0,0,20,20,15,0,0,0,0,0,0,0,0,0,0,0,0,R:36,-,39,57.0%,0,0,0,0,0,0,0,0,0,0,0,0,0,0,0,1,0,0,normal,shot_limited,-,0,none
417,20,19,36,0,0,0,19,20,15,0,0,0,0,1,0,0,0,0,0,0,0,G:36,-,40,55.2%,0,0,0,0,0,0,0,0,0,0,0,0,0,0,0,0,0,0,normal,shot_limited,-,0,per_attempt_no_repeat
418,23,23,23,0,0,0,23,22,15,0,0,0,0,0,0,0,0,0,0,0,0,B:23,-,40,53.4%,0,0,0,0,0,0,0,0,0,0,0,0,0,0,0,0,0,0,normal,shot_limited,-,0,none
419,22,23,23,0,0,0,23,23,15,0,0,0,0,0,0,0,0,0,0,0,0,R:23,-,41,51.6%,0,0,0,0,0,0,0,0,0,0,0,0,0,0,0,0,0,0,normal,shot_limited,-,0,none
420,19,19,36,0,0,0,20,20,15,0,0,0,0,0,0,0,0,0,0,0,0,G:36,-,41,49.8%,0,0,0,0,0,0,0,0,0,0,0,0,0,0,0,0,0,0,special_floating_island,timed_infinite_shots,-,3,none
421,36,20,20,19,0,0,0,19,15,0,0,0,0,0,0,0,0,0,0,0,0,B:36,-,39,66.0%,0,0,0,0,0,0,0,0,0,0,0,0,0,0,2,0,0,0,normal,shot_limited,-,0,none
422,17,32,17,17,0,0,0,17,15,0,19,0,0,0,0,0,0,0,0,0,0,R:32,雪球:19,41,64.2%,0,0,0,0,0,1,0,0,0,0,0,0,0,0,0,0,0,0,normal,shot_limited,-,0,none
423,17,17,32,18,0,0,0,17,15,0,19,0,0,0,0,0,0,0,0,0,0,G:32,雪球:19,40,62.4%,0,0,0,0,0,0,0,0,0,0,0,0,0,0,0,1,0,0,normal,shot_limited,-,0,none
424,20,19,19,36,0,0,0,20,15,0,0,0,0,0,0,0,0,0,0,0,0,Y:36,-,39,60.6%,0,0,0,0,0,0,1,0,0,0,0,0,0,0,0,0,0,0,normal,shot_limited,-,0,none
425,28,16,15,15,0,0,0,15,15,1,0,0,0,0,0,0,0,0,0,0,0,B:28,-,33,58.8%,0,0,0,0,0,0,0,0,0,0,0,0,0,0,0,0,0,0,trapped_sprite_rescue,shot_limited,yumi,0,none
426,36,19,19,20,20,0,0,0,15,0,0,0,0,0,0,0,0,0,0,0,0,B:36,-,39,57.0%,0,0,0,0,0,0,0,0,0,0,0,0,0,0,2,0,0,0,normal,shot_limited,-,0,none
427,20,36,19,19,20,0,0,0,15,0,0,0,0,0,0,0,0,0,0,0,0,R:36,-,40,55.2%,0,0,0,0,0,0,0,1,0,0,0,0,0,0,0,0,0,0,normal,shot_limited,-,0,per_attempt_no_repeat
428,20,19,36,19,19,0,0,0,15,0,0,0,0,0,0,0,0,0,0,0,0,G:36,-,40,53.4%,0,0,1,0,0,0,0,0,0,0,0,0,0,0,0,0,0,0,normal,shot_limited,-,0,per_attempt_no_repeat
429,19,20,20,36,19,0,0,0,15,0,0,0,0,0,0,0,0,1,0,0,0,Y:41,-,41,51.6%,0,0,0,0,0,0,0,0,0,0,0,0,0,0,0,0,0,0,normal,shot_limited,-,0,per_attempt_no_repeat
430,19,19,20,20,36,0,0,0,15,1,0,0,0,0,0,0,0,0,0,0,0,P:36,-,41,49.8%,0,0,0,0,0,0,0,0,0,0,0,0,0,0,0,0,0,0,special_floating_island,timed_infinite_shots,-,4,none
431,0,19,19,36,18,19,0,0,15,0,0,0,0,0,0,0,0,0,0,0,0,Y:36,-,41,66.0%,0,0,0,0,0,0,0,0,0,0,3,0,0,0,0,0,0,0,normal,shot_limited,-,0,none
432,0,20,20,19,36,19,0,0,15,0,0,0,0,0,0,0,0,0,0,0,0,P:36,-,39,64.2%,0,0,0,0,0,0,0,0,0,0,0,0,3,0,0,0,0,0,normal,shot_limited,-,0,per_attempt_no_repeat
433,0,36,19,20,20,19,0,0,15,1,0,0,0,0,0,0,0,0,0,0,0,R:36,-,39,62.4%,0,0,0,0,0,0,0,0,0,0,0,0,0,0,2,0,0,0,normal,shot_limited,-,0,none
434,0,17,32,17,18,17,0,0,15,0,19,0,0,0,0,0,0,0,0,0,0,G:32,雪球:19,40,60.6%,0,0,0,0,0,0,0,0,0,0,0,0,0,3,0,0,0,0,normal,shot_limited,-,0,none
435,0,20,19,36,19,20,0,0,15,0,0,0,0,0,0,0,0,0,0,0,0,Y:36,-,39,58.8%,0,0,0,1,0,0,0,0,0,0,0,0,0,0,0,0,0,0,normal,shot_limited,-,0,none
436,0,0,36,19,19,19,18,0,15,0,0,0,0,0,0,0,0,0,0,0,0,G:36,-,41,57.0%,0,0,0,0,0,0,0,0,0,0,3,0,0,0,0,0,0,0,normal,shot_limited,-,0,none
437,0,0,22,23,23,23,23,0,15,0,0,0,0,0,0,0,0,0,0,0,0,Y:23,-,40,55.2%,0,0,0,0,0,0,0,0,0,0,0,0,0,0,0,0,0,0,normal,shot_limited,-,0,none
438,0,0,23,22,23,23,23,0,15,0,0,0,0,0,0,0,0,0,0,0,0,P:23,-,40,53.4%,0,0,0,0,0,0,0,0,0,0,0,0,0,0,0,0,0,0,normal,shot_limited,-,0,none
439,0,0,36,20,19,19,20,0,15,1,0,0,0,0,0,0,0,0,0,0,0,G:36,-,41,51.6%,0,0,0,0,0,0,0,0,0,0,0,0,0,0,0,0,0,0,normal,shot_limited,-,0,none
440,0,0,20,36,20,19,19,0,15,0,0,0,0,0,0,0,0,0,0,0,0,Y:36,-,41,49.8%,0,0,0,0,0,0,0,0,0,0,0,0,0,0,0,0,0,0,special_floating_island,timed_infinite_shots,-,5,none
441,0,0,0,36,19,20,20,19,15,0,0,0,0,0,0,0,0,0,0,0,0,Y:36,-,35,66.0%,0,0,0,0,0,0,0,0,0,0,0,0,0,0,0,0,0,1,normal,shot_limited,-,0,none
442,0,0,0,15,29,15,16,15,15,0,0,0,0,0,0,0,0,0,0,0,0,P:29,-,33,64.2%,0,0,0,0,0,0,0,0,0,0,0,0,0,0,0,0,0,0,trapped_sprite_rescue,shot_limited,milu,0,none
443,0,0,0,36,19,19,18,19,15,0,0,1,0,0,0,0,0,0,0,0,0,Y:36,-,42,62.4%,0,0,0,0,0,0,0,0,0,0,3,0,0,0,0,0,0,0,normal,shot_limited,-,0,none
444,0,0,0,20,36,20,19,19,15,0,0,0,0,0,0,0,0,0,0,0,0,P:36,-,39,60.6%,0,0,0,0,0,0,0,0,0,0,0,3,0,0,0,0,0,0,normal,shot_limited,-,0,none
445,0,0,0,36,19,20,20,19,15,0,0,0,0,0,0,0,0,0,0,0,0,Y:36,-,39,58.8%,0,0,0,0,0,0,0,0,0,0,0,0,0,0,0,0,2,0,multi_trapped_spirit_rescue,shot_limited,-,0,none
446,36,0,0,0,19,19,20,20,15,0,0,0,0,0,0,0,0,0,0,0,0,B:36,-,39,57.0%,0,0,0,0,0,0,0,0,0,0,0,0,0,0,0,0,0,1,normal,shot_limited,-,0,none
447,20,0,0,0,36,19,19,19,15,0,0,1,0,0,0,0,0,0,0,0,0,P:36,-,41,55.2%,0,0,0,0,1,0,0,0,0,0,0,0,0,0,0,0,0,0,normal,shot_limited,-,0,none
448,36,0,0,0,20,20,19,19,15,0,0,0,0,0,0,0,0,0,0,0,0,B:36,-,40,53.4%,0,0,0,0,0,0,0,0,1,0,0,0,0,0,0,0,0,0,normal,shot_limited,-,0,per_attempt_no_repeat
449,19,0,0,0,36,19,20,20,15,0,0,0,1,0,0,0,0,0,0,0,0,P:36,-,41,51.6%,0,0,0,0,0,0,0,0,0,0,0,0,0,0,0,0,0,0,normal,shot_limited,-,0,none
450,36,0,0,0,19,19,20,20,15,0,0,1,0,0,0,0,0,0,0,0,0,B:36,-,41,49.8%,0,0,0,0,0,0,0,0,0,0,0,0,0,0,0,0,0,0,special_floating_island,timed_infinite_shots,-,2,none
451,36,20,0,0,0,20,19,19,15,0,0,1,0,0,0,0,0,0,0,0,0,B:36,-,39,66.0%,0,0,0,0,0,0,0,0,0,0,0,0,0,0,0,0,0,0,normal,shot_limited,-,0,none
452,19,36,0,0,0,20,20,19,15,0,0,0,0,0,0,0,0,0,0,0,0,R:36,-,30,64.2%,0,0,0,0,0,1,0,0,0,0,0,0,0,0,0,0,0,0,normal,shot_limited,-,0,per_attempt_no_repeat
453,36,19,0,0,0,19,20,20,15,0,0,0,0,0,1,0,0,0,0,0,0,B:41,-,39,62.4%,0,0,0,0,0,0,0,0,0,0,0,0,0,0,0,0,0,1,normal,shot_limited,-,0,none
454,20,36,0,0,0,19,19,20,15,0,0,0,0,0,0,0,0,0,0,0,0,R:36,-,34,60.6%,0,0,0,0,0,0,0,0,0,0,0,0,0,0,0,1,0,0,normal,shot_limited,-,0,none
455,36,20,0,0,0,19,19,19,15,1,0,0,0,0,0,0,0,0,0,0,0,B:36,-,40,58.8%,0,0,0,0,0,0,1,0,0,0,0,0,0,0,0,0,0,0,normal,shot_limited,-,0,none
456,17,17,32,0,0,0,18,17,15,0,19,0,0,0,0,0,0,0,0,0,0,G:32,雪球:19,40,57.0%,0,0,0,0,0,0,0,0,0,0,0,0,0,0,0,0,0,0,normal,shot_limited,-,0,none
457,36,20,19,0,0,0,19,20,15,0,0,0,0,0,0,0,0,0,0,0,0,B:36,-,40,55.2%,0,0,0,0,0,0,0,1,0,0,0,0,0,0,0,0,0,0,normal,shot_limited,-,0,none
458,20,36,20,0,0,0,19,19,15,0,0,0,0,0,0,0,0,0,0,0,0,R:36,-,40,53.4%,1,0,0,0,0,0,0,0,0,0,0,0,0,0,0,0,0,0,normal,shot_limited,-,0,none
459,18,18,34,0,0,0,18,18,15,0,0,0,0,0,0,0,0,0,0,1,10,G:34,-,46,51.6%,0,0,0,0,0,0,0,0,0,0,0,0,0,0,0,0,0,0,normal,shot_limited,-,0,per_attempt_no_repeat
460,36,19,19,0,0,0,20,20,15,0,0,0,0,0,0,0,0,0,0,0,0,B:36,-,41,49.8%,0,0,0,0,0,0,0,0,0,0,0,0,0,0,0,0,0,0,special_floating_island,timed_infinite_shots,-,3,none
461,23,23,23,23,0,0,0,22,15,0,0,0,0,0,0,0,0,0,0,0,0,B:23,-,39,66.0%,0,0,0,0,0,0,0,0,0,0,0,0,0,0,0,0,0,0,normal,shot_limited,-,0,none
462,19,36,20,20,0,0,0,19,15,0,0,0,0,0,0,0,0,0,0,0,0,R:36,-,39,64.2%,0,0,0,0,0,0,0,0,0,0,0,0,3,0,0,0,0,0,normal,shot_limited,-,0,none
463,15,15,29,16,0,0,0,15,15,0,0,0,0,0,0,0,0,0,0,0,0,G:29,-,33,62.4%,0,0,0,0,0,0,0,0,0,0,0,0,0,0,0,0,0,0,trapped_sprite_rescue,shot_limited,lumi,0,none
464,20,19,19,36,0,0,0,20,15,0,0,0,0,0,0,0,0,0,0,0,0,Y:36,-,39,60.6%,0,0,0,0,0,0,0,0,0,0,0,0,0,0,2,0,0,0,normal,shot_limited,-,0,none
465,36,20,20,19,0,0,0,19,15,0,0,0,0,0,0,0,0,0,0,0,0,B:36,-,39,58.8%,0,0,0,0,0,0,0,0,0,0,0,0,0,3,0,0,0,0,normal,shot_limited,-,0,per_attempt_no_repeat
466,36,19,19,20,19,0,0,0,15,0,0,0,1,0,0,0,0,0,0,0,0,B:36,-,40,57.0%,0,0,0,1,0,0,0,0,0,0,0,0,0,0,0,0,0,0,normal,shot_limited,-,0,none
467,20,36,19,19,20,0,0,0,15,0,0,0,0,0,0,0,0,0,0,0,0,R:36,-,40,55.2%,0,1,0,0,0,0,0,0,0,0,0,0,0,0,0,0,0,0,normal,shot_limited,-,0,none
468,23,23,23,23,22,0,0,0,15,0,0,0,0,0,0,0,0,0,0,0,0,G:23,-,40,53.4%,0,0,0,0,0,0,0,0,0,0,0,0,0,0,0,0,0,0,normal,shot_limited,-,0,none
469,22,23,23,23,23,0,0,0,15,0,0,0,0,0,0,0,0,0,0,0,0,Y:23,-,41,51.6%,0,0,0,0,0,0,0,0,0,0,0,0,0,0,0,0,0,0,normal,shot_limited,-,0,none
470,19,19,20,20,36,0,0,0,15,0,0,0,1,0,0,0,0,0,0,0,0,P:36,-,41,49.8%,0,0,0,0,0,0,0,0,0,0,0,0,0,0,0,0,0,0,special_floating_island,timed_infinite_shots,-,4,none
471,0,23,23,23,22,23,0,0,15,0,0,0,0,0,0,0,0,0,0,0,0,Y:23,-,39,66.0%,0,0,0,0,0,0,0,0,0,0,0,0,0,0,0,0,0,0,normal,shot_limited,-,0,none
472,0,23,23,23,23,22,0,0,15,0,0,0,0,0,0,0,0,0,0,0,0,P:23,-,39,64.2%,0,0,0,0,0,0,0,0,0,0,0,0,0,0,0,0,0,0,normal,shot_limited,-,0,none
473,0,36,18,19,19,19,0,0,15,0,0,0,0,0,0,0,0,0,0,0,0,R:36,-,41,62.4%,0,0,0,0,0,0,0,0,0,0,3,0,0,0,0,0,0,0,normal,shot_limited,-,0,none
474,0,19,36,19,20,20,0,0,15,0,0,0,0,0,0,0,1,0,0,0,0,G:41,-,39,60.6%,0,0,0,0,0,0,0,0,0,0,0,3,0,0,0,0,0,0,normal,shot_limited,-,0,none
475,0,17,17,32,17,18,0,0,15,0,19,0,0,0,0,0,0,0,0,0,0,Y:32,雪球:19,40,58.8%,0,0,0,0,0,0,0,0,0,0,0,0,0,0,0,0,2,0,multi_trapped_spirit_rescue,shot_limited,-,0,none
476,0,0,20,36,20,19,19,0,15,0,0,0,0,1,0,0,0,0,0,0,0,Y:36,-,39,57.0%,0,0,0,0,0,0,0,0,0,0,0,0,0,0,0,0,0,0,normal,shot_limited,-,0,none
477,0,0,19,20,36,20,19,0,15,0,0,0,0,0,0,0,0,0,0,0,0,P:36,-,40,55.2%,0,0,0,0,1,0,0,0,0,0,0,0,0,0,0,0,0,0,normal,shot_limited,-,0,per_attempt_no_repeat
478,0,0,36,19,19,20,20,0,15,0,0,0,0,0,0,0,0,0,0,0,0,G:36,-,40,53.4%,0,0,0,0,0,0,0,0,1,0,0,0,0,0,0,0,0,0,normal,shot_limited,-,0,none
479,0,0,23,23,23,22,23,0,15,0,0,0,0,0,0,0,0,0,0,0,0,Y:23,-,41,51.6%,0,0,0,0,0,0,0,0,0,0,0,0,0,0,0,0,0,0,normal,shot_limited,-,0,none
480,0,0,20,20,36,19,19,0,15,0,0,0,0,0,0,0,0,0,0,0,0,P:36,-,41,49.8%,0,0,0,0,0,0,0,0,0,0,0,0,0,0,0,0,0,0,special_floating_island,timed_infinite_shots,-,5,none
481,0,0,0,23,22,23,23,23,15,0,0,0,0,0,0,0,0,0,0,0,0,Y:23,-,39,66.0%,0,0,0,0,0,0,0,0,0,0,0,0,0,0,0,0,0,0,normal,shot_limited,-,0,none
482,0,0,0,19,36,19,20,20,15,0,0,0,0,0,0,0,0,0,0,0,0,P:36,-,39,64.2%,0,0,0,0,0,1,0,0,0,0,0,0,0,0,0,0,0,0,normal,shot_limited,-,0,none
483,0,0,0,36,20,19,19,20,15,0,0,0,0,0,0,0,0,0,0,0,0,Y:36,-,39,62.4%,0,0,0,0,0,0,0,0,0,0,0,0,0,0,0,0,0,1,normal,shot_limited,-,0,none
484,0,0,0,20,36,20,19,19,15,0,0,0,0,1,0,0,0,0,0,0,0,P:36,-,39,60.6%,0,0,0,0,0,0,0,0,0,0,0,0,0,0,0,1,0,0,normal,shot_limited,-,0,none
485,0,0,0,36,19,20,20,19,15,0,0,0,0,0,0,0,0,0,0,0,0,Y:36,-,39,58.8%,0,0,0,0,0,0,1,0,0,0,0,0,0,0,0,0,0,0,normal,shot_limited,-,0,per_attempt_no_repeat
486,23,0,0,0,12,12,12,12,15,0,19,0,0,0,0,0,0,0,0,0,0,B:23,雪球:19,33,57.0%,0,0,0,0,0,0,0,0,0,0,0,0,0,0,0,0,0,0,trapped_sprite_rescue,shot_limited,noya,0,none
487,20,0,0,0,36,19,19,19,15,0,0,0,0,0,0,0,0,0,0,0,0,P:36,-,40,55.2%,1,0,0,0,0,0,0,1,0,0,0,0,0,0,0,0,0,0,normal,shot_limited,-,0,none
488,36,0,0,0,20,19,19,19,15,0,0,0,0,0,0,0,0,0,0,0,0,B:36,-,40,53.4%,0,0,1,0,0,0,0,0,0,0,0,0,0,0,0,0,0,0,normal,shot_limited,-,0,none
489,19,0,0,0,36,19,20,20,15,0,0,0,0,0,0,0,0,0,1,0,0,P:41,-,41,51.6%,0,0,0,0,0,0,0,0,0,0,0,0,0,0,0,0,0,0,normal,shot_limited,-,0,none
490,32,0,0,0,17,17,18,17,15,0,19,0,0,0,0,0,0,0,0,0,0,B:32,雪球:19,42,49.8%,0,0,0,0,0,0,0,0,0,0,0,0,0,0,0,0,0,0,special_floating_island,timed_infinite_shots,-,2,none
491,23,23,0,0,0,23,23,22,15,0,0,0,0,0,0,0,0,0,0,0,0,B:23,-,39,66.0%,0,0,0,0,0,0,0,0,0,0,0,0,0,0,0,0,0,0,normal,shot_limited,-,0,none
492,17,32,0,0,0,18,17,17,15,0,19,0,0,0,0,0,0,0,0,0,0,R:32,雪球:19,40,64.2%,0,0,0,0,0,0,0,0,0,0,0,0,3,0,0,0,0,0,normal,shot_limited,-,0,none
493,23,23,0,0,0,22,23,23,15,0,0,0,0,0,0,0,0,0,0,0,0,B:23,-,39,62.4%,0,0,0,0,0,0,0,0,0,0,0,0,0,0,0,0,0,0,normal,shot_limited,-,0,none
494,20,36,0,0,0,19,19,20,15,0,0,1,0,0,0,0,0,0,0,0,0,R:36,-,39,60.6%,0,0,0,0,0,0,0,0,0,0,0,0,0,0,2,0,0,0,normal,shot_limited,-,0,none
495,36,20,0,0,0,20,19,19,15,0,0,0,0,0,0,0,0,0,0,0,0,B:36,-,39,58.8%,0,0,0,0,0,0,0,0,0,0,0,0,0,3,0,0,0,0,normal,shot_limited,-,0,none
496,36,19,19,0,0,0,20,20,15,0,0,0,0,0,0,0,0,0,0,0,0,B:36,-,39,57.0%,0,0,0,1,0,0,0,0,0,0,0,0,0,0,0,0,0,0,normal,shot_limited,-,0,per_attempt_no_repeat
497,23,23,23,0,0,0,22,23,15,0,0,0,0,0,0,0,0,0,0,0,0,R:23,-,40,55.2%,0,0,0,0,0,0,0,0,0,0,0,0,0,0,0,0,0,0,normal,shot_limited,-,0,none
498,20,19,36,0,0,0,19,19,15,1,0,0,1,0,0,0,0,0,0,0,0,G:36,-,41,53.4%,0,0,0,0,0,0,0,0,0,0,0,0,0,0,0,0,0,0,normal,shot_limited,-,0,none
499,29,15,16,0,0,0,15,15,15,0,0,0,0,0,0,0,0,0,0,0,0,B:29,-,35,51.6%,0,0,0,0,0,0,0,0,0,0,0,0,0,0,0,0,0,0,trapped_sprite_rescue,shot_limited,flora,0,none
500,19,36,19,0,0,0,20,20,15,0,0,0,0,0,0,0,0,0,0,0,0,R:36,-,41,49.8%,0,0,0,0,0,0,0,0,0,0,0,0,0,0,0,0,0,0,special_floating_island,timed_infinite_shots,-,3,none
501,23,24,24,23,0,0,0,23,15,0,0,0,0,0,0,0,0,0,0,0,0,B:23,-,39,62.0%,0,0,0,0,0,0,0,0,0,0,0,0,0,0,0,0,0,0,normal,shot_limited,-,0,none
502,23,23,24,24,0,0,0,23,15,0,0,0,0,0,0,0,0,0,0,0,0,R:23,-,39,60.2%,0,0,0,0,0,0,0,0,0,0,0,0,0,0,0,0,0,0,normal,shot_limited,-,0,none
503,20,20,34,20,0,0,0,20,15,1,0,0,0,0,0,0,0,0,0,0,0,G:34,-,42,58.4%,0,0,0,0,0,0,0,0,0,0,3,0,0,0,0,0,0,0,normal,shot_limited,-,0,none
504,21,20,20,35,0,0,0,21,15,0,0,0,0,0,0,0,0,0,0,0,0,Y:35,-,39,56.6%,0,0,0,0,0,0,0,0,0,0,0,3,0,0,0,0,0,0,normal,shot_limited,-,0,per_attempt_no_repeat
505,35,21,21,20,0,0,0,20,15,0,0,0,0,0,0,0,0,0,0,0,0,B:35,-,39,54.8%,0,0,0,0,0,0,0,0,0,0,0,0,0,0,0,0,2,0,multi_trapped_spirit_rescue,shot_limited,-,0,none
506,23,23,23,24,24,0,0,0,15,0,0,0,0,0,0,0,0,0,0,0,0,B:23,-,39,53.0%,0,0,0,0,0,0,0,0,0,0,0,0,0,0,0,0,0,0,normal,shot_limited,-,0,none
507,21,35,20,20,21,0,0,0,15,0,0,0,0,0,0,0,0,0,0,0,0,R:35,-,41,51.2%,0,0,0,0,1,0,0,0,0,0,0,0,0,0,0,0,0,0,normal,shot_limited,-,0,none
508,21,20,35,20,20,0,0,0,15,0,0,0,0,0,0,0,0,0,0,0,0,G:35,-,41,49.4%,1,0,0,0,0,0,0,0,1,0,0,0,0,0,0,0,0,0,normal,shot_limited,-,0,none
509,20,21,20,35,20,0,0,0,15,0,0,0,1,0,0,0,0,1,0,0,0,Y:40,-,43,47.6%,0,0,0,0,0,0,0,0,0,0,0,0,0,0,0,0,0,0,normal,shot_limited,-,0,none
510,20,20,21,21,35,0,0,0,15,1,0,0,0,0,0,0,0,0,0,0,0,P:35,-,42,45.8%,0,0,0,0,0,0,0,0,0,0,0,0,0,0,0,0,0,0,special_floating_island,timed_infinite_shots,-,4,none
511,0,20,20,35,20,21,0,0,15,1,0,1,0,0,0,0,0,0,0,0,0,Y:35,-,41,62.0%,0,0,0,0,0,0,0,0,0,0,0,0,0,0,0,0,0,0,normal,shot_limited,-,0,none
512,0,21,20,20,35,20,0,0,15,1,0,0,0,0,0,0,0,0,0,0,0,P:35,-,41,60.2%,0,0,0,0,0,1,0,0,0,0,0,0,0,0,0,0,0,0,normal,shot_limited,-,0,none
513,0,35,20,21,21,20,0,0,15,0,0,0,0,0,0,0,0,0,0,0,0,R:35,-,40,58.4%,1,0,0,0,0,0,0,0,0,0,0,0,0,0,0,0,0,1,normal,shot_limited,-,0,none
514,0,20,35,20,21,21,0,0,15,0,0,0,0,0,0,0,0,0,0,0,0,G:35,-,39,56.6%,0,0,0,0,0,0,0,0,0,0,0,0,0,0,0,1,0,0,normal,shot_limited,-,0,per_attempt_no_repeat
515,0,21,20,35,20,21,0,0,15,0,0,0,0,0,0,0,0,0,0,0,0,Y:35,-,40,54.8%,0,0,0,0,0,0,1,0,0,0,0,0,0,0,0,0,0,0,normal,shot_limited,-,0,none
516,0,0,18,18,30,17,17,0,15,0,22,0,0,1,0,0,0,0,0,0,0,P:30,雪球:22,41,53.0%,0,0,0,0,0,0,0,0,0,0,0,0,0,0,0,0,0,0,normal,shot_limited,-,0,none
517,0,0,35,20,21,21,20,0,15,0,0,0,0,0,0,0,0,0,0,0,0,G:35,-,41,51.2%,0,0,0,0,0,0,0,1,0,0,0,0,0,0,0,0,0,0,normal,shot_limited,-,0,per_attempt_no_repeat
518,0,0,20,35,20,20,20,0,15,0,0,0,0,0,0,0,0,0,0,0,0,Y:35,-,41,49.4%,1,0,1,0,0,0,0,0,0,0,0,0,0,0,0,0,0,0,normal,shot_limited,-,0,none
519,0,0,19,19,33,19,19,0,15,0,0,0,0,0,0,0,0,0,0,1,10,P:33,-,46,47.6%,0,0,0,0,0,0,0,0,0,0,0,0,0,0,0,0,0,0,normal,shot_limited,-,0,none
520,0,0,35,21,21,20,20,0,15,0,0,0,0,0,0,0,0,0,0,0,0,G:35,-,41,45.8%,0,0,0,0,0,0,0,0,0,0,0,0,0,0,0,0,0,0,special_floating_island,timed_infinite_shots,-,5,none
521,0,0,0,23,23,24,24,23,15,0,0,0,0,0,0,0,0,0,0,0,0,Y:23,-,39,62.0%,0,0,0,0,0,0,0,0,0,0,0,0,0,0,0,0,0,0,normal,shot_limited,-,0,none
522,0,0,0,20,35,20,21,21,15,0,0,0,0,0,0,0,0,0,0,0,0,P:35,-,39,60.2%,0,0,0,0,0,0,0,0,0,0,0,0,3,0,0,0,0,0,normal,shot_limited,-,0,per_attempt_no_repeat
523,0,0,0,23,24,23,23,24,15,0,0,0,0,0,0,0,0,0,0,0,0,Y:23,-,39,58.4%,0,0,0,0,0,0,0,0,0,0,0,0,0,0,0,0,0,0,normal,shot_limited,-,0,none
524,0,0,0,21,35,21,20,20,15,0,0,0,0,0,0,0,0,0,0,0,0,P:35,-,39,56.6%,0,0,0,0,0,0,0,0,0,0,0,0,0,0,2,0,0,0,normal,shot_limited,-,0,per_attempt_no_repeat
525,0,0,0,27,15,16,16,16,15,0,0,0,0,0,0,0,0,0,0,0,0,Y:27,-,33,54.8%,0,0,0,0,0,0,0,0,0,0,0,0,0,0,0,0,0,0,trapped_sprite_rescue,shot_limited,loco,0,none
526,35,0,0,0,20,20,21,21,15,0,0,0,0,0,0,0,0,0,0,0,0,B:35,-,40,53.0%,1,0,0,0,0,0,0,0,0,0,0,0,0,3,0,0,0,0,normal,shot_limited,-,0,none
527,21,0,0,0,35,21,20,20,15,0,0,0,0,0,0,0,0,0,0,0,0,P:35,-,41,51.2%,0,0,0,1,0,0,0,0,0,0,0,0,0,0,0,0,0,0,normal,shot_limited,-,0,none
528,35,0,0,0,20,20,20,20,15,0,0,0,0,0,0,0,0,0,0,0,0,B:35,-,41,49.4%,0,1,1,0,0,0,0,0,0,0,0,0,0,0,0,0,0,0,normal,shot_limited,-,0,none
529,23,0,0,0,23,23,24,24,15,0,0,0,0,0,0,0,0,0,0,0,0,P:23,-,41,47.6%,0,0,0,0,0,0,0,0,0,0,0,0,0,0,0,0,0,0,normal,shot_limited,-,0,none
530,35,0,0,0,20,20,21,21,15,0,0,0,1,0,0,0,0,0,0,0,0,B:35,-,42,45.8%,0,0,0,0,0,0,0,0,0,0,0,0,0,0,0,0,0,0,special_floating_island,timed_infinite_shots,-,2,none
531,23,24,0,0,0,24,23,23,15,0,0,0,0,0,0,0,0,0,0,0,0,B:23,-,39,62.0%,0,0,0,0,0,0,0,0,0,0,0,0,0,0,0,0,0,0,normal,shot_limited,-,0,none
532,23,23,0,0,0,24,24,23,15,0,0,0,0,0,0,0,0,0,0,0,0,R:23,-,39,60.2%,0,0,0,0,0,0,0,0,0,0,0,0,0,0,0,0,0,0,normal,shot_limited,-,0,none
533,34,20,0,0,0,20,20,20,15,0,0,0,0,0,0,0,0,0,0,0,0,B:34,-,42,58.4%,0,0,0,0,0,0,0,0,0,0,3,0,0,0,0,0,0,0,normal,shot_limited,-,0,per_attempt_no_repeat
534,21,35,0,0,0,20,20,21,15,0,0,0,0,0,0,0,0,0,0,0,0,R:35,-,39,56.6%,0,0,0,0,0,0,0,0,0,0,0,3,0,0,0,0,0,0,normal,shot_limited,-,0,none
535,35,21,0,0,0,21,20,20,15,0,0,1,0,0,0,0,0,0,0,0,0,B:35,-,40,54.8%,0,0,0,0,0,0,0,0,0,0,0,0,0,0,0,0,2,0,multi_trapped_spirit_rescue,shot_limited,-,0,none
536,20,35,20,0,0,0,20,20,15,0,0,0,0,1,0,0,0,0,0,0,0,R:35,-,40,53.0%,0,0,1,0,0,0,0,0,0,0,0,0,0,0,0,0,0,0,normal,shot_limited,-,0,none
537,18,17,30,0,0,0,17,18,15,0,22,0,0,0,0,0,0,0,0,0,0,G:30,雪球:22,42,51.2%,0,0,0,0,1,0,0,0,0,0,0,0,0,0,0,0,0,0,normal,shot_limited,-,0,none
538,35,21,21,0,0,0,20,20,15,0,0,0,0,0,0,0,0,0,0,0,0,B:35,-,41,49.4%,0,0,0,0,0,0,0,0,1,0,0,0,0,0,0,0,0,0,normal,shot_limited,-,0,per_attempt_no_repeat
539,23,23,24,0,0,0,24,23,15,0,0,0,0,0,0,0,0,0,0,0,0,R:23,-,41,47.6%,0,0,0,0,0,0,0,0,0,0,0,0,0,0,0,0,0,0,normal,shot_limited,-,0,none
540,20,20,35,0,0,0,21,21,15,0,0,0,0,0,0,0,0,0,0,0,0,G:35,-,41,45.8%,0,0,0,0,0,0,0,0,0,0,0,0,0,0,0,0,0,0,special_floating_island,timed_infinite_shots,-,3,none
541,35,21,21,20,0,0,0,20,15,0,0,0,0,0,0,0,0,0,0,0,0,B:35,-,40,62.0%,0,0,0,0,0,1,0,0,0,0,0,0,0,0,0,0,0,0,normal,shot_limited,-,0,per_attempt_no_repeat
542,15,27,16,16,0,0,0,15,15,0,0,1,0,0,0,0,0,0,0,0,0,R:27,-,33,60.2%,0,0,0,0,0,0,0,0,0,0,0,0,0,0,0,0,0,0,trapped_sprite_rescue,shot_limited,kelu,0,none
543,20,20,35,21,0,0,0,21,15,0,0,0,0,0,0,0,0,0,0,0,0,G:35,-,39,58.4%,0,0,0,0,0,0,0,0,0,0,0,0,0,0,0,0,0,1,normal,shot_limited,-,0,per_attempt_no_repeat
544,21,20,20,35,0,0,0,21,15,0,0,0,0,0,0,0,0,0,0,0,0,Y:35,-,39,56.6%,0,0,0,0,0,0,0,0,0,0,0,0,0,0,0,1,0,0,normal,shot_limited,-,0,none
545,35,21,20,20,0,0,0,20,15,0,0,0,1,0,0,0,0,0,0,0,0,B:35,-,41,54.8%,0,0,0,0,0,0,1,0,0,0,0,0,0,0,0,0,0,0,normal,shot_limited,-,0,none
546,23,23,23,24,24,0,0,0,15,0,0,0,0,0,0,0,0,0,0,0,0,B:23,-,39,53.0%,0,0,0,0,0,0,0,0,0,0,0,0,0,0,0,0,0,0,normal,shot_limited,-,0,none
547,21,35,20,20,21,0,0,0,15,0,0,0,0,0,0,0,0,0,0,0,0,R:35,-,41,51.2%,0,0,0,0,0,0,0,1,0,0,0,0,0,0,0,0,0,0,normal,shot_limited,-,0,none
548,20,20,35,20,20,0,0,0,15,0,0,0,0,0,0,0,1,0,0,0,0,G:40,-,41,49.4%,0,0,1,0,0,0,0,0,0,0,0,0,0,0,0,0,0,0,normal,shot_limited,-,0,none
549,19,19,19,33,19,0,0,0,15,0,0,0,0,0,0,0,0,1,0,1,10,Y:38,-,46,47.6%,0,0,0,0,0,0,0,0,0,0,0,0,0,0,0,0,0,0,normal,shot_limited,-,0,none
550,18,17,18,18,30,0,0,0,15,0,22,0,0,0,0,0,0,0,0,0,0,P:30,雪球:22,43,45.8%,0,0,0,0,0,0,0,0,0,0,0,0,0,0,0,0,0,0,special_floating_island,timed_infinite_shots,-,4,none
551,0,24,23,23,23,24,0,0,15,0,0,0,0,0,0,0,0,0,0,0,0,Y:23,-,33,62.0%,0,0,0,0,0,0,0,0,0,0,0,0,0,0,0,0,0,0,normal,shot_limited,-,0,none
552,0,21,21,20,35,20,0,0,15,0,0,0,0,0,0,0,0,0,0,0,0,P:35,-,39,60.2%,0,0,0,0,0,0,0,0,0,0,0,0,3,0,0,0,0,0,normal,shot_limited,-,0,none
553,0,23,23,24,24,23,0,0,15,0,0,0,0,0,0,0,0,0,0,0,0,R:23,-,39,58.4%,0,0,0,0,0,0,0,0,0,0,0,0,0,0,0,0,0,0,normal,shot_limited,-,0,none
554,0,20,35,20,21,21,0,0,15,0,0,0,0,0,0,0,0,0,0,0,0,G:35,-,39,56.6%,0,0,0,0,0,0,0,0,0,0,0,0,0,0,2,0,0,0,normal,shot_limited,-,0,none
555,0,24,23,23,23,24,0,0,15,0,0,0,0,0,0,0,0,0,0,0,0,Y:23,-,39,54.8%,0,0,0,0,0,0,0,0,0,0,0,0,0,0,0,0,0,0,normal,shot_limited,-,0,none
556,0,0,35,21,21,20,20,0,15,0,0,0,0,0,0,0,0,0,0,0,0,G:35,-,39,53.0%,0,0,0,0,0,0,0,0,0,0,0,0,0,3,0,0,0,0,normal,shot_limited,-,0,per_attempt_no_repeat
557,0,0,19,33,19,19,19,0,15,0,0,0,0,0,0,0,0,0,0,1,10,Y:33,-,46,51.2%,0,0,0,1,0,0,0,0,0,0,0,0,0,0,0,0,0,0,normal,shot_limited,-,0,none
558,0,0,20,20,35,21,21,0,15,1,0,0,0,0,0,0,0,0,0,0,0,P:35,-,41,49.4%,0,0,0,0,0,0,0,0,0,0,0,0,0,0,0,0,0,0,normal,shot_limited,-,0,per_attempt_no_repeat
559,0,0,23,24,23,23,24,0,15,0,0,0,0,0,0,0,0,0,0,0,0,G:23,-,41,47.6%,0,0,0,0,0,0,0,0,0,0,0,0,0,0,0,0,0,0,normal,shot_limited,-,0,none
560,0,0,21,35,21,20,20,0,15,0,0,0,0,0,0,0,0,0,0,0,0,Y:35,-,41,45.8%,0,0,0,0,0,0,0,0,0,0,0,0,0,0,0,0,0,0,special_floating_island,timed_infinite_shots,-,5,none
561,0,0,0,23,23,24,24,23,15,0,0,0,0,0,0,0,0,0,0,0,0,Y:23,-,39,62.0%,0,0,0,0,0,0,0,0,0,0,0,0,0,0,0,0,0,0,normal,shot_limited,-,0,none
562,0,0,0,20,34,20,20,20,15,0,0,0,0,0,0,0,0,0,0,0,0,P:34,-,42,60.2%,0,0,0,0,0,0,0,0,0,0,3,0,0,0,0,0,0,0,normal,shot_limited,-,0,none
563,0,0,0,27,16,16,15,16,15,0,0,0,0,0,0,0,0,0,0,0,0,Y:27,-,33,58.4%,0,0,0,0,0,0,0,0,0,0,0,0,0,0,0,0,0,0,trapped_sprite_rescue,shot_limited,yumi,0,none
564,0,0,0,19,33,19,19,19,15,0,0,0,0,0,0,0,0,0,0,1,10,P:33,-,46,56.6%,0,0,0,0,0,0,0,0,0,0,0,3,0,0,0,0,0,0,normal,shot_limited,-,0,none
565,0,0,0,35,20,21,21,20,15,0,0,0,0,0,0,0,0,0,0,0,0,Y:35,-,39,54.8%,0,0,0,0,0,0,0,0,0,0,0,0,0,0,0,0,2,0,multi_trapped_spirit_rescue,shot_limited,-,0,none
566,23,0,0,0,23,23,24,24,15,0,0,0,0,0,0,0,0,0,0,0,0,B:23,-,39,53.0%,0,0,0,0,0,0,0,0,0,0,0,0,0,0,0,0,0,0,normal,shot_limited,-,0,none
567,21,0,0,0,35,21,20,20,15,0,0,0,0,0,0,0,0,0,0,0,0,P:35,-,41,51.2%,0,0,0,0,1,0,0,0,0,0,0,0,0,0,0,0,0,0,normal,shot_limited,-,0,per_attempt_no_repeat
568,35,0,0,0,21,21,20,20,15,0,0,0,0,0,0,0,0,0,0,0,0,B:35,-,41,49.4%,0,0,0,0,0,0,0,0,1,0,0,0,0,0,0,0,0,0,normal,shot_limited,-,0,none
569,20,0,0,0,35,20,21,21,15,0,0,0,1,0,0,0,0,0,0,0,0,P:35,-,42,47.6%,0,0,0,0,0,0,0,0,0,0,0,0,0,0,0,0,0,0,normal,shot_limited,-,0,per_attempt_no_repeat
570,35,0,0,0,20,20,21,21,15,0,0,1,0,0,0,0,0,0,0,0,0,B:35,-,42,45.8%,0,0,0,0,0,0,0,0,0,0,0,0,0,0,0,0,0,0,special_floating_island,timed_infinite_shots,-,2,none
571,35,21,0,0,0,21,20,20,15,0,0,0,0,0,0,0,0,0,0,0,0,B:35,-,40,62.0%,0,0,0,0,0,1,0,0,0,0,0,0,0,0,0,0,0,0,normal,shot_limited,-,0,none
572,20,35,0,0,0,21,21,20,15,0,0,1,0,0,0,0,0,0,0,0,0,R:35,-,40,60.2%,0,0,0,0,0,0,0,0,0,0,0,0,0,0,0,0,0,0,normal,shot_limited,-,0,per_attempt_no_repeat
573,35,20,0,0,0,20,21,21,15,0,0,0,0,0,0,0,0,0,0,0,0,B:35,-,39,58.4%,0,0,0,0,0,0,0,0,0,0,0,0,0,0,0,0,0,1,normal,shot_limited,-,0,none
574,21,35,0,0,0,20,20,21,15,0,0,0,1,0,0,0,0,0,0,0,0,R:35,-,40,56.6%,0,0,0,0,0,0,0,0,0,0,0,0,0,0,0,1,0,0,normal,shot_limited,-,0,none
575,35,21,0,0,0,21,20,20,15,0,0,0,0,0,0,0,0,0,0,0,0,B:35,-,40,54.8%,0,0,0,0,0,0,1,0,0,0,0,0,0,0,0,0,0,0,normal,shot_limited,-,0,per_attempt_no_repeat
576,18,17,30,0,0,0,18,18,15,0,22,0,0,0,0,0,0,0,0,0,0,G:30,雪球:22,41,53.0%,0,0,0,0,0,0,0,0,0,0,0,0,0,0,0,0,0,0,normal,shot_limited,-,0,per_attempt_no_repeat
577,35,20,20,0,0,0,20,20,15,0,0,0,0,0,0,0,0,0,0,0,0,B:35,-,41,51.2%,0,0,1,0,0,0,0,1,0,0,0,0,0,0,0,0,0,0,normal,shot_limited,-,0,none
578,21,35,21,0,0,0,20,20,15,0,0,0,0,0,0,0,0,0,0,0,0,R:35,-,41,49.4%,1,0,0,0,0,0,0,0,0,0,0,0,0,0,0,0,0,0,normal,shot_limited,-,0,per_attempt_no_repeat
579,19,19,32,0,0,0,19,19,15,0,0,0,0,0,0,0,0,0,0,1,10,G:32,-,46,47.6%,0,0,1,0,0,0,0,0,0,0,0,0,0,0,0,0,0,0,normal,shot_limited,-,0,none
580,35,20,20,0,0,0,21,21,15,0,0,0,0,0,0,0,0,0,0,0,0,B:35,-,41,45.8%,0,0,0,0,0,0,0,0,0,0,0,0,0,0,0,0,0,0,special_floating_island,timed_infinite_shots,-,3,none
581,23,24,24,23,0,0,0,23,15,0,0,0,0,0,0,0,0,0,0,0,0,B:23,-,39,62.0%,0,0,0,0,0,0,0,0,0,0,0,0,0,0,0,0,0,0,normal,shot_limited,-,0,none
582,20,35,21,20,0,0,0,20,15,0,0,0,0,0,0,0,0,0,0,0,0,R:35,-,40,60.2%,0,0,1,0,0,0,0,0,0,0,0,0,3,0,0,0,0,0,normal,shot_limited,-,0,none
583,23,23,23,24,0,0,0,24,15,0,0,0,0,0,0,0,0,0,0,0,0,G:23,-,39,58.4%,0,0,0,0,0,0,0,0,0,0,0,0,0,0,0,0,0,0,normal,shot_limited,-,0,none
584,21,20,20,35,0,0,0,21,15,0,0,0,1,0,0,0,0,0,0,0,0,Y:35,-,40,56.6%,0,0,0,0,0,0,0,0,0,0,0,0,0,0,2,0,0,0,normal,shot_limited,-,0,none
585,35,21,21,20,0,0,0,20,15,0,0,0,0,0,0,0,0,0,0,0,0,B:35,-,39,54.8%,0,0,0,0,0,0,0,0,0,0,0,0,0,3,0,0,0,0,normal,shot_limited,-,0,none
586,27,16,15,16,16,0,0,0,15,0,0,0,0,0,0,0,0,0,0,0,0,B:27,-,33,53.0%,0,0,0,0,0,0,0,0,0,0,0,0,0,0,0,0,0,0,trapped_sprite_rescue,shot_limited,milu,0,none
587,21,35,20,20,21,0,0,0,15,0,0,0,0,0,0,0,0,0,0,0,0,R:35,-,41,51.2%,0,0,0,1,0,0,0,0,0,0,0,0,0,0,0,0,0,0,normal,shot_limited,-,0,per_attempt_no_repeat
588,21,21,35,20,20,0,0,0,15,0,0,0,0,0,0,0,0,0,0,0,0,G:35,-,41,49.4%,0,1,0,0,0,0,0,0,0,0,0,0,0,0,0,0,0,0,normal,shot_limited,-,0,per_attempt_no_repeat
589,23,24,24,23,23,0,0,0,15,0,0,0,0,0,0,0,0,0,0,0,0,Y:23,-,41,47.6%,0,0,0,0,0,0,0,0,0,0,0,0,0,0,0,0,0,0,normal,shot_limited,-,0,none
590,20,20,21,21,35,0,0,0,15,1,0,0,0,0,0,0,0,0,0,0,0,P:35,-,42,45.8%,0,0,0,0,0,0,0,0,0,0,0,0,0,0,0,0,0,0,special_floating_island,timed_infinite_shots,-,4,none
591,0,24,23,23,23,24,0,0,15,0,0,0,0,0,0,0,0,0,0,0,0,Y:23,-,39,62.0%,0,0,0,0,0,0,0,0,0,0,0,0,0,0,0,0,0,0,normal,shot_limited,-,0,none
592,0,18,17,17,29,17,0,0,15,0,22,0,0,0,0,0,0,0,0,0,0,P:29,雪球:22,43,60.2%,0,0,0,0,0,0,0,0,0,0,3,0,0,0,0,0,0,0,normal,shot_limited,-,0,none
593,0,23,23,24,24,23,0,0,15,0,0,0,0,0,0,0,0,0,0,0,0,R:23,-,39,58.4%,0,0,0,0,0,0,0,0,0,0,0,0,0,0,0,0,0,0,normal,shot_limited,-,0,none
594,0,20,35,20,21,21,0,0,15,0,0,0,0,0,0,0,0,0,0,0,0,G:35,-,39,56.6%,0,0,0,0,0,0,0,0,0,0,0,3,0,0,0,0,0,0,normal,shot_limited,-,0,per_attempt_no_repeat
595,0,21,20,35,20,21,0,0,15,0,0,0,0,0,0,0,0,0,0,0,0,Y:35,-,40,54.8%,1,0,0,0,0,0,0,0,0,0,0,0,0,0,0,0,2,0,multi_trapped_spirit_rescue,shot_limited,-,0,none
596,0,0,21,35,21,20,20,0,15,0,0,0,0,1,0,0,0,0,0,0,0,Y:35,-,40,53.0%,0,0,0,0,0,0,0,0,0,0,0,0,0,0,0,0,0,0,normal,shot_limited,-,0,per_attempt_no_repeat
597,0,0,20,21,35,21,20,0,15,0,0,0,0,0,0,0,0,0,0,0,0,P:35,-,41,51.2%,0,0,0,0,1,0,0,0,0,0,0,0,0,0,0,0,0,0,normal,shot_limited,-,0,none
598,0,0,33,19,19,19,19,0,15,0,0,0,0,0,0,0,0,0,0,1,10,G:33,-,46,49.4%,0,0,0,0,0,0,0,0,1,0,0,0,0,0,0,0,0,0,normal,shot_limited,-,0,none
599,0,0,16,27,15,15,16,0,15,1,0,0,0,0,0,0,0,0,0,0,0,Y:27,-,35,47.6%,0,0,0,0,0,0,0,0,0,0,0,0,0,0,0,0,0,0,trapped_sprite_rescue,shot_limited,lumi,0,none
600,0,0,21,21,35,20,20,0,15,0,0,0,0,0,0,0,0,0,0,0,0,P:35,-,41,45.8%,0,0,0,0,0,0,0,0,0,0,0,0,0,0,0,0,0,0,special_floating_island,timed_infinite_shots,-,5,none
601,0,0,0,35,20,20,20,20,15,0,0,0,0,0,0,0,0,0,0,0,0,Y:35,-,40,58.0%,0,0,1,0,0,1,0,0,0,0,0,0,0,0,0,0,0,0,normal,shot_limited,-,0,none
602,0,0,0,23,23,23,24,24,15,0,0,0,0,0,0,0,0,0,0,0,0,P:23,-,39,56.2%,0,0,0,0,0,0,0,0,0,0,0,0,0,0,0,0,0,0,normal,shot_limited,-,0,none
603,0,0,0,35,21,20,20,21,15,0,0,0,1,0,0,0,0,0,0,0,0,Y:35,-,40,54.4%,0,0,0,0,0,0,0,0,0,0,0,0,0,0,0,0,0,1,normal,shot_limited,-,0,none
604,0,0,0,21,35,21,20,20,15,0,0,0,0,0,0,0,0,0,0,0,0,P:35,-,39,52.6%,0,0,0,0,0,0,0,0,0,0,0,0,0,0,0,1,0,0,normal,shot_limited,-,0,per_attempt_no_repeat
605,0,0,0,35,20,21,21,20,15,0,0,0,0,0,0,0,0,0,0,0,0,Y:35,-,40,50.8%,0,0,0,0,0,0,1,0,0,0,0,0,0,0,0,0,0,0,normal,shot_limited,-,0,none
606,23,0,0,0,23,23,24,24,15,0,0,0,0,0,0,0,0,0,0,0,0,B:23,-,39,49.0%,0,0,0,0,0,0,0,0,0,0,0,0,0,0,0,0,0,0,normal,shot_limited,-,0,none
607,21,0,0,0,35,21,20,20,15,0,0,0,0,0,0,0,0,0,0,0,0,P:35,-,41,47.2%,0,0,0,0,0,0,0,1,0,0,0,0,0,0,0,0,0,0,normal,shot_limited,-,0,per_attempt_no_repeat
608,35,0,0,0,21,20,20,20,15,0,0,0,0,0,0,0,0,0,0,0,0,B:35,-,41,45.4%,0,0,1,0,0,0,0,0,0,0,0,0,0,0,0,0,0,0,normal,shot_limited,-,0,per_attempt_no_repeat
609,20,0,0,0,35,20,21,21,15,0,0,0,0,0,0,0,0,0,1,0,0,P:40,-,42,43.6%,0,0,0,0,0,0,0,0,0,0,0,0,0,0,0,0,0,0,normal,shot_limited,-,0,per_attempt_no_repeat
610,35,0,0,0,20,20,21,21,15,0,0,0,1,0,0,0,0,0,0,0,0,B:35,-,42,42.0%,0,0,0,0,0,0,0,0,0,0,0,0,0,0,0,0,0,0,special_floating_island,timed_infinite_shots,-,2,none
611,23,24,0,0,0,24,23,23,15,0,0,0,0,0,0,0,0,0,0,0,0,B:23,-,39,58.0%,0,0,0,0,0,0,0,0,0,0,0,0,0,0,0,0,0,0,normal,shot_limited,-,0,none
612,20,35,0,0,0,21,21,20,15,0,0,0,0,0,0,0,0,0,0,0,0,R:35,-,39,56.2%,0,0,0,0,0,0,0,0,0,0,0,0,3,0,0,0,0,0,normal,shot_limited,-,0,per_attempt_no_repeat
613,23,23,0,0,0,23,24,24,15,0,0,0,0,0,0,0,0,0,0,0,0,B:23,-,39,54.4%,0,0,0,0,0,0,0,0,0,0,0,0,0,0,0,0,0,0,normal,shot_limited,-,0,none
614,21,35,0,0,0,20,20,21,15,0,0,0,0,0,0,0,0,0,0,0,0,R:35,-,39,52.6%,0,0,0,0,0,0,0,0,0,0,0,0,0,0,2,0,0,0,normal,shot_limited,-,0,per_attempt_no_repeat
615,35,21,0,0,0,20,20,20,15,0,0,0,0,0,0,0,0,0,0,0,0,B:35,-,40,50.8%,0,0,1,0,0,0,0,0,0,0,0,0,0,3,0,0,0,0,normal,shot_limited,-,0,none
616,23,23,23,0,0,0,24,24,15,0,0,0,0,0,0,0,0,0,0,0,0,B:23,-,39,49.0%,0,0,0,0,0,0,0,0,0,0,0,0,0,0,0,0,0,0,normal,shot_limited,-,0,none
617,21,35,20,0,0,0,20,21,15,0,0,0,0,0,0,0,0,0,0,0,0,R:35,-,41,47.2%,0,0,0,1,0,0,0,0,0,0,0,0,0,0,0,0,0,0,normal,shot_limited,-,0,none
618,21,21,35,0,0,0,20,20,15,1,0,0,0,0,0,0,0,0,0,0,0,G:35,-,41,45.4%,0,0,0,0,0,0,0,0,0,0,0,0,0,0,0,0,0,0,normal,shot_limited,-,0,none
619,23,23,24,0,0,0,24,23,15,0,0,0,0,0,0,0,0,0,0,0,0,B:23,-,41,43.6%,0,0,0,0,0,0,0,0,0,0,0,0,0,0,0,0,0,0,normal,shot_limited,-,0,none
620,20,35,20,0,0,0,21,21,15,0,0,0,0,0,0,0,0,0,0,0,0,R:35,-,41,42.0%,0,0,0,0,0,0,0,0,0,0,0,0,0,0,0,0,0,0,special_floating_island,timed_infinite_shots,-,3,none
621,23,24,24,23,0,0,0,23,15,0,0,0,0,0,0,0,0,0,0,0,0,B:23,-,39,58.0%,0,0,0,0,0,0,0,0,0,0,0,0,0,0,0,0,0,0,normal,shot_limited,-,0,none
622,20,34,20,20,0,0,0,20,15,0,0,0,0,0,0,0,0,0,0,0,0,R:34,-,42,56.2%,0,0,0,0,0,0,0,0,0,0,3,0,0,0,0,0,0,0,normal,shot_limited,-,0,per_attempt_no_repeat
623,23,23,23,24,0,0,0,24,15,0,0,0,0,0,0,0,0,0,0,0,0,G:23,-,39,54.4%,0,0,0,0,0,0,0,0,0,0,0,0,0,0,0,0,0,0,normal,shot_limited,-,0,none
624,21,20,20,35,0,0,0,21,15,0,0,0,0,0,0,0,0,0,0,0,0,Y:35,-,39,52.6%,0,0,0,0,0,0,0,0,0,0,0,3,0,0,0,0,0,0,normal,shot_limited,-,0,none
625,27,16,16,16,0,0,0,15,15,0,0,0,0,0,0,0,0,0,0,0,0,B:27,-,33,50.8%,0,0,0,0,0,0,0,0,0,0,0,0,0,0,0,0,0,0,trapped_sprite_rescue,shot_limited,noya,0,none
626,35,20,20,21,21,0,0,0,15,0,0,0,0,0,0,0,0,0,0,0,0,B:35,-,39,49.0%,0,0,0,0,0,0,0,0,0,0,0,0,0,0,0,0,2,0,multi_trapped_spirit_rescue,shot_limited,-,0,none
627,20,35,20,20,21,0,0,0,15,0,0,0,0,0,0,1,0,0,0,0,0,R:40,-,42,47.2%,0,0,0,0,1,0,0,0,0,0,0,0,0,0,0,0,0,0,normal,shot_limited,-,0,none
628,21,21,35,20,20,0,0,0,15,0,0,0,0,0,0,0,0,0,0,0,0,G:35,-,41,45.4%,0,0,0,0,0,0,0,0,1,0,0,0,0,0,0,0,0,0,normal,shot_limited,-,0,per_attempt_no_repeat
629,20,21,21,35,20,0,0,0,15,0,0,0,1,0,0,0,0,0,0,0,0,Y:35,-,42,43.6%,0,0,0,0,0,0,0,0,0,0,0,0,0,0,0,0,0,0,normal,shot_limited,-,0,none
630,20,20,21,21,35,0,0,0,15,0,0,1,0,0,0,0,0,0,0,0,0,P:35,-,42,42.0%,0,0,0,0,0,0,0,0,0,0,0,0,0,0,0,0,0,0,special_floating_island,timed_infinite_shots,-,4,none
631,0,21,20,35,20,21,0,0,15,0,0,0,0,0,0,0,0,0,0,0,0,Y:35,-,40,58.0%,0,0,0,0,0,1,0,0,0,0,0,0,0,0,0,0,0,0,normal,shot_limited,-,0,per_attempt_no_repeat
632,0,21,21,20,35,20,0,0,15,0,0,1,0,0,0,0,0,0,0,0,0,P:35,-,40,56.2%,0,0,0,0,0,0,0,0,0,0,0,0,0,0,0,0,0,0,normal,shot_limited,-,0,none
633,0,35,20,21,21,20,0,0,15,0,0,0,0,0,0,0,0,0,0,0,0,R:35,-,39,54.4%,0,0,0,0,0,0,0,0,0,0,0,0,0,0,0,0,0,1,normal,shot_limited,-,0,per_attempt_no_repeat
634,0,20,35,20,21,21,0,0,15,0,0,0,0,0,0,0,0,0,0,0,0,G:35,-,39,52.6%,0,0,0,0,0,0,0,0,0,0,0,0,0,0,0,1,0,0,normal,shot_limited,-,0,none
635,0,20,20,35,20,20,0,0,15,0,0,0,0,0,0,0,0,0,0,0,0,Y:35,-,40,50.8%,0,0,1,0,0,0,1,0,0,0,0,0,0,0,0,0,0,0,normal,shot_limited,-,0,none
636,0,0,18,18,30,18,17,0,15,0,22,0,0,0,0,0,0,0,0,0,0,P:30,雪球:22,41,49.0%,0,0,0,0,0,0,0,0,0,0,0,0,0,0,0,0,0,0,normal,shot_limited,-,0,none
637,0,0,35,20,21,21,20,0,15,0,0,0,0,0,0,0,0,0,0,0,0,G:35,-,41,47.2%,0,0,0,0,0,0,0,1,0,0,0,0,0,0,0,0,0,0,normal,shot_limited,-,0,none
638,0,0,20,35,20,21,21,0,15,0,0,0,0,0,0,0,0,0,0,0,0,Y:35,-,41,45.4%,1,0,0,0,0,0,0,0,0,0,0,0,0,0,0,0,0,0,normal,shot_limited,-,0,none
639,0,0,19,19,33,19,19,0,15,0,0,0,0,0,0,0,0,0,0,1,10,P:33,-,46,43.6%,0,0,0,0,0,0,0,0,0,0,0,0,0,0,0,0,0,0,normal,shot_limited,-,0,per_attempt_no_repeat
640,0,0,35,21,21,20,20,0,15,0,0,0,0,0,0,0,0,0,0,0,0,G:35,-,41,42.0%,0,0,0,0,0,0,0,0,0,0,0,0,0,0,0,0,0,0,special_floating_island,timed_infinite_shots,-,5,none
641,0,0,0,35,20,21,21,20,15,0,0,0,0,0,0,0,0,0,0,0,0,Y:35,-,39,58.0%,0,0,0,0,0,0,0,0,0,0,0,0,3,0,0,0,0,0,normal,shot_limited,-,0,none
642,0,0,0,16,27,15,16,16,15,0,0,0,0,0,0,0,0,0,0,0,0,P:27,-,33,56.2%,0,0,0,0,0,0,0,0,0,0,0,0,0,0,0,0,0,0,trapped_sprite_rescue,shot_limited,flora,0,none
643,0,0,0,23,24,23,23,24,15,0,0,0,0,0,0,0,0,0,0,0,0,Y:23,-,39,54.4%,0,0,0,0,0,0,0,0,0,0,0,0,0,0,0,0,0,0,normal,shot_limited,-,0,none
644,0,0,0,21,35,21,20,20,15,0,0,0,0,0,0,0,0,0,0,0,0,P:35,-,39,52.6%,0,0,0,0,0,0,0,0,0,0,0,0,0,0,2,0,0,0,normal,shot_limited,-,0,none
645,0,0,0,35,20,21,21,20,15,0,0,0,0,0,0,0,0,0,0,0,0,Y:35,-,39,50.8%,0,0,0,0,0,0,0,0,0,0,0,0,0,3,0,0,0,0,normal,shot_limited,-,0,per_attempt_no_repeat
646,23,0,0,0,23,23,24,24,15,0,0,0,0,0,0,0,0,0,0,0,0,B:23,-,39,49.0%,0,0,0,0,0,0,0,0,0,0,0,0,0,0,0,0,0,0,normal,shot_limited,-,0,none
647,21,0,0,0,35,20,20,20,15,1,0,0,0,0,0,0,0,0,0,0,0,P:35,-,42,47.2%,0,0,0,1,0,0,0,0,0,0,0,0,0,0,0,0,0,0,normal,shot_limited,-,0,none
648,35,0,0,0,21,21,20,20,15,0,0,0,0,0,0,0,0,0,0,0,0,B:35,-,41,45.4%,0,1,0,0,0,0,0,0,0,0,0,0,0,0,0,0,0,0,normal,shot_limited,-,0,none
649,23,0,0,0,23,23,24,24,15,0,0,0,0,0,0,0,0,0,0,0,0,P:23,-,41,43.6%,0,0,0,0,0,0,0,0,0,0,0,0,0,0,0,0,0,0,normal,shot_limited,-,0,none
650,30,0,0,0,18,17,18,18,15,0,22,0,0,0,0,0,0,0,0,0,0,B:30,雪球:22,43,42.0%,0,0,0,0,0,0,0,0,0,0,0,0,0,0,0,0,0,0,special_floating_island,timed_infinite_shots,-,2,none
651,23,24,0,0,0,24,23,23,15,0,0,0,0,0,0,0,0,0,0,0,0,B:23,-,39,58.0%,0,0,0,0,0,0,0,0,0,0,0,0,0,0,0,0,0,0,normal,shot_limited,-,0,none
652,20,34,0,0,0,20,20,20,15,0,0,0,0,0,0,0,0,0,0,0,0,R:34,-,42,56.2%,0,0,0,0,0,0,0,0,0,0,3,0,0,0,0,0,0,0,normal,shot_limited,-,0,none
653,23,23,0,0,0,23,24,24,15,0,0,0,0,0,0,0,0,0,0,0,0,B:23,-,39,54.4%,0,0,0,0,0,0,0,0,0,0,0,0,0,0,0,0,0,0,normal,shot_limited,-,0,none
654,21,35,0,0,0,20,20,21,15,0,0,0,0,0,0,0,0,0,0,0,0,R:35,-,40,52.6%,1,0,0,0,0,0,0,0,0,0,0,3,0,0,0,0,0,0,normal,shot_limited,-,0,none
655,35,21,0,0,0,21,20,20,15,0,0,0,0,1,0,0,0,0,0,0,0,B:35,-,40,50.8%,0,0,0,0,0,0,0,0,0,0,0,0,0,0,0,0,0,0,normal,shot_limited,-,0,none
656,20,35,20,0,0,0,21,21,15,1,0,0,0,0,0,0,0,0,0,0,0,R:35,-,40,49.0%,0,0,0,0,0,0,0,0,0,0,0,0,0,0,0,0,2,0,multi_trapped_spirit_rescue,shot_limited,-,0,none
657,21,20,35,0,0,0,20,21,15,0,0,0,0,0,0,0,0,0,0,0,0,G:35,-,41,47.2%,0,0,0,0,1,0,0,0,0,0,0,0,0,0,0,0,0,0,normal,shot_limited,-,0,per_attempt_no_repeat
658,35,21,21,0,0,0,20,20,15,0,0,0,0,0,0,0,0,0,0,0,0,B:35,-,41,45.4%,0,0,0,0,0,0,0,0,1,0,0,0,0,0,0,0,0,0,normal,shot_limited,-,0,none
659,23,23,24,0,0,0,24,23,15,0,0,0,0,0,0,0,0,0,0,0,0,R:23,-,41,43.6%,0,0,0,0,0,0,0,0,0,0,0,0,0,0,0,0,0,0,normal,shot_limited,-,0,none
660,20,20,35,0,0,0,21,21,15,0,0,0,0,0,0,0,0,0,0,0,0,G:35,-,41,42.0%,0,0,0,0,0,0,0,0,0,0,0,0,0,0,0,0,0,0,special_floating_island,timed_infinite_shots,-,3,none
661,35,21,21,20,0,0,0,20,15,0,0,0,0,0,0,0,0,0,0,0,0,B:35,-,40,58.0%,0,0,0,0,0,1,0,0,0,0,0,0,0,0,0,0,0,0,normal,shot_limited,-,0,none
662,20,35,21,21,0,0,0,20,15,0,0,0,0,0,0,0,0,0,0,0,0,R:35,-,39,56.2%,0,0,0,0,0,0,0,0,0,0,0,0,0,0,0,0,0,1,normal,shot_limited,-,0,none
663,12,12,20,12,0,0,0,12,15,0,22,0,0,0,0,0,0,0,0,0,0,G:20,雪球:22,33,54.4%,0,0,0,0,0,0,0,0,0,0,0,0,0,0,0,0,0,0,trapped_sprite_rescue,shot_limited,loco,0,none
664,20,20,20,35,0,0,0,21,15,0,0,0,0,0,0,0,0,0,0,0,0,Y:35,-,40,52.6%,0,0,1,0,0,0,0,0,0,0,0,0,0,0,0,1,0,0,normal,shot_limited,-,0,none
665,35,21,21,20,0,0,0,20,15,0,0,0,0,0,0,0,0,0,0,0,0,B:35,-,40,50.8%,0,0,0,0,0,0,1,0,0,0,0,0,0,0,0,0,0,0,normal,shot_limited,-,0,per_attempt_no_repeat
666,23,23,23,24,24,0,0,0,15,0,0,0,0,0,0,0,0,0,0,0,0,B:23,-,39,49.0%,0,0,0,0,0,0,0,0,0,0,0,0,0,0,0,0,0,0,normal,shot_limited,-,0,none
667,20,35,20,20,21,0,0,0,15,0,0,0,1,0,0,0,0,0,0,0,0,R:35,-,42,47.2%,0,0,0,0,0,0,0,1,0,0,0,0,0,0,0,0,0,0,normal,shot_limited,-,0,none
668,21,20,35,20,20,0,0,0,15,0,0,0,0,0,0,0,0,0,0,0,0,G:35,-,41,45.4%,0,0,1,0,0,0,0,0,0,0,0,0,0,0,0,0,0,0,normal,shot_limited,-,0,none
669,20,21,21,35,20,0,0,0,15,0,0,0,0,0,0,0,0,1,0,0,0,Y:40,-,42,43.6%,0,0,0,0,0,0,0,0,0,0,0,0,0,0,0,0,0,0,normal,shot_limited,-,0,none
670,20,20,21,21,35,0,0,0,15,0,0,0,1,0,0,0,0,0,0,0,0,P:35,-,42,42.0%,0,0,0,0,0,0,0,0,0,0,0,0,0,0,0,0,0,0,special_floating_island,timed_infinite_shots,-,4,none
671,0,21,20,35,20,21,0,0,15,0,0,0,0,0,0,0,0,0,0,0,0,Y:35,-,40,58.0%,0,1,0,0,0,0,0,0,0,0,0,0,3,0,0,0,0,0,normal,shot_limited,-,0,none
672,0,24,24,23,23,23,0,0,15,0,0,0,0,0,0,0,0,0,0,0,0,P:23,-,39,56.2%,0,0,0,0,0,0,0,0,0,0,0,0,0,0,0,0,0,0,normal,shot_limited,-,0,none
673,0,23,23,24,24,23,0,0,15,0,0,0,0,0,0,0,0,0,0,0,0,R:23,-,39,54.4%,0,0,0,0,0,0,0,0,0,0,0,0,0,0,0,0,0,0,normal,shot_limited,-,0,none
674,0,20,35,20,21,20,0,0,15,0,0,0,0,0,0,0,0,0,0,0,0,G:35,-,40,52.6%,0,0,1,0,0,0,0,0,0,0,0,0,0,0,2,0,0,0,normal,shot_limited,-,0,none
675,0,21,20,35,20,21,0,0,15,0,0,0,0,0,0,0,0,0,0,0,0,Y:35,-,39,50.8%,0,0,0,0,0,0,0,0,0,0,0,0,0,3,0,0,0,0,normal,shot_limited,-,0,none
676,0,0,23,24,24,23,23,0,15,0,0,0,0,0,0,0,0,0,0,0,0,G:23,-,39,49.0%,0,0,0,0,0,0,0,0,0,0,0,0,0,0,0,0,0,0,normal,shot_limited,-,0,none
677,0,0,20,35,21,21,20,0,15,0,0,0,0,0,0,0,0,0,0,0,0,Y:35,-,41,47.2%,0,0,0,1,0,0,0,0,0,0,0,0,0,0,0,0,0,0,normal,shot_limited,-,0,per_attempt_no_repeat
678,0,0,20,20,35,21,20,0,15,1,0,0,0,1,0,0,0,0,0,0,0,P:35,-,42,45.4%,0,0,0,0,0,0,0,0,0,0,0,0,0,0,0,0,0,0,normal,shot_limited,-,0,none
679,0,0,23,24,23,23,24,0,15,0,0,0,0,0,0,0,0,0,0,0,0,G:23,-,41,43.6%,0,0,0,0,0,0,0,0,0,0,0,0,0,0,0,0,0,0,normal,shot_limited,-,0,none
680,0,0,21,35,21,20,20,0,15,0,0,0,0,0,0,0,0,0,0,0,0,Y:35,-,41,42.0%,0,0,0,0,0,0,0,0,0,0,0,0,0,0,0,0,0,0,special_floating_island,timed_infinite_shots,-,5,none
681,0,0,0,23,23,24,24,23,15,0,0,0,0,0,0,0,0,0,0,0,0,Y:23,-,39,58.0%,0,0,0,0,0,0,0,0,0,0,0,0,0,0,0,0,0,0,normal,shot_limited,-,0,none
682,0,0,0,20,34,20,20,20,15,0,0,0,0,0,0,0,0,0,0,0,0,P:34,-,42,56.2%,1,0,0,0,0,0,0,0,0,0,3,0,0,0,0,0,0,0,normal,shot_limited,-,0,none
683,0,0,0,23,24,23,23,24,15,0,0,0,0,0,0,0,0,0,0,0,0,Y:23,-,39,54.4%,0,0,0,0,0,0,0,0,0,0,0,0,0,0,0,0,0,0,normal,shot_limited,-,0,none
684,0,0,0,21,35,21,20,20,15,0,0,0,0,0,0,0,0,0,0,0,0,P:35,-,39,52.6%,0,0,0,0,0,0,0,0,0,0,0,3,0,0,0,0,0,0,normal,shot_limited,-,0,per_attempt_no_repeat
685,0,0,0,35,20,21,21,20,15,0,0,0,0,0,0,0,0,0,0,0,0,Y:35,-,39,50.8%,0,0,0,0,0,0,0,0,0,0,0,0,0,0,0,0,2,0,multi_trapped_spirit_rescue,shot_limited,-,0,none
686,27,0,0,0,16,15,16,16,15,0,0,0,0,0,0,0,0,0,0,0,0,B:27,-,33,49.0%,0,0,0,0,0,0,0,0,0,0,0,0,0,0,0,0,0,0,trapped_sprite_rescue,shot_limited,kelu,0,none
687,21,0,0,0,35,21,20,20,15,0,0,0,0,0,0,0,0,0,0,0,0,P:35,-,41,47.2%,0,0,0,0,1,0,0,0,0,0,0,0,0,0,0,0,0,0,normal,shot_limited,-,0,none
688,35,0,0,0,21,20,20,20,15,0,0,0,0,0,0,0,0,0,0,0,0,B:35,-,41,45.4%,0,1,0,0,0,0,0,0,1,0,0,0,0,0,0,0,0,0,normal,shot_limited,-,0,none
689,20,0,0,0,35,20,21,20,15,0,0,0,1,0,0,0,0,0,0,0,0,P:35,-,42,43.6%,0,1,0,0,0,0,0,0,0,0,0,0,0,0,0,0,0,0,normal,shot_limited,-,0,none
690,35,0,0,0,20,20,21,21,15,0,0,1,0,0,0,0,0,0,0,0,0,B:35,-,42,42.0%,0,0,0,0,0,0,0,0,0,0,0,0,0,0,0,0,0,0,special_floating_island,timed_infinite_shots,-,2,none
691,35,21,0,0,0,20,20,20,15,0,0,0,0,1,0,0,0,0,0,0,0,B:35,-,41,58.0%,0,0,0,0,0,1,0,0,0,0,0,0,0,0,0,0,0,0,normal,shot_limited,-,0,none
692,19,33,0,0,0,19,19,19,15,0,0,0,0,0,0,0,0,0,0,1,10,R:33,-,46,56.2%,0,0,0,0,0,0,0,0,0,0,0,0,0,0,0,0,0,1,normal,shot_limited,-,0,none
693,33,19,0,0,0,19,19,19,15,0,0,1,0,0,0,0,0,0,0,1,10,B:33,-,46,54.4%,0,0,0,0,0,0,0,0,0,0,0,0,0,0,0,0,0,0,normal,shot_limited,-,0,none
694,21,35,0,0,0,20,20,21,15,0,0,0,0,0,0,0,0,0,0,0,0,R:35,-,39,52.6%,0,0,0,0,0,0,0,0,0,0,0,0,0,0,0,1,0,0,normal,shot_limited,-,0,per_attempt_no_repeat
695,35,21,0,0,0,21,20,20,15,0,0,0,0,0,0,0,0,0,0,0,0,B:35,-,40,50.8%,0,0,0,0,0,0,1,0,0,0,0,0,0,0,0,0,0,0,normal,shot_limited,-,0,none
696,17,17,30,0,0,0,18,18,15,0,22,0,0,0,0,0,1,0,0,0,0,G:35,雪球:22,41,49.0%,0,0,0,0,0,0,0,0,0,0,0,0,0,0,0,0,0,0,normal,shot_limited,-,0,none
697,35,21,20,0,0,0,20,21,15,0,0,0,0,0,0,0,0,0,0,0,0,B:35,-,41,47.2%,0,0,0,0,0,0,0,1,0,0,0,0,0,0,0,0,0,0,normal,shot_limited,-,0,per_attempt_no_repeat
698,21,35,20,0,0,0,20,20,15,0,0,0,0,0,0,1,0,0,0,0,0,R:40,-,41,45.4%,1,0,0,0,0,0,0,0,0,0,0,0,0,0,0,0,0,0,normal,shot_limited,-,0,none
699,15,16,27,0,0,0,16,16,15,0,0,0,0,0,0,0,0,0,0,0,0,G:27,-,35,43.6%,0,0,0,0,0,0,0,0,0,0,0,0,0,0,0,0,0,0,trapped_sprite_rescue,shot_limited,yumi,0,none
700,35,20,20,0,0,0,21,21,15,0,0,0,0,0,0,0,0,0,0,0,0,B:35,-,41,42.0%,0,0,0,0,0,0,0,0,0,0,0,0,0,0,0,0,0,0,special_floating_island,timed_infinite_shots,-,3,none
701,34,22,22,22,0,0,0,21,15,0,0,0,0,0,0,0,0,0,0,0,0,B:34,-,40,54.0%,0,0,0,0,0,0,0,0,0,0,0,0,3,0,0,0,0,0,normal,shot_limited,-,0,per_attempt_no_repeat
702,20,31,21,20,0,0,0,20,15,0,0,0,0,0,0,0,0,0,0,1,10,R:31,-,46,52.2%,0,0,0,0,0,0,0,0,0,0,0,0,0,0,0,0,0,0,normal,shot_limited,-,0,none
703,24,24,24,25,0,0,0,24,15,0,0,0,0,0,0,0,0,0,0,0,0,G:24,-,40,50.4%,0,0,0,0,0,0,0,0,0,0,0,0,0,0,0,0,0,0,normal,shot_limited,-,0,none
704,22,22,21,34,0,0,0,22,15,0,0,0,0,0,0,0,0,0,0,0,0,Y:34,-,40,48.6%,0,0,0,0,0,0,0,0,0,0,0,0,0,0,2,0,0,0,normal,shot_limited,-,0,per_attempt_no_repeat
705,34,22,22,21,0,0,0,21,15,0,0,0,0,1,0,0,0,0,0,0,0,B:34,-,41,46.8%,0,0,0,0,0,0,0,0,0,0,0,0,0,3,0,0,0,0,normal,shot_limited,-,0,none
706,24,24,24,25,24,0,0,0,15,0,0,0,0,0,0,0,0,0,0,0,0,B:24,-,40,45.0%,0,0,0,0,0,0,0,0,0,0,0,0,0,0,0,0,0,0,normal,shot_limited,-,0,none
707,22,34,21,21,22,0,0,0,15,0,0,0,0,0,0,0,0,0,0,0,0,R:34,-,42,43.2%,0,0,0,1,0,0,0,0,0,0,0,0,0,0,0,0,0,0,normal,shot_limited,-,0,none
708,22,22,33,21,21,0,0,0,15,1,0,0,0,0,0,0,0,0,0,0,0,G:33,-,42,42.0%,0,1,0,0,0,0,0,0,0,0,0,0,0,0,0,0,0,0,normal,shot_limited,-,0,none
709,24,25,24,24,24,0,0,0,15,0,0,0,0,0,0,0,0,0,0,0,0,Y:24,-,42,42.0%,0,0,0,0,0,0,0,0,0,0,0,0,0,0,0,0,0,0,normal,shot_limited,-,0,none
710,18,18,19,18,29,0,0,0,15,0,25,0,0,0,0,0,0,0,0,0,0,P:29,雪球:25,44,42.0%,0,0,0,0,0,0,0,0,0,0,0,0,0,0,0,0,0,0,special_floating_island,timed_infinite_shots,-,4,none
711,0,24,24,24,24,25,0,0,15,0,0,0,0,0,0,0,0,0,0,0,0,Y:24,-,40,54.0%,0,0,0,0,0,0,0,0,0,0,0,0,0,0,0,0,0,0,normal,shot_limited,-,0,none
712,0,22,21,21,33,21,0,0,15,0,0,0,0,0,0,0,0,0,0,0,0,P:33,-,43,52.2%,0,0,0,0,0,0,0,0,0,0,3,0,0,0,0,0,0,0,normal,shot_limited,-,0,per_attempt_no_repeat
713,0,24,24,25,24,24,0,0,15,0,0,0,0,0,0,0,0,0,0,0,0,R:24,-,40,50.4%,0,0,0,0,0,0,0,0,0,0,0,0,0,0,0,0,0,0,normal,shot_limited,-,0,none
714,0,22,34,21,22,22,0,0,15,0,0,0,0,0,0,0,0,0,0,0,0,G:34,-,40,48.6%,0,0,0,0,0,0,0,0,0,0,0,3,0,0,0,0,0,0,normal,shot_limited,-,0,none
715,0,22,21,34,21,22,0,0,15,0,0,1,0,0,0,0,0,0,0,0,0,Y:34,-,42,46.8%,0,0,0,0,0,0,0,0,0,0,0,0,0,0,0,0,2,0,multi_trapped_spirit_rescue,shot_limited,-,0,none
716,0,0,22,33,22,21,21,0,15,0,0,1,0,1,0,0,0,0,0,0,0,Y:33,-,41,45.0%,0,0,0,0,0,0,0,0,0,0,0,0,0,0,0,0,0,0,normal,shot_limited,-,0,none
717,0,0,21,22,33,22,21,0,15,1,0,0,0,0,0,0,0,0,0,0,0,P:33,-,42,43.2%,0,0,0,0,1,0,0,0,0,0,0,0,0,0,0,0,0,0,normal,shot_limited,-,0,none
718,0,0,34,21,21,22,22,0,15,0,0,0,0,0,0,0,0,0,0,0,0,G:34,-,42,42.0%,0,0,0,0,0,0,0,0,1,0,0,0,0,0,0,0,0,0,normal,shot_limited,-,0,per_attempt_no_repeat
719,0,0,24,24,24,24,25,0,15,0,0,0,0,0,0,0,0,0,0,0,0,Y:24,-,42,42.0%,0,0,0,0,0,0,0,0,0,0,0,0,0,0,0,0,0,0,normal,shot_limited,-,0,none
720,0,0,22,22,34,22,21,0,15,0,0,0,0,0,0,0,0,0,0,0,0,P:34,-,42,42.0%,0,0,0,0,0,0,0,0,0,0,0,0,0,0,0,0,0,0,special_floating_island,timed_infinite_shots,-,5,none
721,0,0,0,34,21,22,22,21,15,0,0,0,0,0,0,0,0,0,0,0,0,Y:34,-,41,54.0%,0,0,0,0,0,1,0,0,0,0,0,0,0,0,0,0,0,0,normal,shot_limited,-,0,per_attempt_no_repeat
722,0,0,0,22,34,21,22,22,15,0,0,0,0,0,0,0,0,0,0,0,0,P:34,-,40,52.2%,0,0,0,0,0,0,0,0,0,0,0,0,0,0,0,0,0,1,normal,shot_limited,-,0,per_attempt_no_repeat
723,0,0,0,24,24,24,24,25,15,0,0,0,0,0,0,0,0,0,0,0,0,Y:24,-,40,50.4%,0,0,0,0,0,0,0,0,0,0,0,0,0,0,0,0,0,0,normal,shot_limited,-,0,none
724,0,0,0,22,34,22,22,21,15,0,0,0,0,0,0,0,0,0,0,0,0,P:34,-,40,48.6%,0,0,0,0,0,0,0,0,0,0,0,0,0,0,0,1,0,0,normal,shot_limited,-,0,none
725,0,0,0,25,16,16,16,16,15,0,0,0,1,0,0,0,0,0,0,0,0,Y:25,-,33,46.8%,0,0,0,0,0,0,0,0,0,0,0,0,0,0,0,0,0,0,trapped_sprite_rescue,shot_limited,milu,0,none
726,33,0,0,0,21,21,22,22,15,0,0,0,0,0,0,0,0,0,0,0,0,B:33,-,41,45.0%,0,1,0,0,0,0,1,0,0,0,0,0,0,0,0,0,0,0,normal,shot_limited,-,0,none
727,22,0,0,0,34,22,21,21,15,0,0,0,0,0,0,0,0,0,0,0,0,P:34,-,42,43.2%,0,0,0,0,0,0,0,1,0,0,0,0,0,0,0,0,0,0,normal,shot_limited,-,0,none
728,33,0,0,0,22,21,21,21,15,0,0,1,0,0,0,0,0,0,0,0,0,B:33,-,42,42.0%,0,0,1,0,0,0,0,0,0,0,0,0,0,0,0,0,0,0,normal,shot_limited,-,0,none
729,21,0,0,0,33,21,22,22,15,0,0,1,0,0,0,0,0,0,1,0,0,P:38,-,43,42.0%,0,0,0,0,0,0,0,0,0,0,0,0,0,0,0,0,0,0,normal,shot_limited,-,0,none
730,34,0,0,0,21,21,22,22,15,1,0,0,0,0,0,0,0,0,0,0,0,B:34,-,43,42.0%,0,0,0,0,0,0,0,0,0,0,0,0,0,0,0,0,0,0,special_floating_island,timed_infinite_shots,-,2,none
731,34,22,0,0,0,22,22,21,15,0,0,0,0,0,0,0,0,0,0,0,0,B:34,-,40,54.0%,0,0,0,0,0,0,0,0,0,0,0,0,3,0,0,0,0,0,normal,shot_limited,-,0,none
732,24,24,0,0,0,25,24,24,15,0,0,0,0,0,0,0,0,0,0,0,0,R:24,-,40,52.2%,0,0,0,0,0,0,0,0,0,0,0,0,0,0,0,0,0,0,normal,shot_limited,-,0,none
733,24,24,0,0,0,24,25,24,15,0,0,0,0,0,0,0,0,0,0,0,0,B:24,-,40,50.4%,0,0,0,0,0,0,0,0,0,0,0,0,0,0,0,0,0,0,normal,shot_limited,-,0,none
734,22,34,0,0,0,22,21,22,15,0,0,0,0,0,0,0,0,0,0,0,0,R:34,-,40,48.6%,0,0,0,0,0,0,0,0,0,0,0,0,0,0,2,0,0,0,normal,shot_limited,-,0,none
735,34,22,0,0,0,22,22,21,15,0,0,0,0,0,0,0,0,0,0,0,0,B:34,-,40,46.8%,0,0,0,0,0,0,0,0,0,0,0,0,0,3,0,0,0,0,normal,shot_limited,-,0,per_attempt_no_repeat
736,24,24,24,0,0,0,25,24,15,0,0,0,0,0,0,0,0,0,0,0,0,B:24,-,40,45.0%,0,0,0,0,0,0,0,0,0,0,0,0,0,0,0,0,0,0,normal,shot_limited,-,0,none
737,22,33,21,0,0,0,21,22,15,0,0,0,0,0,0,0,0,0,0,0,0,R:33,-,42,43.2%,0,1,0,1,0,0,0,0,0,0,0,0,0,0,0,0,0,0,normal,shot_limited,-,0,none
738,22,22,34,0,0,0,21,21,15,1,0,0,0,0,0,0,0,0,0,0,0,G:34,-,42,42.0%,0,0,0,0,0,0,0,0,0,0,0,0,0,0,0,0,0,0,normal,shot_limited,-,0,per_attempt_no_repeat
739,24,24,25,0,0,0,24,24,15,0,0,0,0,0,0,0,0,0,0,0,0,B:24,-,42,42.0%,0,0,0,0,0,0,0,0,0,0,0,0,0,0,0,0,0,0,normal,shot_limited,-,0,none
740,22,34,21,0,0,0,22,22,15,0,0,0,0,0,0,0,0,0,0,0,0,R:34,-,42,42.0%,0,0,0,0,0,0,0,0,0,0,0,0,0,0,0,0,0,0,special_floating_island,timed_infinite_shots,-,3,none
741,33,22,21,21,0,0,0,21,15,0,0,0,0,0,0,0,0,0,0,0,0,B:33,-,43,54.0%,0,0,0,0,0,0,0,0,0,0,3,0,0,0,0,0,0,0,normal,shot_limited,-,0,none
742,16,25,17,16,0,0,0,16,15,0,0,0,0,0,0,0,0,0,0,0,0,R:25,-,33,52.2%,0,0,0,0,0,0,0,0,0,0,0,0,0,0,0,0,0,0,trapped_sprite_rescue,shot_limited,lumi,0,none
743,24,24,24,25,0,0,0,24,15,0,0,0,0,0,0,0,0,0,0,0,0,G:24,-,40,50.4%,0,0,0,0,0,0,0,0,0,0,0,0,0,0,0,0,0,0,normal,shot_limited,-,0,none
744,22,21,21,34,0,0,0,22,15,0,0,0,1,0,0,0,0,0,0,0,0,Y:34,-,41,48.6%,0,0,0,0,0,0,0,0,0,0,0,3,0,0,0,0,0,0,normal,shot_limited,-,0,none
745,34,22,22,22,0,0,0,21,15,0,0,0,0,0,0,0,0,0,0,0,0,B:34,-,40,46.8%,0,0,0,0,0,0,0,0,0,0,0,0,0,0,0,0,2,0,multi_trapped_spirit_rescue,shot_limited,-,0,none
746,24,24,24,25,24,0,0,0,15,0,0,0,0,0,0,0,0,0,0,0,0,B:24,-,40,45.0%,0,0,0,0,0,0,0,0,0,0,0,0,0,0,0,0,0,0,normal,shot_limited,-,0,none
747,22,34,21,21,22,0,0,0,15,0,0,0,0,0,0,0,0,0,0,0,0,R:34,-,42,43.2%,0,0,0,0,1,0,0,0,0,0,0,0,0,0,0,0,0,0,normal,shot_limited,-,0,per_attempt_no_repeat
748,22,22,34,21,21,0,0,0,15,0,0,0,0,0,0,0,0,0,0,0,0,G:34,-,42,42.0%,0,0,0,0,0,0,0,0,1,0,0,0,0,0,0,0,0,0,normal,shot_limited,-,0,none
749,21,22,22,34,21,0,0,0,15,0,0,0,1,0,0,0,0,0,0,0,0,Y:34,-,43,42.0%,0,0,0,0,0,0,0,0,0,0,0,0,0,0,0,0,0,0,normal,shot_limited,-,0,per_attempt_no_repeat
750,21,21,22,22,34,0,0,0,15,0,0,0,1,0,0,0,0,0,0,0,0,P:34,-,43,42.0%,0,0,0,0,0,0,0,0,0,0,0,0,0,0,0,0,0,0,special_floating_island,timed_infinite_shots,-,4,none
751,0,22,21,34,21,22,0,0,15,0,0,0,0,0,0,0,0,0,0,0,0,Y:34,-,35,54.0%,0,0,0,0,0,1,0,0,0,0,0,0,0,0,0,0,0,0,normal,shot_limited,-,0,none
752,0,22,22,22,34,21,0,0,15,0,0,0,0,0,0,0,0,0,0,0,0,P:34,-,40,52.2%,0,0,0,0,0,0,0,0,0,0,0,0,0,0,0,0,0,1,normal,shot_limited,-,0,none
753,0,34,21,22,22,21,0,0,15,0,0,1,0,0,0,0,0,0,0,0,0,R:34,-,41,50.4%,0,0,0,0,0,0,0,0,0,0,0,0,0,0,0,0,0,0,normal,shot_limited,-,0,per_attempt_no_repeat
754,0,21,34,21,22,22,0,0,15,1,0,0,0,0,0,0,0,0,0,0,0,G:34,-,41,48.6%,0,0,0,0,0,0,0,0,0,0,0,0,0,0,0,1,0,0,normal,shot_limited,-,0,none
755,0,18,18,29,18,19,0,0,15,0,25,0,0,0,0,0,0,0,0,0,0,Y:29,雪球:25,42,46.8%,0,0,0,0,0,0,0,0,0,0,0,0,0,0,0,0,0,0,normal,shot_limited,-,0,per_attempt_no_repeat
756,0,0,22,22,34,21,21,0,15,0,0,0,0,0,0,0,0,0,0,0,0,P:34,-,41,45.0%,0,0,0,0,0,0,1,0,0,0,0,0,0,0,0,0,0,0,normal,shot_limited,-,0,per_attempt_no_repeat
757,0,0,33,21,22,22,21,0,15,0,0,0,0,0,0,0,0,0,0,0,0,G:33,-,42,43.2%,0,1,0,0,0,0,0,1,0,0,0,0,0,0,0,0,0,0,normal,shot_limited,-,0,none
758,0,0,21,34,21,22,22,0,15,0,0,0,0,0,0,0,0,0,0,0,0,Y:34,-,41,42.0%,1,0,0,0,0,0,0,0,0,0,0,0,0,0,0,0,0,0,normal,shot_limited,-,0,per_attempt_no_repeat
759,0,0,24,24,24,24,25,0,15,0,0,0,0,0,0,0,0,0,0,0,0,P:24,-,42,42.0%,0,0,0,0,0,0,0,0,0,0,0,0,0,0,0,0,0,0,normal,shot_limited,-,0,none
760,0,0,34,22,22,22,21,0,15,0,0,0,0,0,0,0,0,0,0,0,0,G:34,-,42,42.0%,0,0,0,0,0,0,0,0,0,0,0,0,0,0,0,0,0,0,special_floating_island,timed_infinite_shots,-,5,none
761,0,0,0,34,21,22,22,21,15,0,0,0,1,0,0,0,0,0,0,0,0,Y:34,-,41,54.0%,0,0,0,0,0,0,0,0,0,0,0,0,3,0,0,0,0,0,normal,shot_limited,-,0,none
762,0,0,0,20,31,20,20,20,15,1,0,0,0,0,0,0,0,0,0,1,10,P:31,-,46,52.2%,0,0,0,0,0,0,0,0,0,0,0,0,0,0,0,0,0,0,normal,shot_limited,-,0,none
763,0,0,0,25,16,16,16,17,15,0,0,0,0,0,0,0,0,0,0,0,0,Y:25,-,33,50.4%,0,0,0,0,0,0,0,0,0,0,0,0,0,0,0,0,0,0,trapped_sprite_rescue,shot_limited,noya,0,none
764,0,0,0,19,29,18,18,18,15,0,25,0,0,0,0,0,0,0,0,0,0,P:29,雪球:25,42,48.6%,0,0,0,0,0,0,0,0,0,0,0,0,0,0,2,0,0,0,normal,shot_limited,-,0,none
765,0,0,0,34,21,22,22,22,15,0,0,0,0,0,0,0,0,0,0,0,0,Y:34,-,40,46.8%,0,0,0,0,0,0,0,0,0,0,0,0,0,3,0,0,0,0,normal,shot_limited,-,0,none
766,24,0,0,0,24,24,25,24,15,0,0,0,0,0,0,0,0,0,0,0,0,B:24,-,40,45.0%,0,0,0,0,0,0,0,0,0,0,0,0,0,0,0,0,0,0,normal,shot_limited,-,0,none
767,22,0,0,0,34,22,21,21,15,0,0,0,0,0,0,0,0,0,0,0,0,P:34,-,42,43.2%,0,0,0,1,0,0,0,0,0,0,0,0,0,0,0,0,0,0,normal,shot_limited,-,0,per_attempt_no_repeat
768,34,0,0,0,22,22,21,21,15,0,0,0,0,0,0,0,0,0,0,0,0,B:34,-,41,42.0%,0,1,0,0,0,0,0,0,0,0,0,0,0,0,0,0,0,0,normal,shot_limited,-,0,per_attempt_no_repeat
769,24,0,0,0,24,24,25,24,15,0,0,0,0,0,0,0,0,0,0,0,0,P:24,-,42,42.0%,0,0,0,0,0,0,0,0,0,0,0,0,0,0,0,0,0,0,normal,shot_limited,-,0,none
770,34,0,0,0,21,21,22,22,15,0,0,1,0,0,0,0,0,0,0,0,0,B:34,-,43,42.0%,0,0,0,0,0,0,0,0,0,0,0,0,0,0,0,0,0,0,special_floating_island,timed_infinite_shots,-,2,none
771,33,21,0,0,0,21,21,21,15,0,0,0,1,0,0,0,0,0,0,0,0,B:33,-,43,54.0%,0,0,0,0,0,0,0,0,0,0,3,0,0,0,0,0,0,0,normal,shot_limited,-,0,none
772,24,24,0,0,0,25,24,24,15,0,0,0,0,0,0,0,0,0,0,0,0,R:24,-,40,52.2%,0,0,0,0,0,0,0,0,0,0,0,0,0,0,0,0,0,0,normal,shot_limited,-,0,none
773,24,24,0,0,0,24,25,24,15,0,0,0,0,0,0,0,0,0,0,0,0,B:24,-,40,50.4%,0,0,0,0,0,0,0,0,0,0,0,0,0,0,0,0,0,0,normal,shot_limited,-,0,none
774,22,34,0,0,0,22,21,22,15,0,0,0,0,0,0,0,0,0,0,0,0,R:34,-,40,48.6%,0,0,0,0,0,0,0,0,0,0,0,3,0,0,0,0,0,0,normal,shot_limited,-,0,per_attempt_no_repeat
775,34,22,0,0,0,22,21,21,15,1,0,0,0,0,0,0,0,0,0,0,0,B:34,-,41,46.8%,0,0,0,0,0,0,0,0,0,0,0,0,0,0,0,0,2,0,multi_trapped_spirit_rescue,shot_limited,-,0,none
776,21,34,21,0,0,0,22,22,15,0,0,0,0,1,0,0,0,0,0,0,0,R:34,-,41,45.0%,0,0,0,0,0,0,0,0,0,0,0,0,0,0,0,0,0,0,normal,shot_limited,-,0,per_attempt_no_repeat
777,22,21,34,0,0,0,21,22,15,0,0,0,0,0,0,0,0,0,0,0,0,G:34,-,42,43.2%,0,0,0,0,1,0,0,0,0,0,0,0,0,0,0,0,0,0,normal,shot_limited,-,0,none
778,33,22,22,0,0,0,21,21,15,0,0,0,0,1,0,0,0,0,0,0,0,B:33,-,42,42.0%,0,0,0,0,0,0,0,0,1,0,0,0,0,0,0,0,0,0,normal,shot_limited,-,0,none
779,24,24,25,0,0,0,24,24,15,0,0,0,0,0,0,0,0,0,0,0,0,R:24,-,42,42.0%,0,0,0,0,0,0,0,0,0,0,0,0,0,0,0,0,0,0,normal,shot_limited,-,0,none
780,22,21,34,0,0,0,22,22,15,0,0,0,0,0,0,0,0,0,0,0,0,G:34,-,42,42.0%,0,0,0,0,0,0,0,0,0,0,0,0,0,0,0,0,0,0,special_floating_island,timed_infinite_shots,-,3,none
781,33,22,22,21,0,0,0,21,15,0,0,1,0,0,0,0,0,0,0,0,0,B:33,-,41,54.0%,0,0,0,0,0,1,0,0,0,0,0,0,0,0,0,0,0,0,normal,shot_limited,-,0,none
782,21,34,22,22,0,0,0,21,15,0,0,0,0,1,0,0,0,0,0,0,0,R:34,-,41,52.2%,0,0,0,0,0,0,0,0,0,0,0,0,0,0,0,0,0,1,normal,shot_limited,-,0,none
783,24,24,24,25,0,0,0,24,15,0,0,0,0,0,0,0,0,0,0,0,0,G:24,-,40,50.4%,0,0,0,0,0,0,0,0,0,0,0,0,0,0,0,0,0,0,normal,shot_limited,-,0,none
784,22,22,21,34,0,0,0,22,15,0,0,0,0,0,0,0,0,0,0,0,0,Y:34,-,40,48.6%,0,0,0,0,0,0,0,0,0,0,0,0,0,0,0,1,0,0,normal,shot_limited,-,0,per_attempt_no_repeat
785,34,22,22,21,0,0,0,21,15,0,0,0,0,0,0,0,0,0,0,0,0,B:34,-,41,46.8%,0,0,0,0,0,0,1,0,0,0,0,0,0,0,0,0,0,0,normal,shot_limited,-,0,none
786,18,12,11,12,12,0,0,0,15,0,25,0,0,0,0,0,0,0,0,0,0,B:18,雪球:25,33,45.0%,0,0,0,0,0,0,0,0,0,0,0,0,0,0,0,0,0,0,trapped_sprite_rescue,shot_limited,flora,0,none
787,22,34,21,21,22,0,0,0,15,0,0,0,0,0,0,0,0,0,0,0,0,R:34,-,42,43.2%,0,0,0,0,0,0,0,1,0,0,0,0,0,0,0,0,0,0,normal,shot_limited,-,0,per_attempt_no_repeat
788,22,22,33,21,21,0,0,0,15,0,0,0,0,0,0,0,0,0,0,0,0,G:33,-,41,42.0%,0,0,1,0,0,0,0,0,0,0,0,0,0,0,0,0,0,0,normal,shot_limited,-,0,per_attempt_no_repeat
789,21,22,22,34,21,0,0,0,15,0,0,0,0,0,0,0,0,1,0,0,0,Y:39,-,43,42.0%,0,0,0,0,0,0,0,0,0,0,0,0,0,0,0,0,0,0,normal,shot_limited,-,0,per_attempt_no_repeat
790,21,21,22,22,34,0,0,0,15,1,0,0,0,0,0,0,0,0,0,0,0,P:34,-,43,42.0%,0,0,0,0,0,0,0,0,0,0,0,0,0,0,0,0,0,0,special_floating_island,timed_infinite_shots,-,4,none
791,0,22,22,34,21,22,0,0,15,0,0,0,0,0,0,0,0,0,0,0,0,Y:34,-,40,54.0%,0,0,0,0,0,0,0,0,0,0,0,0,3,0,0,0,0,0,normal,shot_limited,-,0,per_attempt_no_repeat
792,0,25,24,24,24,24,0,0,15,0,0,0,0,0,0,0,0,0,0,0,0,P:24,-,40,52.2%,0,0,0,0,0,0,0,0,0,0,0,0,0,0,0,0,0,0,normal,shot_limited,-,0,none
793,0,24,24,25,24,24,0,0,15,0,0,0,0,0,0,0,0,0,0,0,0,R:24,-,40,50.4%,0,0,0,0,0,0,0,0,0,0,0,0,0,0,0,0,0,0,normal,shot_limited,-,0,none
794,0,22,34,21,22,22,0,0,15,0,0,0,0,0,0,0,0,0,0,0,0,G:34,-,40,48.6%,0,0,0,0,0,0,0,0,0,0,0,0,0,0,2,0,0,0,normal,shot_limited,-,0,per_attempt_no_repeat
795,0,22,21,34,21,22,0,0,15,0,0,1,0,0,0,0,0,0,0,0,0,Y:34,-,41,46.8%,0,0,0,0,0,0,0,0,0,0,0,0,0,3,0,0,0,0,normal,shot_limited,-,0,none
796,0,0,24,25,24,24,24,0,15,0,0,0,0,0,0,0,0,0,0,0,0,G:24,-,40,45.0%,0,0,0,0,0,0,0,0,0,0,0,0,0,0,0,0,0,0,normal,shot_limited,-,0,none
797,0,0,21,34,22,22,21,0,15,0,0,0,0,0,0,0,0,0,0,0,0,Y:34,-,42,43.2%,0,0,0,1,0,0,0,0,0,0,0,0,0,0,0,0,0,0,normal,shot_limited,-,0,none
798,0,0,21,21,34,22,22,0,15,1,0,0,0,0,0,0,0,0,0,0,0,P:34,-,42,42.0%,0,0,0,0,0,0,0,0,0,0,0,0,0,0,0,0,0,0,normal,shot_limited,-,0,none
799,0,0,25,16,16,16,17,0,15,0,0,0,0,0,0,0,0,0,0,0,0,G:25,-,35,42.0%,0,0,0,0,0,0,0,0,0,0,0,0,0,0,0,0,0,0,trapped_sprite_rescue,shot_limited,loco,0,none
800,0,0,22,34,22,22,21,0,15,0,0,0,0,0,0,0,0,0,0,0,0,Y:34,-,42,42.0%,0,0,0,0,0,0,0,0,0,0,0,0,0,0,0,0,0,0,special_floating_island,timed_infinite_shots,-,5,none
801,0,0,0,33,21,22,21,21,15,0,0,0,0,0,0,0,0,0,0,0,0,Y:33,-,43,50.0%,0,0,0,0,0,0,0,0,0,0,3,0,0,0,0,0,0,0,normal,shot_limited,-,0,per_attempt_no_repeat
802,0,0,0,24,24,24,25,24,15,0,0,0,0,0,0,0,0,0,0,0,0,P:24,-,40,48.2%,0,0,0,0,0,0,0,0,0,0,0,0,0,0,0,0,0,0,normal,shot_limited,-,0,none
803,0,0,0,24,24,24,24,25,15,0,0,0,0,0,0,0,0,0,0,0,0,Y:24,-,40,46.4%,0,0,0,0,0,0,0,0,0,0,0,0,0,0,0,0,0,0,normal,shot_limited,-,0,none
804,0,0,0,22,34,22,22,21,15,0,0,0,0,0,0,0,0,0,0,0,0,P:34,-,40,44.6%,0,0,0,0,0,0,0,0,0,0,0,3,0,0,0,0,0,0,normal,shot_limited,-,0,none
805,0,0,0,34,21,22,22,22,15,0,0,0,0,0,0,0,0,0,0,0,0,Y:34,-,40,42.8%,0,0,0,0,0,0,0,0,0,0,0,0,0,0,0,0,2,0,multi_trapped_spirit_rescue,shot_limited,-,0,none
806,24,0,0,0,24,24,25,24,15,0,0,0,0,0,0,0,0,0,0,0,0,B:24,-,40,42.0%,0,0,0,0,0,0,0,0,0,0,0,0,0,0,0,0,0,0,normal,shot_limited,-,0,none
807,22,0,0,0,33,22,21,21,15,0,0,0,1,0,0,0,0,0,0,0,0,P:33,-,42,42.0%,0,0,0,0,1,0,0,0,0,0,0,0,0,0,0,0,0,0,normal,shot_limited,-,0,none
808,34,0,0,0,22,22,21,21,15,0,0,0,0,0,0,0,0,0,0,0,0,B:34,-,42,42.0%,0,0,0,0,0,0,0,0,1,0,0,0,0,0,0,0,0,0,normal,shot_limited,-,0,per_attempt_no_repeat
809,21,0,0,0,34,21,22,22,15,0,0,0,1,0,0,0,0,0,0,0,0,P:34,-,43,42.0%,0,0,0,0,0,0,0,0,0,0,0,0,0,0,0,0,0,0,normal,shot_limited,-,0,none
810,29,0,0,0,18,18,19,18,15,0,25,0,0,0,0,0,0,0,0,0,0,B:29,雪球:25,44,42.0%,0,0,0,0,0,0,0,0,0,0,0,0,0,0,0,0,0,0,special_floating_island,timed_infinite_shots,-,2,none
811,34,22,0,0,0,22,21,21,15,0,0,0,0,0,0,0,0,0,0,0,0,B:34,-,41,50.0%,0,0,0,0,0,1,0,0,0,0,0,0,0,0,0,0,0,0,normal,shot_limited,-,0,per_attempt_no_repeat
812,21,34,0,0,0,22,22,22,15,0,0,0,0,0,0,0,0,0,0,0,0,R:34,-,40,48.2%,0,0,0,0,0,0,0,0,0,0,0,0,0,0,0,0,0,1,normal,shot_limited,-,0,per_attempt_no_repeat
813,34,21,0,0,0,21,22,22,15,0,0,1,0,0,0,0,0,0,0,0,0,B:34,-,41,46.4%,0,0,0,0,0,0,0,0,0,0,0,0,0,0,0,0,0,0,normal,shot_limited,-,0,none
814,22,34,0,0,0,22,21,22,15,0,0,0,0,0,0,0,0,0,0,0,0,R:34,-,40,44.6%,0,0,0,0,0,0,0,0,0,0,0,0,0,0,0,1,0,0,normal,shot_limited,-,0,none
815,28,19,0,0,0,18,18,18,15,0,25,0,0,0,0,0,0,0,0,0,0,B:28,雪球:25,42,42.8%,0,0,0,0,0,0,1,0,0,0,0,0,0,0,0,0,0,0,normal,shot_limited,-,0,none
816,18,18,29,0,0,0,19,18,15,0,25,0,0,0,0,0,0,0,0,0,0,G:29,雪球:25,42,42.0%,0,0,0,0,0,0,0,0,0,0,0,0,0,0,0,0,0,0,normal,shot_limited,-,0,none
817,34,22,21,0,0,0,21,22,15,0,0,0,0,0,0,0,0,0,0,0,0,B:34,-,42,42.0%,0,0,0,0,0,0,0,1,0,0,0,0,0,0,0,0,0,0,normal,shot_limited,-,0,none
818,22,34,22,0,0,0,21,21,15,0,0,0,0,0,0,0,0,0,0,0,0,R:34,-,41,42.0%,1,0,0,0,0,0,0,0,0,0,0,0,0,0,0,0,0,0,normal,shot_limited,-,0,none
819,24,25,24,0,0,0,24,24,15,0,0,0,0,0,0,0,0,0,0,0,0,G:24,-,42,42.0%,0,0,0,0,0,0,0,0,0,0,0,0,0,0,0,0,0,0,normal,shot_limited,-,0,none
820,34,22,21,0,0,0,22,22,15,0,0,0,0,0,0,0,0,0,0,0,0,B:34,-,42,42.0%,0,0,0,0,0,0,0,0,0,0,0,0,0,0,0,0,0,0,special_floating_island,timed_infinite_shots,-,3,none
821,34,22,22,22,0,0,0,21,15,0,0,0,0,0,0,0,0,0,0,0,0,B:34,-,40,50.0%,0,0,0,0,0,0,0,0,0,0,0,0,3,0,0,0,0,0,normal,shot_limited,-,0,none
822,20,31,21,20,0,0,0,20,15,0,0,0,0,0,0,0,0,0,0,1,10,R:31,-,46,48.2%,0,0,0,0,0,0,0,0,0,0,0,0,0,0,0,0,0,0,normal,shot_limited,-,0,per_attempt_no_repeat
823,24,24,24,25,0,0,0,24,15,0,0,0,0,0,0,0,0,0,0,0,0,G:24,-,40,46.4%,0,0,0,0,0,0,0,0,0,0,0,0,0,0,0,0,0,0,normal,shot_limited,-,0,none
824,22,22,21,34,0,0,0,22,15,0,0,0,0,0,0,0,0,0,0,0,0,Y:34,-,40,44.6%,0,0,0,0,0,0,0,0,0,0,0,0,0,0,2,0,0,0,normal,shot_limited,-,0,none
825,25,17,16,16,0,0,0,16,15,0,0,0,0,0,0,0,0,0,0,0,0,B:25,-,33,42.8%,0,0,0,0,0,0,0,0,0,0,0,0,0,0,0,0,0,0,trapped_sprite_rescue,shot_limited,kelu,0,none
826,34,22,21,22,22,0,0,0,15,0,0,0,0,0,0,0,0,0,0,0,0,B:34,-,40,42.0%,0,0,0,0,0,0,0,0,0,0,0,0,0,3,0,0,0,0,normal,shot_limited,-,0,per_attempt_no_repeat
827,22,33,21,21,22,0,0,0,15,0,0,0,0,0,0,1,0,0,0,0,0,R:38,-,42,42.0%,0,0,0,1,0,0,0,0,0,0,0,0,0,0,0,0,0,0,normal,shot_limited,-,0,none
828,22,22,34,21,21,0,0,0,15,0,0,0,0,0,0,0,0,0,0,0,0,G:34,-,41,42.0%,0,1,0,0,0,0,0,0,0,0,0,0,0,0,0,0,0,0,normal,shot_limited,-,0,none
829,24,25,24,24,24,0,0,0,15,0,0,0,0,0,0,0,0,0,0,0,0,Y:24,-,42,42.0%,0,0,0,0,0,0,0,0,0,0,0,0,0,0,0,0,0,0,normal,shot_limited,-,0,none
830,21,21,22,22,34,0,0,0,15,0,0,0,1,0,0,0,0,0,0,0,0,P:34,-,43,42.0%,0,0,0,0,0,0,0,0,0,0,0,0,0,0,0,0,0,0,special_floating_island,timed_infinite_shots,-,4,none
831,0,21,21,33,21,22,0,0,15,0,0,0,0,0,0,0,0,0,0,0,0,Y:33,-,43,50.0%,0,0,0,0,0,0,0,0,0,0,3,0,0,0,0,0,0,0,normal,shot_limited,-,0,none
832,0,25,24,24,24,24,0,0,15,0,0,0,0,0,0,0,0,0,0,0,0,P:24,-,40,48.2%,0,0,0,0,0,0,0,0,0,0,0,0,0,0,0,0,0,0,normal,shot_limited,-,0,none
833,0,24,24,25,24,24,0,0,15,0,0,0,0,0,0,0,0,0,0,0,0,R:24,-,40,46.4%,0,0,0,0,0,0,0,0,0,0,0,0,0,0,0,0,0,0,normal,shot_limited,-,0,none
834,0,21,34,21,22,22,0,0,15,1,0,0,0,0,0,0,0,0,0,0,0,G:34,-,41,44.6%,0,0,0,0,0,0,0,0,0,0,0,3,0,0,0,0,0,0,normal,shot_limited,-,0,none
835,0,22,21,34,21,22,0,0,15,0,0,0,0,0,0,0,0,0,0,0,0,Y:34,-,40,42.8%,0,1,0,0,0,0,0,0,0,0,0,0,0,0,0,0,2,0,multi_trapped_spirit_rescue,shot_limited,-,0,none
836,0,0,22,34,22,21,21,0,15,0,0,0,0,1,0,0,0,0,0,0,0,Y:34,-,41,42.0%,0,0,0,0,0,0,0,0,0,0,0,0,0,0,0,0,0,0,normal,shot_limited,-,0,none
837,0,0,21,22,34,22,21,0,15,0,0,0,0,0,0,0,0,0,0,0,0,P:34,-,42,42.0%,0,0,0,0,1,0,0,0,0,0,0,0,0,0,0,0,0,0,normal,shot_limited,-,0,per_attempt_no_repeat
838,0,0,34,21,21,22,22,0,15,0,0,0,0,0,0,0,0,0,0,0,0,G:34,-,42,42.0%,0,0,0,0,0,0,0,0,1,0,0,0,0,0,0,0,0,0,normal,shot_limited,-,0,none
839,0,0,24,24,24,24,25,0,15,0,0,0,0,0,0,0,0,0,0,0,0,Y:24,-,42,42.0%,0,0,0,0,0,0,0,0,0,0,0,0,0,0,0,0,0,0,normal,shot_limited,-,0,none
840,0,0,22,22,34,22,21,0,15,0,0,0,0,0,0,0,0,0,0,0,0,P:34,-,42,42.0%,0,0,0,0,0,0,0,0,0,0,0,0,0,0,0,0,0,0,special_floating_island,timed_infinite_shots,-,5,none
841,0,0,0,34,21,22,22,21,15,0,0,0,0,0,0,0,0,0,0,0,0,Y:34,-,41,50.0%,0,0,0,0,0,1,0,0,0,0,0,0,0,0,0,0,0,0,normal,shot_limited,-,0,none
842,0,0,0,16,25,16,16,16,15,0,0,0,1,0,0,0,0,0,0,0,0,P:25,-,33,48.2%,0,0,0,0,0,0,0,0,0,0,0,0,0,0,0,0,0,0,trapped_sprite_rescue,shot_limited,yumi,0,none
843,0,0,0,34,22,22,21,22,15,0,0,0,0,0,0,0,0,0,0,0,0,Y:34,-,40,46.4%,0,0,0,0,0,0,0,0,0,0,0,0,0,0,0,0,0,1,normal,shot_limited,-,0,none
844,0,0,0,22,34,22,21,21,15,0,0,1,0,0,0,0,0,0,0,0,0,P:34,-,41,44.6%,0,0,0,0,0,0,0,0,0,0,0,0,0,0,0,1,0,0,normal,shot_limited,-,0,none
845,0,0,0,34,21,22,22,21,15,0,0,0,0,0,0,0,0,0,0,0,0,Y:34,-,41,42.8%,0,0,0,0,0,0,1,0,0,0,0,0,0,0,0,0,0,0,normal,shot_limited,-,0,per_attempt_no_repeat
846,24,0,0,0,24,24,25,24,15,0,0,0,0,0,0,0,0,0,0,0,0,B:24,-,40,42.0%,0,0,0,0,0,0,0,0,0,0,0,0,0,0,0,0,0,0,normal,shot_limited,-,0,none
847,22,0,0,0,33,22,21,21,15,0,0,0,0,0,0,0,0,0,1,0,0,P:38,-,42,42.0%,0,0,0,0,0,0,0,1,0,0,0,0,0,0,0,0,0,0,normal,shot_limited,-,0,none
848,33,0,0,0,22,22,21,21,15,0,0,0,0,0,0,0,0,0,0,0,0,B:33,-,41,42.0%,0,0,1,0,0,0,0,0,0,0,0,0,0,0,0,0,0,0,normal,shot_limited,-,0,none
849,21,0,0,0,34,21,22,22,15,0,0,0,0,0,0,0,0,0,1,0,0,P:39,-,43,42.0%,0,0,0,0,0,0,0,0,0,0,0,0,0,0,0,0,0,0,normal,shot_limited,-,0,none
850,34,0,0,0,21,21,22,22,15,0,0,1,0,0,0,0,0,0,0,0,0,B:34,-,43,42.0%,0,0,0,0,0,0,0,0,0,0,0,0,0,0,0,0,0,0,special_floating_island,timed_infinite_shots,-,2,none
851,34,22,0,0,0,22,21,21,15,0,0,0,0,0,0,0,0,0,0,0,0,B:34,-,40,50.0%,1,0,0,0,0,0,0,0,0,0,0,0,3,0,0,0,0,0,normal,shot_limited,-,0,none
852,24,24,0,0,0,25,24,24,15,0,0,0,0,0,0,0,0,0,0,0,0,R:24,-,40,48.2%,0,0,0,0,0,0,0,0,0,0,0,0,0,0,0,0,0,0,normal,shot_limited,-,0,none
853,24,24,0,0,0,24,25,24,15,0,0,0,0,0,0,0,0,0,0,0,0,B:24,-,40,46.4%,0,0,0,0,0,0,0,0,0,0,0,0,0,0,0,0,0,0,normal,shot_limited,-,0,none
854,22,34,0,0,0,21,21,22,15,1,0,0,0,0,0,0,0,0,0,0,0,R:34,-,41,44.6%,0,0,0,0,0,0,0,0,0,0,0,0,0,0,2,0,0,0,normal,shot_limited,-,0,none
855,24,25,0,0,0,24,24,24,15,0,0,0,0,0,0,0,0,0,0,0,0,B:24,-,40,42.8%,0,0,0,0,0,0,0,0,0,0,0,0,0,0,0,0,0,0,normal,shot_limited,-,0,none
856,34,22,21,0,0,0,22,22,15,0,0,0,0,0,0,0,0,0,0,0,0,B:34,-,40,42.0%,0,0,0,0,0,0,0,0,0,0,0,0,0,3,0,0,0,0,normal,shot_limited,-,0,none
857,22,34,21,0,0,0,21,22,15,0,0,0,0,0,0,0,0,0,0,0,0,R:34,-,42,42.0%,0,0,0,1,0,0,0,0,0,0,0,0,0,0,0,0,0,0,normal,shot_limited,-,0,per_attempt_no_repeat
858,22,22,33,0,0,0,21,21,15,1,0,1,0,0,0,0,0,0,0,0,0,G:33,-,42,42.0%,0,0,0,0,0,0,0,0,0,0,0,0,0,0,0,0,0,0,normal,shot_limited,-,0,none
859,24,24,25,0,0,0,24,24,15,0,0,0,0,0,0,0,0,0,0,0,0,B:24,-,42,42.0%,0,0,0,0,0,0,0,0,0,0,0,0,0,0,0,0,0,0,normal,shot_limited,-,0,none
860,22,34,21,0,0,0,22,22,15,0,0,0,0,0,0,0,0,0,0,0,0,R:34,-,42,42.0%,0,0,0,0,0,0,0,0,0,0,0,0,0,0,0,0,0,0,special_floating_island,timed_infinite_shots,-,3,none
861,33,21,21,21,0,0,0,21,15,0,0,1,0,0,0,0,0,0,0,0,0,B:33,-,43,50.0%,0,0,0,0,0,0,0,0,0,0,3,0,0,0,0,0,0,0,normal,shot_limited,-,0,none
862,24,24,25,24,0,0,0,24,15,0,0,0,0,0,0,0,0,0,0,0,0,R:24,-,40,48.2%,0,0,0,0,0,0,0,0,0,0,0,0,0,0,0,0,0,0,normal,shot_limited,-,0,none
863,16,16,25,17,0,0,0,16,15,0,0,0,0,0,0,0,0,0,0,0,0,G:25,-,33,46.4%,0,0,0,0,0,0,0,0,0,0,0,0,0,0,0,0,0,0,trapped_sprite_rescue,shot_limited,milu,0,none
864,22,22,21,34,0,0,0,22,15,0,0,0,0,0,0,0,0,0,0,0,0,Y:34,-,40,44.6%,0,0,0,0,0,0,0,0,0,0,0,3,0,0,0,0,0,0,normal,shot_limited,-,0,per_attempt_no_repeat
865,34,22,22,22,0,0,0,21,15,0,0,0,0,0,0,0,0,0,0,0,0,B:34,-,40,42.8%,0,0,0,0,0,0,0,0,0,0,0,0,0,0,0,0,2,0,multi_trapped_spirit_rescue,shot_limited,-,0,none
866,24,24,24,25,24,0,0,0,15,0,0,0,0,0,0,0,0,0,0,0,0,B:24,-,40,42.0%,0,0,0,0,0,0,0,0,0,0,0,0,0,0,0,0,0,0,normal,shot_limited,-,0,none
867,22,34,21,21,22,0,0,0,15,0,0,0,0,0,0,0,0,0,0,0,0,R:34,-,42,42.0%,0,0,0,0,1,0,0,0,0,0,0,0,0,0,0,0,0,0,normal,shot_limited,-,0,none
868,22,22,33,21,21,0,0,0,15,0,0,0,1,0,0,0,0,0,0,0,0,G:33,-,42,42.0%,0,0,0,0,0,0,0,0,1,0,0,0,0,0,0,0,0,0,normal,shot_limited,-,0,none
869,21,22,22,33,21,0,0,0,15,0,0,0,1,0,0,0,0,0,0,0,0,Y:33,-,43,42.0%,1,0,0,0,0,0,0,0,0,0,0,0,0,0,0,0,0,0,normal,shot_limited,-,0,none
870,18,17,18,18,28,0,0,0,15,0,28,0,0,0,0,0,0,0,0,0,0,P:28,雪球:28,44,42.0%,0,0,0,0,0,0,0,0,0,0,0,0,0,0,0,0,0,0,special_floating_island,timed_infinite_shots,-,4,none
871,0,22,21,33,21,22,0,0,15,0,0,0,0,0,0,0,0,0,0,0,0,Y:33,-,41,50.0%,0,1,0,0,0,1,0,0,0,0,0,0,0,0,0,0,0,0,normal,shot_limited,-,0,none
872,0,22,22,21,33,21,0,0,15,0,0,1,0,0,0,0,0,0,0,0,0,P:33,-,41,48.2%,0,1,0,0,0,0,0,0,0,0,0,0,0,0,0,0,0,0,normal,shot_limited,-,0,none
873,0,34,21,22,22,21,0,0,15,1,0,0,0,0,0,0,0,0,0,0,0,R:34,-,41,46.4%,0,0,0,0,0,0,0,0,0,0,0,0,0,0,0,0,0,1,normal,shot_limited,-,0,none
874,0,22,34,21,22,22,0,0,15,0,0,0,0,0,0,0,0,0,0,0,0,G:34,-,40,44.6%,0,0,0,0,0,0,0,0,0,0,0,0,0,0,0,1,0,0,normal,shot_limited,-,0,per_attempt_no_repeat
875,0,22,21,34,21,22,0,0,15,0,0,0,0,0,0,0,0,0,0,0,0,Y:34,-,41,42.8%,0,0,0,0,0,0,1,0,0,0,0,0,0,0,0,0,0,0,normal,shot_limited,-,0,none
876,0,0,18,18,28,18,17,0,15,0,28,0,0,0,0,0,0,0,0,0,0,P:28,雪球:28,42,42.0%,1,0,0,0,0,0,0,0,0,0,0,0,0,0,0,0,0,0,normal,shot_limited,-,0,none
877,0,0,34,21,22,22,21,0,15,0,0,0,0,0,0,0,0,0,0,0,0,G:34,-,42,42.0%,0,0,0,0,0,0,0,1,0,0,0,0,0,0,0,0,0,0,normal,shot_limited,-,0,per_attempt_no_repeat
878,0,0,21,33,21,22,22,0,15,1,0,0,0,0,0,0,0,0,0,0,0,Y:33,-,42,42.0%,1,0,0,0,0,0,0,0,0,0,0,0,0,0,0,0,0,0,normal,shot_limited,-,0,none
879,0,0,24,24,24,24,25,0,15,0,0,0,0,0,0,0,0,0,0,0,0,P:24,-,42,42.0%,0,0,0,0,0,0,0,0,0,0,0,0,0,0,0,0,0,0,normal,shot_limited,-,0,none
880,0,0,34,22,22,22,21,0,15,0,0,0,0,0,0,0,0,0,0,0,0,G:34,-,42,42.0%,0,0,0,0,0,0,0,0,0,0,0,0,0,0,0,0,0,0,special_floating_island,timed_infinite_shots,-,5,none
881,0,0,0,34,21,22,22,22,15,0,0,0,0,0,0,0,0,0,0,0,0,Y:34,-,40,50.0%,0,0,0,0,0,0,0,0,0,0,0,0,3,0,0,0,0,0,normal,shot_limited,-,0,per_attempt_no_repeat
882,0,0,0,20,31,20,21,20,15,0,0,0,0,0,0,0,0,0,0,1,10,P:31,-,46,48.2%,0,0,0,0,0,0,0,0,0,0,0,0,0,0,0,0,0,0,normal,shot_limited,-,0,none
883,0,0,0,24,24,24,24,25,15,0,0,0,0,0,0,0,0,0,0,0,0,Y:24,-,40,46.4%,0,0,0,0,0,0,0,0,0,0,0,0,0,0,0,0,0,0,normal,shot_limited,-,0,none
884,0,0,0,22,34,22,22,21,15,0,0,0,0,0,0,0,0,0,0,0,0,P:34,-,40,44.6%,0,0,0,0,0,0,0,0,0,0,0,0,0,0,2,0,0,0,normal,shot_limited,-,0,per_attempt_no_repeat
885,0,0,0,34,21,22,22,21,15,0,0,0,1,0,0,0,0,0,0,0,0,Y:34,-,41,42.8%,0,0,0,0,0,0,0,0,0,0,0,0,0,3,0,0,0,0,normal,shot_limited,-,0,none
886,25,0,0,0,16,16,17,16,15,0,0,0,0,0,0,0,0,0,0,0,0,B:25,-,33,42.0%,0,0,0,0,0,0,0,0,0,0,0,0,0,0,0,0,0,0,trapped_sprite_rescue,shot_limited,lumi,0,none
887,22,0,0,0,34,22,21,21,15,0,0,0,0,0,0,0,0,0,0,0,0,P:34,-,42,42.0%,0,0,0,1,0,0,0,0,0,0,0,0,0,0,0,0,0,0,normal,shot_limited,-,0,none
888,33,0,0,0,22,22,21,21,15,0,0,0,0,1,0,0,0,0,0,0,0,B:33,-,42,42.0%,0,1,0,0,0,0,0,0,0,0,0,0,0,0,0,0,0,0,normal,shot_limited,-,0,none
889,24,0,0,0,24,24,25,24,15,0,0,0,0,0,0,0,0,0,0,0,0,P:24,-,42,42.0%,0,0,0,0,0,0,0,0,0,0,0,0,0,0,0,0,0,0,normal,shot_limited,-,0,none
890,34,0,0,0,21,21,22,22,15,1,0,0,0,0,0,0,0,0,0,0,0,B:34,-,43,42.0%,0,0,0,0,0,0,0,0,0,0,0,0,0,0,0,0,0,0,special_floating_island,timed_infinite_shots,-,2,none
891,33,22,0,0,0,21,21,21,15,0,0,0,0,0,0,0,0,0,0,0,0,B:33,-,43,50.0%,0,0,0,0,0,0,0,0,0,0,3,0,0,0,0,0,0,0,normal,shot_limited,-,0,per_attempt_no_repeat
892,24,24,0,0,0,25,24,24,15,0,0,0,0,0,0,0,0,0,0,0,0,R:24,-,38,48.2%,0,0,0,0,0,0,0,0,0,0,0,0,0,0,0,0,0,0,normal,shot_limited,-,0,none
893,24,24,0,0,0,24,25,24,15,0,0,0,0,0,0,0,0,0,0,0,0,B:24,-,40,46.4%,0,0,0,0,0,0,0,0,0,0,0,0,0,0,0,0,0,0,normal,shot_limited,-,0,none
894,22,34,0,0,0,22,21,22,15,0,0,0,0,0,0,0,0,0,0,0,0,R:34,-,40,44.6%,0,0,0,0,0,0,0,0,0,0,0,3,0,0,0,0,0,0,normal,shot_limited,-,0,none
895,34,22,0,0,0,22,21,21,15,0,0,0,1,0,0,0,0,0,0,0,0,B:34,-,41,42.8%,0,0,0,0,0,0,0,0,0,0,0,0,0,0,0,0,2,0,multi_trapped_spirit_rescue,shot_limited,-,0,none
896,18,28,17,0,0,0,18,18,15,0,28,0,0,1,0,0,0,0,0,0,0,R:28,雪球:28,43,42.0%,0,0,0,0,0,0,0,0,0,0,0,0,0,0,0,0,0,0,normal,shot_limited,-,0,none
897,22,21,33,0,0,0,21,22,15,1,0,0,0,0,0,0,0,0,0,0,0,G:33,-,42,42.0%,0,0,0,0,1,0,0,0,0,0,0,0,0,0,0,0,0,0,normal,shot_limited,-,0,none
898,34,22,22,0,0,0,21,21,15,0,0,0,0,0,0,0,0,0,0,0,0,B:34,-,42,42.0%,0,0,0,0,0,0,0,0,1,0,0,0,0,0,0,0,0,0,normal,shot_limited,-,0,per_attempt_no_repeat
899,16,25,16,0,0,0,16,16,15,1,0,0,0,0,0,0,0,0,0,0,0,R:25,-,35,42.0%,0,0,0,0,0,0,0,0,0,0,0,0,0,0,0,0,0,0,trapped_sprite_rescue,shot_limited,noya,0,none
900,22,21,34,0,0,0,22,22,15,0,0,0,0,0,0,0,0,0,0,0,0,G:34,-,42,42.0%,0,0,0,0,0,0,0,0,0,0,0,0,0,0,0,0,0,0,special_floating_island,timed_infinite_shots,-,3,none
901,34,22,22,21,0,0,0,21,15,0,0,0,0,0,0,0,0,0,0,0,0,B:34,-,41,46.0%,0,0,0,0,0,1,0,0,0,0,0,0,0,0,0,0,0,0,normal,shot_limited,-,0,per_attempt_no_repeat
902,24,24,25,24,0,0,0,24,15,0,0,0,0,0,0,0,0,0,0,0,0,R:24,-,40,44.2%,0,0,0,0,0,0,0,0,0,0,0,0,0,0,0,0,0,0,normal,shot_limited,-,0,none
903,22,21,34,22,0,0,0,22,15,0,0,0,0,0,0,0,0,0,0,0,0,G:34,-,40,42.4%,0,0,0,0,0,0,0,0,0,0,0,0,0,0,0,0,0,1,normal,shot_limited,-,0,per_attempt_no_repeat
904,22,22,21,34,0,0,0,22,15,0,0,0,0,0,0,0,0,0,0,0,0,Y:34,-,40,42.0%,0,0,0,0,0,0,0,0,0,0,0,0,0,0,0,1,0,0,normal,shot_limited,-,0,none
905,33,22,22,21,0,0,0,21,15,0,0,0,0,0,1,0,0,0,0,0,0,B:38,-,41,42.0%,0,0,0,0,0,0,1,0,0,0,0,0,0,0,0,0,0,0,normal,shot_limited,-,0,none
906,24,24,24,25,24,0,0,0,15,0,0,0,0,0,0,0,0,0,0,0,0,B:24,-,40,42.0%,0,0,0,0,0,0,0,0,0,0,0,0,0,0,0,0,0,0,normal,shot_limited,-,0,none
907,22,34,21,21,22,0,0,0,15,0,0,0,0,0,0,0,0,0,0,0,0,R:34,-,42,42.0%,0,0,0,0,0,0,0,1,0,0,0,0,0,0,0,0,0,0,normal,shot_limited,-,0,none
908,22,21,33,21,21,0,0,0,15,1,0,0,0,0,0,0,0,0,0,0,0,G:33,-,42,42.0%,0,0,1,0,0,0,0,0,0,0,0,0,0,0,0,0,0,0,normal,shot_limited,-,0,none
909,21,22,22,33,21,0,0,0,15,1,0,0,0,0,0,0,0,1,0,0,0,Y:38,-,43,42.0%,0,0,0,0,0,0,0,0,0,0,0,0,0,0,0,0,0,0,normal,shot_limited,-,0,none
910,21,21,22,22,34,0,0,0,15,0,0,1,0,0,0,0,0,0,0,0,0,P:34,-,43,42.0%,0,0,0,0,0,0,0,0,0,0,0,0,0,0,0,0,0,0,special_floating_island,timed_infinite_shots,-,4,none
911,0,22,22,34,21,22,0,0,15,0,0,0,0,0,0,0,0,0,0,0,0,Y:34,-,40,46.0%,0,0,0,0,0,0,0,0,0,0,0,0,3,0,0,0,0,0,normal,shot_limited,-,0,none
912,0,25,24,24,24,24,0,0,15,0,0,0,0,0,0,0,0,0,0,0,0,P:24,-,40,44.2%,0,0,0,0,0,0,0,0,0,0,0,0,0,0,0,0,0,0,normal,shot_limited,-,0,none
913,0,24,24,25,24,24,0,0,15,0,0,0,0,0,0,0,0,0,0,0,0,R:24,-,40,42.4%,0,0,0,0,0,0,0,0,0,0,0,0,0,0,0,0,0,0,normal,shot_limited,-,0,none
914,0,22,34,21,22,22,0,0,15,0,0,0,0,0,0,0,0,0,0,0,0,G:34,-,40,42.0%,0,0,0,0,0,0,0,0,0,0,0,0,0,0,2,0,0,0,normal,shot_limited,-,0,none
915,0,22,22,34,21,22,0,0,15,0,0,0,0,0,0,0,0,0,0,0,0,Y:34,-,40,42.0%,0,0,0,0,0,0,0,0,0,0,0,0,0,3,0,0,0,0,normal,shot_limited,-,0,per_attempt_no_repeat
916,0,0,24,25,24,24,24,0,15,0,0,0,0,0,0,0,0,0,0,0,0,G:24,-,40,42.0%,0,0,0,0,0,0,0,0,0,0,0,0,0,0,0,0,0,0,normal,shot_limited,-,0,none
917,0,0,21,33,22,21,21,0,15,0,0,0,0,0,0,0,0,0,0,0,0,Y:33,-,42,42.0%,0,0,1,1,0,0,0,0,0,0,0,0,0,0,0,0,0,0,normal,shot_limited,-,0,none
918,0,0,21,21,34,22,22,0,15,1,0,0,0,0,0,0,0,0,0,0,0,P:34,-,42,42.0%,0,0,0,0,0,0,0,0,0,0,0,0,0,0,0,0,0,0,normal,shot_limited,-,0,per_attempt_no_repeat
919,0,0,24,24,24,24,25,0,15,0,0,0,0,0,0,0,0,0,0,0,0,G:24,-,42,42.0%,0,0,0,0,0,0,0,0,0,0,0,0,0,0,0,0,0,0,normal,shot_limited,-,0,none
920,0,0,22,34,22,22,21,0,15,0,0,0,0,0,0,0,0,0,0,0,0,Y:34,-,42,42.0%,0,0,0,0,0,0,0,0,0,0,0,0,0,0,0,0,0,0,special_floating_island,timed_infinite_shots,-,5,none
921,0,0,0,33,21,22,21,21,15,0,0,0,0,0,0,0,0,0,0,0,0,Y:33,-,43,46.0%,0,0,0,0,0,0,0,0,0,0,3,0,0,0,0,0,0,0,normal,shot_limited,-,0,none
922,0,0,0,24,24,24,25,24,15,0,0,0,0,0,0,0,0,0,0,0,0,P:24,-,40,44.2%,0,0,0,0,0,0,0,0,0,0,0,0,0,0,0,0,0,0,normal,shot_limited,-,0,none
923,0,0,0,24,24,24,24,25,15,0,0,0,0,0,0,0,0,0,0,0,0,Y:24,-,40,42.4%,0,0,0,0,0,0,0,0,0,0,0,0,0,0,0,0,0,0,normal,shot_limited,-,0,none
924,0,0,0,22,33,22,21,21,15,0,0,0,0,0,0,0,0,0,0,0,0,P:33,-,40,42.0%,0,0,1,0,0,0,0,0,0,0,0,3,0,0,0,0,0,0,normal,shot_limited,-,0,none
925,0,0,0,25,16,17,16,16,15,0,0,0,0,0,0,0,0,0,0,0,0,Y:25,-,33,42.0%,0,0,0,0,0,0,0,0,0,0,0,0,0,0,0,0,0,0,trapped_sprite_rescue,shot_limited,flora,0,none
926,34,0,0,0,22,21,22,22,15,0,0,0,0,0,0,0,0,0,0,0,0,B:34,-,40,42.0%,0,0,0,0,0,0,0,0,0,0,0,0,0,0,0,0,2,0,multi_trapped_spirit_rescue,shot_limited,-,0,none
927,22,0,0,0,34,22,21,21,15,0,0,0,0,0,0,0,0,0,0,0,0,P:34,-,42,42.0%,0,0,0,0,1,0,0,0,0,0,0,0,0,0,0,0,0,0,normal,shot_limited,-,0,per_attempt_no_repeat
928,34,0,0,0,22,22,21,21,15,0,0,0,0,0,0,0,0,0,0,0,0,B:34,-,42,42.0%,0,0,0,0,0,0,0,0,1,0,0,0,0,0,0,0,0,0,normal,shot_limited,-,0,none
929,21,0,0,0,34,21,22,22,15,0,0,0,1,0,0,0,0,0,0,0,0,P:34,-,43,42.0%,0,0,0,0,0,0,0,0,0,0,0,0,0,0,0,0,0,0,normal,shot_limited,-,0,per_attempt_no_repeat
930,34,0,0,0,21,21,22,22,15,0,0,0,1,0,0,0,0,0,0,0,0,B:34,-,43,42.0%,0,0,0,0,0,0,0,0,0,0,0,0,0,0,0,0,0,0,special_floating_island,timed_infinite_shots,-,2,none
931,34,22,0,0,0,22,21,21,15,0,0,0,0,0,0,0,0,0,0,0,0,B:34,-,41,46.0%,0,0,0,0,0,1,0,0,0,0,0,0,0,0,0,0,0,0,normal,shot_limited,-,0,none
932,21,34,0,0,0,22,22,21,15,0,0,1,0,0,0,0,0,0,0,0,0,R:34,-,41,44.2%,0,0,0,0,0,0,0,0,0,0,0,0,0,0,0,0,0,0,normal,shot_limited,-,0,per_attempt_no_repeat
933,34,22,0,0,0,21,22,22,15,0,0,0,0,0,0,0,0,0,0,0,0,B:34,-,40,42.4%,0,0,0,0,0,0,0,0,0,0,0,0,0,0,0,0,0,1,normal,shot_limited,-,0,none
934,22,34,0,0,0,21,21,22,15,0,0,0,0,0,0,0,0,0,0,0,0,R:34,-,40,42.0%,1,0,0,0,0,0,0,0,0,0,0,0,0,0,0,1,0,0,normal,shot_limited,-,0,none
935,34,22,0,0,0,22,21,21,15,0,0,0,0,0,0,0,0,0,0,0,0,B:34,-,41,42.0%,0,0,0,0,0,0,1,0,0,0,0,0,0,0,0,0,0,0,normal,shot_limited,-,0,per_attempt_no_repeat
936,18,17,28,0,0,0,18,18,15,0,28,0,0,0,0,0,0,0,0,0,0,G:28,雪球:28,42,42.0%,0,0,0,0,0,0,0,0,0,0,0,0,0,0,0,0,0,0,normal,shot_limited,-,0,per_attempt_no_repeat
937,31,20,20,0,0,0,20,20,15,0,0,0,0,0,0,0,0,0,0,1,10,B:31,-,46,42.0%,0,0,0,0,0,0,0,1,0,0,0,0,0,0,0,0,0,0,normal,shot_limited,-,0,none
938,22,34,22,0,0,0,21,21,15,0,0,0,0,0,0,0,0,0,0,0,0,R:34,-,41,42.0%,1,0,0,0,0,0,0,0,0,0,0,0,0,0,0,0,0,0,normal,shot_limited,-,0,per_attempt_no_repeat
939,24,25,24,0,0,0,24,24,15,0,0,0,0,0,0,0,0,0,0,0,0,G:24,-,42,42.0%,0,0,0,0,0,0,0,0,0,0,0,0,0,0,0,0,0,0,normal,shot_limited,-,0,none
940,34,22,21,0,0,0,22,22,15,0,0,0,0,0,0,0,0,0,0,0,0,B:34,-,42,42.0%,0,0,0,0,0,0,0,0,0,0,0,0,0,0,0,0,0,0,special_floating_island,timed_infinite_shots,-,3,none
941,31,21,20,20,0,0,0,20,15,0,0,0,0,0,0,0,0,0,0,1,10,B:31,-,46,46.0%,0,0,0,0,0,0,0,0,0,0,0,0,3,0,0,0,0,0,normal,shot_limited,-,0,none
942,16,25,17,16,0,0,0,16,15,0,0,0,0,0,0,0,0,0,0,0,0,R:25,-,33,44.2%,0,0,0,0,0,0,0,0,0,0,0,0,0,0,0,0,0,0,trapped_sprite_rescue,shot_limited,loco,0,none
943,20,20,31,20,0,0,0,20,15,0,0,0,1,0,0,0,0,0,0,1,10,G:31,-,46,42.4%,0,0,0,0,0,0,0,0,0,0,0,0,0,0,0,0,0,0,normal,shot_limited,-,0,none
944,22,21,21,34,0,0,0,22,15,0,0,0,1,0,0,0,0,0,0,0,0,Y:34,-,41,42.0%,0,0,0,0,0,0,0,0,0,0,0,0,0,0,2,0,0,0,normal,shot_limited,-,0,none
945,34,22,22,22,0,0,0,21,15,0,0,0,0,0,0,0,0,0,0,0,0,B:34,-,40,42.0%,0,0,0,0,0,0,0,0,0,0,0,0,0,3,0,0,0,0,normal,shot_limited,-,0,none
946,24,24,24,25,24,0,0,0,15,0,0,0,0,0,0,0,0,0,0,0,0,B:24,-,40,42.0%,0,0,0,0,0,0,0,0,0,0,0,0,0,0,0,0,0,0,normal,shot_limited,-,0,none
947,22,34,21,21,22,0,0,0,15,0,0,0,0,0,0,0,0,0,0,0,0,R:34,-,42,42.0%,0,0,0,1,0,0,0,0,0,0,0,0,0,0,0,0,0,0,normal,shot_limited,-,0,per_attempt_no_repeat
948,22,22,34,21,21,0,0,0,15,0,0,0,0,0,0,0,0,0,0,0,0,G:34,-,41,42.0%,0,1,0,0,0,0,0,0,0,0,0,0,0,0,0,0,0,0,normal,shot_limited,-,0,per_attempt_no_repeat
949,24,25,24,24,24,0,0,0,15,0,0,0,0,0,0,0,0,0,0,0,0,Y:24,-,42,42.0%,0,0,0,0,0,0,0,0,0,0,0,0,0,0,0,0,0,0,normal,shot_limited,-,0,none
950,21,21,22,22,34,0,0,0,15,1,0,0,0,0,0,0,0,0,0,0,0,P:34,-,43,42.0%,0,0,0,0,0,0,0,0,0,0,0,0,0,0,0,0,0,0,special_floating_island,timed_infinite_shots,-,4,none
951,0,21,21,33,21,21,0,0,15,0,0,0,1,0,0,0,0,0,0,0,0,Y:33,-,43,46.0%,0,0,0,0,0,0,0,0,0,0,3,0,0,0,0,0,0,0,normal,shot_limited,-,0,none
952,0,25,24,24,24,24,0,0,15,0,0,0,0,0,0,0,0,0,0,0,0,P:24,-,40,44.2%,0,0,0,0,0,0,0,0,0,0,0,0,0,0,0,0,0,0,normal,shot_limited,-,0,none
953,0,24,24,25,24,24,0,0,15,0,0,0,0,0,0,0,0,0,0,0,0,R:24,-,40,42.4%,0,0,0,0,0,0,0,0,0,0,0,0,0,0,0,0,0,0,normal,shot_limited,-,0,none
954,0,22,34,21,22,22,0,0,15,0,0,0,0,0,0,0,0,0,0,0,0,G:34,-,40,42.0%,0,0,0,0,0,0,0,0,0,0,0,3,0,0,0,0,0,0,normal,shot_limited,-,0,per_attempt_no_repeat
955,0,22,21,34,21,22,0,0,15,0,0,0,0,1,0,0,0,0,0,0,0,Y:34,-,41,42.0%,0,0,0,0,0,0,0,0,0,0,0,0,0,0,0,0,0,0,normal,shot_limited,-,0,per_attempt_no_repeat
956,0,0,18,28,18,18,17,0,15,0,28,0,0,0,0,0,0,0,0,0,0,Y:28,雪球:28,42,42.0%,0,0,0,0,0,0,0,0,0,0,0,0,0,0,0,0,2,0,multi_trapped_spirit_rescue,shot_limited,-,0,none
957,0,0,21,22,34,22,21,0,15,0,0,0,0,0,0,0,0,0,0,0,0,P:34,-,42,42.0%,0,0,0,0,1,0,0,0,0,0,0,0,0,0,0,0,0,0,normal,shot_limited,-,0,none
958,0,0,33,21,21,22,21,0,15,0,0,0,0,0,0,0,0,0,0,0,0,G:33,-,42,42.0%,0,0,1,0,0,0,0,0,1,0,0,0,0,0,0,0,0,0,normal,shot_limited,-,0,none
959,0,0,24,24,24,24,25,0,15,0,0,0,0,0,0,0,0,0,0,0,0,Y:24,-,42,42.0%,0,0,0,0,0,0,0,0,0,0,0,0,0,0,0,0,0,0,normal,shot_limited,-,0,none
960,0,0,22,22,34,22,21,0,15,0,0,0,0,0,0,0,0,0,0,0,0,P:34,-,42,42.0%,0,0,0,0,0,0,0,0,0,0,0,0,0,0,0,0,0,0,special_floating_island,timed_infinite_shots,-,5,none
961,0,0,0,31,20,20,20,20,15,0,0,0,0,0,0,0,0,0,0,1,10,Y:31,-,46,46.0%,0,0,0,0,0,1,0,0,0,0,0,0,0,0,0,0,0,0,normal,shot_limited,-,0,none
962,0,0,0,18,28,17,18,18,15,0,28,0,0,0,0,0,0,0,0,0,0,P:28,雪球:28,42,44.2%,0,0,0,0,0,0,0,0,0,0,0,0,0,0,0,0,0,1,normal,shot_limited,-,0,none
963,0,0,0,25,16,16,16,16,15,0,0,1,0,0,0,0,0,0,0,0,0,Y:25,-,33,42.4%,0,0,0,0,0,0,0,0,0,0,0,0,0,0,0,0,0,0,trapped_sprite_rescue,shot_limited,kelu,0,none
964,0,0,0,22,34,22,22,21,15,0,0,0,0,0,0,0,0,0,0,0,0,P:34,-,40,42.0%,0,0,0,0,0,0,0,0,0,0,0,0,0,0,0,1,0,0,normal,shot_limited,-,0,per_attempt_no_repeat
965,0,0,0,34,21,22,22,21,15,0,0,0,0,0,0,0,0,0,0,0,0,Y:34,-,41,42.0%,0,0,0,0,0,0,1,0,0,0,0,0,0,0,0,0,0,0,normal,shot_limited,-,0,none
966,24,0,0,0,24,24,25,24,15,0,0,0,0,0,0,0,0,0,0,0,0,B:24,-,40,42.0%,0,0,0,0,0,0,0,0,0,0,0,0,0,0,0,0,0,0,normal,shot_limited,-,0,none
967,22,0,0,0,34,22,21,21,15,0,0,0,0,0,0,0,0,0,0,0,0,P:34,-,42,42.0%,0,0,0,0,0,0,0,1,0,0,0,0,0,0,0,0,0,0,normal,shot_limited,-,0,per_attempt_no_repeat
968,33,0,0,0,22,22,21,21,15,0,0,0,0,0,0,0,0,0,0,0,0,B:33,-,41,42.0%,0,0,1,0,0,0,0,0,0,0,0,0,0,0,0,0,0,0,normal,shot_limited,-,0,per_attempt_no_repeat
969,21,0,0,0,34,21,22,22,15,0,0,0,0,0,0,0,0,0,1,0,0,P:39,-,43,42.0%,0,0,0,0,0,0,0,0,0,0,0,0,0,0,0,0,0,0,normal,shot_limited,-,0,per_attempt_no_repeat
970,28,0,0,0,18,17,18,18,15,0,28,0,0,0,0,0,0,0,0,0,0,B:28,雪球:28,44,42.0%,0,0,0,0,0,0,0,0,0,0,0,0,0,0,0,0,0,0,special_floating_island,timed_infinite_shots,-,2,none
971,34,22,0,0,0,22,22,21,15,0,0,0,0,0,0,0,0,0,0,0,0,B:34,-,40,46.0%,0,0,0,0,0,0,0,0,0,0,0,0,3,0,0,0,0,0,normal,shot_limited,-,0,per_attempt_no_repeat
972,24,24,0,0,0,25,24,24,15,0,0,0,0,0,0,0,0,0,0,0,0,R:24,-,40,44.2%,0,0,0,0,0,0,0,0,0,0,0,0,0,0,0,0,0,0,normal,shot_limited,-,0,none
973,24,24,0,0,0,24,25,24,15,0,0,0,0,0,0,0,0,0,0,0,0,B:24,-,40,42.4%,0,0,0,0,0,0,0,0,0,0,0,0,0,0,0,0,0,0,normal,shot_limited,-,0,none
974,22,34,0,0,0,22,21,22,15,0,0,0,0,0,0,0,0,0,0,0,0,R:34,-,40,42.0%,0,0,0,0,0,0,0,0,0,0,0,0,0,0,2,0,0,0,normal,shot_limited,-,0,per_attempt_no_repeat
975,31,21,0,0,0,20,20,20,15,0,0,0,0,0,0,0,0,0,0,1,10,B:31,-,46,42.0%,0,0,0,0,0,0,0,0,0,0,0,0,0,3,0,0,0,0,normal,shot_limited,-,0,none
976,24,24,24,0,0,0,25,24,15,0,0,0,0,0,0,0,0,0,0,0,0,B:24,-,40,42.0%,0,0,0,0,0,0,0,0,0,0,0,0,0,0,0,0,0,0,normal,shot_limited,-,0,none
977,22,34,21,0,0,0,21,22,15,0,0,0,0,0,0,0,0,0,0,0,0,R:34,-,42,42.0%,0,0,0,1,0,0,0,0,0,0,0,0,0,0,0,0,0,0,normal,shot_limited,-,0,none
978,22,22,34,0,0,0,21,21,15,1,0,0,0,0,0,0,0,0,0,0,0,G:34,-,42,42.0%,0,0,0,0,0,0,0,0,0,0,0,0,0,0,0,0,0,0,normal,shot_limited,-,0,none
979,24,24,25,0,0,0,24,24,15,0,0,0,0,0,0,0,0,0,0,0,0,B:24,-,42,42.0%,0,0,0,0,0,0,0,0,0,0,0,0,0,0,0,0,0,0,normal,shot_limited,-,0,none
980,22,34,21,0,0,0,22,22,15,0,0,0,0,0,0,0,0,0,0,0,0,R:34,-,42,42.0%,0,0,0,0,0,0,0,0,0,0,0,0,0,0,0,0,0,0,special_floating_island,timed_infinite_shots,-,3,none
981,33,22,21,21,0,0,0,21,15,0,0,0,0,0,0,0,0,0,0,0,0,B:33,-,43,46.0%,0,0,0,0,0,0,0,0,0,0,3,0,0,0,0,0,0,0,normal,shot_limited,-,0,per_attempt_no_repeat
982,24,24,25,24,0,0,0,24,15,0,0,0,0,0,0,0,0,0,0,0,0,R:24,-,40,44.2%,0,0,0,0,0,0,0,0,0,0,0,0,0,0,0,0,0,0,normal,shot_limited,-,0,none
983,24,24,24,25,0,0,0,24,15,0,0,0,0,0,0,0,0,0,0,0,0,G:24,-,40,42.4%,0,0,0,0,0,0,0,0,0,0,0,0,0,0,0,0,0,0,normal,shot_limited,-,0,none
984,22,22,21,34,0,0,0,22,15,0,0,0,0,0,0,0,0,0,0,0,0,Y:34,-,40,42.0%,0,0,0,0,0,0,0,0,0,0,0,3,0,0,0,0,0,0,normal,shot_limited,-,0,none
985,34,22,22,22,0,0,0,21,15,0,0,0,0,0,0,0,0,0,0,0,0,B:34,-,31,42.0%,0,0,0,0,0,0,0,0,0,0,0,0,0,0,0,0,2,0,multi_trapped_spirit_rescue,shot_limited,-,0,none
986,25,16,16,17,16,0,0,0,15,0,0,0,0,0,0,0,0,0,0,0,0,B:25,-,33,42.0%,0,0,0,0,0,0,0,0,0,0,0,0,0,0,0,0,0,0,trapped_sprite_rescue,shot_limited,yumi,0,none
987,22,33,21,21,22,0,0,0,15,0,0,0,0,1,0,0,0,0,0,0,0,R:33,-,42,42.0%,0,0,0,0,1,0,0,0,0,0,0,0,0,0,0,0,0,0,normal,shot_limited,-,0,none
988,22,22,34,21,21,0,0,0,15,0,0,0,0,0,0,0,0,0,0,0,0,G:34,-,42,42.0%,0,0,0,0,0,0,0,0,1,0,0,0,0,0,0,0,0,0,normal,shot_limited,-,0,per_attempt_no_repeat
989,21,22,22,34,21,0,0,0,15,0,0,0,1,0,0,0,0,0,0,0,0,Y:34,-,43,42.0%,0,0,0,0,0,0,0,0,0,0,0,0,0,0,0,0,0,0,normal,shot_limited,-,0,none
990,21,21,22,22,34,0,0,0,15,0,0,1,0,0,0,0,0,0,0,0,0,P:34,-,43,42.0%,0,0,0,0,0,0,0,0,0,0,0,0,0,0,0,0,0,0,special_floating_island,timed_infinite_shots,-,4,none
991,0,22,21,34,21,22,0,0,15,0,0,0,0,0,0,0,0,0,0,0,0,Y:34,-,41,46.0%,0,0,0,0,0,1,0,0,0,0,0,0,0,0,0,0,0,0,normal,shot_limited,-,0,per_attempt_no_repeat
992,0,22,22,22,34,21,0,0,15,0,0,0,0,0,0,0,0,0,0,0,0,P:34,-,40,44.2%,0,0,0,0,0,0,0,0,0,0,0,0,0,0,0,0,0,1,normal,shot_limited,-,0,per_attempt_no_repeat
993,0,34,21,22,22,21,0,0,15,0,0,1,0,0,0,0,0,0,0,0,0,R:34,-,41,42.4%,0,0,0,0,0,0,0,0,0,0,0,0,0,0,0,0,0,0,normal,shot_limited,-,0,none
994,0,22,34,21,22,22,0,0,15,0,0,0,0,0,0,0,0,0,0,0,0,G:34,-,40,42.0%,0,0,0,0,0,0,0,0,0,0,0,0,0,0,0,1,0,0,normal,shot_limited,-,0,none
995,0,20,20,31,20,20,0,0,15,0,0,0,0,0,0,0,0,0,0,1,10,Y:31,-,46,42.0%,0,0,0,0,0,0,1,0,0,0,0,0,0,0,0,0,0,0,normal,shot_limited,-,0,none
996,0,0,18,18,28,18,17,0,15,0,28,0,0,0,0,0,0,0,0,0,0,P:28,雪球:28,42,42.0%,0,0,0,0,0,0,0,0,0,0,0,0,0,0,0,0,0,0,normal,shot_limited,-,0,none
997,0,0,34,21,22,22,21,0,15,0,0,0,0,0,0,0,0,0,0,0,0,G:34,-,42,42.0%,0,0,0,0,0,0,0,1,0,0,0,0,0,0,0,0,0,0,normal,shot_limited,-,0,none
998,0,0,22,34,21,22,22,0,15,0,0,0,0,0,0,0,0,0,0,0,0,Y:34,-,41,42.0%,0,0,0,0,0,0,0,0,0,0,0,0,3,0,0,0,0,0,normal,shot_limited,-,0,none
999,0,0,16,16,25,16,17,0,15,0,0,0,0,0,0,0,0,0,0,0,0,P:25,-,35,42.0%,0,0,0,0,0,0,0,0,0,0,0,0,0,0,0,0,0,0,trapped_sprite_rescue,shot_limited,milu,0,none
1000,0,0,34,22,22,22,21,0,15,0,0,0,0,0,0,0,0,0,0,0,0,G:34,-,42,42.0%,0,0,0,0,0,0,0,0,0,0,0,0,0,0,0,0,0,0,special_floating_island,timed_infinite_shots,-,5,none
