组合ID,配置类别,机制数量,机制ID1,机制1,机制配置入口1,机制ID2,机制2,机制配置入口2,特殊球类型数量,特殊球ID1,特殊球1,特殊球配置键1,特殊球ID2,特殊球2,特殊球配置键2,特殊球ID3,特殊球3,特殊球配置键3,关卡类型,玩法模式,复杂度分,复杂度等级,推荐投放等级,投放权重,首次允许关卡,推荐投放阶段,同配置长期最小间隔,复现策略,投放限制,规则代码,必要配置约束
C0001,单机制,1,stone,石球机制,level.specialEntities[]: obstacle_ball/stone,,,,1,stone,石球,level.specialEntities[]: obstacle_ball/stone,,,,,,,normal,shot_limited,1,低,T1 常规投放,10,11,教学/4-6关复习/长期复现,50,教学后4-6关复习；长期每50-80关，目标60关,首次教学只改变一种难度维度，复习时再增加数量或布局复杂度。,G01|G02|B01,G01 同关最多2种机制、3种特殊球类型；特殊实体ID与坐标必须唯一，且只能配置在layout的空位'.'。；G02 组合表只判定机制类型能否共存；具体行列、数量、颜色、通道和目标仍必须通过LevelConfigLoader及专项校验器。；B01 石球必须形成可击打障碍或支撑结构，同时保留可清路线。
C0002,单机制,1,ice,冰球机制,level.specialEntities[]: obstacle_ball/ice,,,,1,ice,冰球,level.specialEntities[]: obstacle_ball/ice,,,,,,,normal,shot_limited,1,低,T1 常规投放,10,16,教学/4-6关复习/长期复现,50,教学后4-6关复习；长期每50-80关，目标60关,首次教学只改变一种难度维度，复习时再增加数量或布局复杂度。,G01|G02|B02,G01 同关最多2种机制、3种特殊球类型；特殊实体ID与坐标必须唯一，且只能配置在layout的空位'.'。；G02 组合表只判定机制类型能否共存；具体行列、数量、颜色、通道和目标仍必须通过LevelConfigLoader及专项校验器。；B02 冰球innerColor必须属于本关level.colors。
C0003,单机制,1,rainbow,彩虹球机制,level.specialEntities[]: skill_ball/rainbow,,,,1,rainbow,彩虹球,level.specialEntities[]: skill_ball/rainbow,,,,,,,normal,shot_limited,1,低,T1 常规投放,10,12,教学/4-6关复习/长期复现,50,教学后4-6关复习；长期每50-80关，目标60关,首次教学只改变一种难度维度，复习时再增加数量或布局复杂度。,G01|G02|B03,G01 同关最多2种机制、3种特殊球类型；特殊实体ID与坐标必须唯一，且只能配置在layout的空位'.'。；G02 组合表只判定机制类型能否共存；具体行列、数量、颜色、通道和目标仍必须通过LevelConfigLoader及专项校验器。；B03 彩虹球必须处于可击打或可掉落位置。
C0004,单机制,1,blast,爆破球机制,level.specialEntities[]: skill_ball/blast,,,,1,blast,爆破球,level.specialEntities[]: skill_ball/blast,,,,,,,normal,shot_limited,1,低,T1 常规投放,10,14,教学/4-6关复习/长期复现,50,教学后4-6关复习；长期每50-80关，目标60关,首次教学只改变一种难度维度，复习时再增加数量或布局复杂度。,G01|G02|B04,G01 同关最多2种机制、3种特殊球类型；特殊实体ID与坐标必须唯一，且只能配置在layout的空位'.'。；G02 组合表只判定机制类型能否共存；具体行列、数量、颜色、通道和目标仍必须通过LevelConfigLoader及专项校验器。；B04 爆破球必须处于可击打或可掉落位置。
C0005,单机制,1,molotov,燃烧瓶机制,level.specialEntities[]: reactive_ball/molotov,,,,1,molotov,燃烧瓶,level.specialEntities[]: reactive_ball/molotov,,,,,,,normal,shot_limited,2,低,T1 常规投放,8,41,教学/4-6关复习/长期复现,50,教学后4-6关复习；长期每50-80关，目标60关,首次教学只改变一种难度维度，复习时再增加数量或布局复杂度。,G01|G02|B05,G01 同关最多2种机制、3种特殊球类型；特殊实体ID与坐标必须唯一，且只能配置在layout的空位'.'。；G02 组合表只判定机制类型能否共存；具体行列、数量、颜色、通道和目标仍必须通过LevelConfigLoader及专项校验器。；B05 燃烧瓶blastRadius必须显式等于2。
C0006,单机制,1,splitter,分裂球机制,level.specialEntities[]: reactive_ball/splitter,,,,1,splitter,分裂球,level.specialEntities[]: reactive_ball/splitter,,,,,,,normal,shot_limited,2,低,T1 常规投放,8,61,教学/4-6关复习/长期复现,50,教学后4-6关复习；长期每50-80关，目标60关,首次教学只改变一种难度维度，复习时再增加数量或布局复杂度。,G01|G02|B06,G01 同关最多2种机制、3种特殊球类型；特殊实体ID与坐标必须唯一，且只能配置在layout的空位'.'。；G02 组合表只判定机制类型能否共存；具体行列、数量、颜色、通道和目标仍必须通过LevelConfigLoader及专项校验器。；B06 分裂球不得位于第0行；同关splitColor一致且与唯一collect_color目标一致，并至少保留一个合法六邻空位。
C0007,单机制,1,swirl,漩涡球机制,level.specialEntities[]: reactive_ball/swirl,,,,1,swirl,漩涡球,level.specialEntities[]: reactive_ball/swirl,,,,,,,normal,shot_limited,2,低,T1 常规投放,8,21,教学/4-6关复习/长期复现,50,教学后4-6关复习；长期每50-80关，目标60关,首次教学只改变一种难度维度，复习时再增加数量或布局复杂度。,G01|G02|B07,G01 同关最多2种机制、3种特殊球类型；特殊实体ID与坐标必须唯一，且只能配置在layout的空位'.'。；G02 组合表只判定机制类型能否共存；具体行列、数量、颜色、通道和目标仍必须通过LevelConfigLoader及专项校验器。；B07 每个漩涡必须配置完整六邻轨道；轨道只允许普通球，且不得与其他特殊实体重叠。
C0008,单机制,1,vine_spirit,藤蔓魔灵机制,level.specialEntities[]: reactive_ball/vine_spirit,,,,1,vine_spirit,藤蔓魔灵,level.specialEntities[]: reactive_ball/vine_spirit,,,,,,,normal,shot_limited,2,低,T1 常规投放,8,31,教学/4-6关复习/长期复现,50,教学后4-6关复习；长期每50-80关，目标60关,首次教学只改变一种难度维度，复习时再增加数量或布局复杂度。,G01|G02|B08,G01 同关最多2种机制、3种特殊球类型；特殊实体ID与坐标必须唯一，且只能配置在layout的空位'.'。；G02 组合表只判定机制类型能否共存；具体行列、数量、颜色、通道和目标仍必须通过LevelConfigLoader及专项校验器。；B08 藤蔓魔灵life固定为3，六邻缠绕与解除必须遵守藤蔓结算规则。
C0009,单机制,1,wormhole,虫洞机制,level.specialEntities[]: reactive_ball/wormhole,,,,1,wormhole,虫洞,level.specialEntities[]: reactive_ball/wormhole,,,,,,,normal,shot_limited,3,中,T2 进阶投放,5,53,教学/4-6关复习/长期复现,50,教学后4-6关复习；长期每50-80关，目标60关,首次教学只改变一种难度维度，复习时再增加数量或布局复杂度。,G01|G02|B09,G01 同关最多2种机制、3种特殊球类型；特殊实体ID与坐标必须唯一，且只能配置在layout的空位'.'。；G02 组合表只判定机制类型能否共存；具体行列、数量、颜色、通道和目标仍必须通过LevelConfigLoader及专项校验器。；B09 每组虫洞必须恰好2个同排同方向端点，严格内区间至少2格，且通道不得与漩涡等保留结构冲突。
C0010,单机制,1,lock_chain,锁链机制,level.specialEntities[]: key_ball/key + locked_ball/locked,,,,2,key,钥匙,level.specialEntities[]: key_ball/key,locked,锁定球,level.specialEntities[]: locked_ball/locked,,,,normal,shot_limited,3,中,T2 进阶投放,5,81,教学/4-6关复习/长期复现,50,教学后4-6关复习；长期每50-80关，目标60关,首次教学只改变一种难度维度，复习时再增加数量或布局复杂度。,G01|G02|B10,G01 同关最多2种机制、3种特殊球类型；特殊实体ID与坐标必须唯一，且只能配置在layout的空位'.'。；G02 组合表只判定机制类型能否共存；具体行列、数量、颜色、通道和目标仍必须通过LevelConfigLoader及专项校验器。；B10 每条锁链行必须恰好1把钥匙，其余格全部为锁定球；整行layout为'.'且不得放置其他特殊实体。
C0011,单机制,1,black_hole,黑洞机制,level.specialEntities[]: hazard_ball/black_hole,,,,1,black_hole,黑洞,level.specialEntities[]: hazard_ball/black_hole,,,,,,,normal,shot_limited,2,低,T1 常规投放,8,301,教学/4-6关复习/长期复现,50,教学后4-6关复习；长期每50-80关，目标60关,首次教学只改变一种难度维度，复习时再增加数量或布局复杂度。,G01|G02|N01,G01 同关最多2种机制、3种特殊球类型；特殊实体ID与坐标必须唯一，且只能配置在layout的空位'.'。；G02 组合表只判定机制类型能否共存；具体行列、数量、颜色、通道和目标仍必须通过LevelConfigLoader及专项校验器。；N01 黑洞capacity必须显式等于3。
C0012,单机制,1,poison_attachment,毒液附着机制,level.cellAttachments[]: poison,,,,0,,,,,,,,,,normal,shot_limited,2,低,T1 常规投放,8,311,教学/4-6关复习/长期复现,50,教学后4-6关复习；长期每50-80关，目标60关,首次教学只改变一种难度维度，复习时再增加数量或布局复杂度。,G01|G02|N02,G01 同关最多2种机制、3种特殊球类型；特殊实体ID与坐标必须唯一，且只能配置在layout的空位'.'。；G02 组合表只判定机制类型能否共存；具体行列、数量、颜色、通道和目标仍必须通过LevelConfigLoader及专项校验器。；N02 毒液附件只能附着普通球，每格唯一，particleCount必须显式等于3。
C0013,单机制,1,spirit_cocoon,精灵茧机制,level.specialEntities[]: reactive_ball/spirit_cocoon,,,,1,spirit_cocoon,精灵茧,level.specialEntities[]: reactive_ball/spirit_cocoon,,,,,,,normal,shot_limited,2,低,T1 常规投放,8,321,教学/4-6关复习/长期复现,50,教学后4-6关复习；长期每50-80关，目标60关,首次教学只改变一种难度维度，复习时再增加数量或布局复杂度。,G01|G02|N03,G01 同关最多2种机制、3种特殊球类型；特殊实体ID与坐标必须唯一，且只能配置在layout的空位'.'。；G02 组合表只判定机制类型能否共存；具体行列、数量、颜色、通道和目标仍必须通过LevelConfigLoader及专项校验器。；N03 精灵茧必须位于合法特殊实体空位，并保留可触发的相邻消除路径。
C0014,单机制,1,ice_crystal_attachment,冰凌附着机制,level.cellAttachments[]: ice_crystal,,,,0,,,,,,,,,,normal,shot_limited,2,低,T1 常规投放,8,331,教学/4-6关复习/长期复现,50,教学后4-6关复习；长期每50-80关，目标60关,首次教学只改变一种难度维度，复习时再增加数量或布局复杂度。,G01|G02|N04,G01 同关最多2种机制、3种特殊球类型；特殊实体ID与坐标必须唯一，且只能配置在layout的空位'.'。；G02 组合表只判定机制类型能否共存；具体行列、数量、颜色、通道和目标仍必须通过LevelConfigLoader及专项校验器。；N04 冰凌附件只能附着普通球，每格唯一，且不得与其他附件重叠。
C0015,单机制,1,transparent_ball,透明球机制,level.specialEntities[]: reactive_ball/transparent_ball,,,,1,transparent_ball,透明球,level.specialEntities[]: reactive_ball/transparent_ball,,,,,,,normal,shot_limited,2,低,T1 常规投放,8,341,教学/4-6关复习/长期复现,50,教学后4-6关复习；长期每50-80关，目标60关,首次教学只改变一种难度维度，复习时再增加数量或布局复杂度。,G01|G02|N05,G01 同关最多2种机制、3种特殊球类型；特殊实体ID与坐标必须唯一，且只能配置在layout的空位'.'。；G02 组合表只判定机制类型能否共存；具体行列、数量、颜色、通道和目标仍必须通过LevelConfigLoader及专项校验器。；N05 透明球后方必须存在稳定合法碰撞终点；不得用于单目标救援关。
C0016,单机制,1,breeder,繁殖球机制,level.specialEntities[]: reactive_ball/breeder,,,,1,breeder,繁殖球,level.specialEntities[]: reactive_ball/breeder,,,,,,,normal,shot_limited,2,低,T1 常规投放,8,351,教学/4-6关复习/长期复现,50,教学后4-6关复习；长期每50-80关，目标60关,首次教学只改变一种难度维度，复习时再增加数量或布局复杂度。,G01|G02|N06,G01 同关最多2种机制、3种特殊球类型；特殊实体ID与坐标必须唯一，且只能配置在layout的空位'.'。；G02 组合表只判定机制类型能否共存；具体行列、数量、颜色、通道和目标仍必须通过LevelConfigLoader及专项校验器。；N06 繁殖球至少保留一个合法六邻空位。
C0017,单机制,1,bubble_shield_attachment,气泡护盾附着机制,level.cellAttachments[]: bubble_shield,,,,0,,,,,,,,,,normal,shot_limited,2,低,T1 常规投放,8,361,教学/4-6关复习/长期复现,50,教学后4-6关复习；长期每50-80关，目标60关,首次教学只改变一种难度维度，复习时再增加数量或布局复杂度。,G01|G02|N07,G01 同关最多2种机制、3种特殊球类型；特殊实体ID与坐标必须唯一，且只能配置在layout的空位'.'。；G02 组合表只判定机制类型能否共存；具体行列、数量、颜色、通道和目标仍必须通过LevelConfigLoader及专项校验器。；N07 气泡护盾附件只能附着普通球，每格唯一，且不得与其他附件重叠。
C0018,单机制,1,mine,地雷机制,level.specialEntities[]: hazard_ball/mine,,,,1,mine,地雷,level.specialEntities[]: hazard_ball/mine,,,,,,,normal,shot_limited,3,中,T2 进阶投放,5,371,教学/4-6关复习/长期复现,50,教学后4-6关复习；长期每50-80关，目标60关,首次教学只改变一种难度维度，复习时再增加数量或布局复杂度。,G01|G02|N08,G01 同关最多2种机制、3种特殊球类型；特殊实体ID与坐标必须唯一，且只能配置在layout的空位'.'。；G02 组合表只判定机制类型能否共存；具体行列、数量、颜色、通道和目标仍必须通过LevelConfigLoader及专项校验器。；N08 地雷initialLife必须为正整数；正式生成标准为6。
C0019,单机制,1,bud,花苞球机制,level.specialEntities[]: reactive_ball/bud,,,,1,bud,花苞球,level.specialEntities[]: reactive_ball/bud,,,,,,,normal,shot_limited,2,低,T1 常规投放,8,381,教学/4-6关复习/长期复现,50,教学后4-6关复习；长期每50-80关，目标60关,首次教学只改变一种难度维度，复习时再增加数量或布局复杂度。,G01|G02|N09,G01 同关最多2种机制、3种特殊球类型；特殊实体ID与坐标必须唯一，且只能配置在layout的空位'.'。；G02 组合表只判定机制类型能否共存；具体行列、数量、颜色、通道和目标仍必须通过LevelConfigLoader及专项校验器。；N09 花苞球必须位于合法特殊实体空位，并保留可触发的相邻消除路径。
C0020,单机制,1,multi_rescue,多精灵救援机制,level.multiTrappedSpiritRescue.targets[],,,,0,,,,,,,,,,multi_trapped_spirit_rescue,shot_limited,3,中,F 固定/系统排期,0,401,多救援教学/复习/复现,50,教学后4-6关复习；长期每50-80关，目标60关,权重为0，不进入普通随机池，必须由对应模式或系统策略显式排期。,G01|G02|N10,G01 同关最多2种机制、3种特殊球类型；特殊实体ID与坐标必须唯一，且只能配置在layout的空位'.'。；G02 组合表只判定机制类型能否共存；具体行列、数量、颜色、通道和目标仍必须通过LevelConfigLoader及专项校验器。；N10 多精灵救援必须配置2至7个不重复目标；目标位于顶部第2至6行(row=1..5)、目标格为'.'且邻接可消除普通球。
C0021,单机制,1,color_cloud,彩云机制,level.colorClouds[],,,,0,,,,,,,,,,normal,shot_limited,2,低,T1 常规投放,8,411,教学/4-6关复习/长期复现,50,教学后4-6关复习；长期每50-80关，目标60关,首次教学只改变一种难度维度，复习时再增加数量或布局复杂度。,G01|G02|N11,G01 同关最多2种机制、3种特殊球类型；特殊实体ID与坐标必须唯一，且只能配置在layout的空位'.'。；G02 组合表只判定机制类型能否共存；具体行列、数量、颜色、通道和目标仍必须通过LevelConfigLoader及专项校验器。；N11 彩云必须完整配置visible、position、hitDispearTime、startTime、speed、color六字段，且color属于本关颜色或RAINBOW。
C0022,单机制,1,spider,蜘蛛机制,level.spiderRows[],,,,0,,,,,,,,,,normal,shot_limited,3,中,T2 进阶投放,5,421,教学/4-6关复习/长期复现,50,教学后4-6关复习；长期每50-80关，目标60关,首次教学只改变一种难度维度，复习时再增加数量或布局复杂度。,G01|G02|N12,G01 同关最多2种机制、3种特殊球类型；特殊实体ID与坐标必须唯一，且只能配置在layout的空位'.'。；G02 组合表只判定机制类型能否共存；具体行列、数量、颜色、通道和目标仍必须通过LevelConfigLoader及专项校验器。；N12 蜘蛛锚点必须是普通球，不得与特殊实体或附件重叠；同排蜘蛛共用lockRowId且lockRowId不得跨行。
C0023,单机制,1,wind_tunnel,风眼机制,level.specialEntities[]: reactive_ball/wind_tunnel_entrance + wind_tunnel_exit,,,,2,wind_tunnel_entrance,风眼入口,level.specialEntities[]: reactive_ball/wind_tunnel_entrance,wind_tunnel_exit,风眼出口,level.specialEntities[]: reactive_ball/wind_tunnel_exit,,,,normal,shot_limited,3,中,T2 进阶投放,5,431,教学/4-6关复习/长期复现,50,教学后4-6关复习；长期每50-80关，目标60关,首次教学只改变一种难度维度，复习时再增加数量或布局复杂度。,G01|G02|N13,G01 同关最多2种机制、3种特殊球类型；特殊实体ID与坐标必须唯一，且只能配置在layout的空位'.'。；G02 组合表只判定机制类型能否共存；具体行列、数量、颜色、通道和目标仍必须通过LevelConfigLoader及专项校验器。；N13 风眼必须恰好1个入口且至少2个出口；入口可命中，出口坐标有效且不得与其他特殊实体重叠。
C0024,单机制,1,rainbow_prism,彩虹棱镜球机制,level.initialPowerups.rainbow_prism_ball,,,,0,,,,,,,,,,normal,shot_limited,2,低,T1 常规投放,8,441,教学/4-6关复习/长期复现,50,教学后4-6关复习；长期每50-80关，目标60关,首次教学只改变一种难度维度，复习时再增加数量或布局复杂度。,G01|G02|N14,G01 同关最多2种机制、3种特殊球类型；特殊实体ID与坐标必须唯一，且只能配置在layout的空位'.'。；G02 组合表只判定机制类型能否共存；具体行列、数量、颜色、通道和目标仍必须通过LevelConfigLoader及专项校验器。；N14 彩虹棱镜球通过initialPowerups.rainbow_prism_ball配置，不写入棋盘specialEntities。
C0025,单机制,1,board_occlusion,动态棋盘遮挡机制,level.boardOcclusionPlan,,,,0,,,,,,,,,,normal,shot_limited,2,低,F 固定/系统排期,0,31,遮挡覆盖策略,1,按31关后遮挡覆盖策略；同一组合至少间隔50关,权重为0，不进入普通随机池，必须由对应模式或系统策略显式排期。,G01|G02|M01,G01 同关最多2种机制、3种特殊球类型；特殊实体ID与坐标必须唯一，且只能配置在layout的空位'.'。；G02 组合表只判定机制类型能否共存；具体行列、数量、颜色、通道和目标仍必须通过LevelConfigLoader及专项校验器。；M01 动态遮挡不能覆盖特殊实体；限球关按发射数、限时关按秒清除；单目标和多目标救援均禁用。
C0026,单机制,1,timed_mode,限时模式,level.levelType + level.playMode + level.timeBonusBalls[],,,,1,time_bonus_ball,加时球,level.timeBonusBalls[],,,,,,,special_floating_island,timed_infinite_shots,3,中,F 固定/系统排期,0,10,每10关固定限时,10,限时模式每10关；同一搭档至少间隔50关,权重为0，不进入普通随机池，必须由对应模式或系统策略显式排期。,G01|G02|M02,G01 同关最多2种机制、3种特殊球类型；特殊实体ID与坐标必须唯一，且只能配置在layout的空位'.'。；G02 组合表只判定机制类型能否共存；具体行列、数量、颜色、通道和目标仍必须通过LevelConfigLoader及专项校验器。；M02 限时模式固定special_floating_island/timed_infinite_shots，必须配置2至5个加时球，每个bonusSeconds固定为5。
C0027,单机制,1,single_rescue,单精灵救援机制,level.levelType + level.trappedSpriteRescue,,,,0,,,,,,,,,,trapped_sprite_rescue,shot_limited,3,中,F 固定/系统排期,0,25,章节固定单救援,13,按章节固定救援关；同一搭档至少间隔100关,权重为0，不进入普通随机池，必须由对应模式或系统策略显式排期。,G01|G02|M03,G01 同关最多2种机制、3种特殊球类型；特殊实体ID与坐标必须唯一，且只能配置在layout的空位'.'。；G02 组合表只判定机制类型能否共存；具体行列、数量、颜色、通道和目标仍必须通过LevelConfigLoader及专项校验器。；M03 单目标救援固定trapped_sprite_rescue/shot_limited，只允许彩虹、爆破、石、冰、漩涡、藤蔓六类棋盘特殊实体，并禁用计时与动态遮挡。
C0028,双机制,2,stone,石球机制,level.specialEntities[]: obstacle_ball/stone,ice,冰球机制,level.specialEntities[]: obstacle_ball/ice,2,stone,石球,level.specialEntities[]: obstacle_ball/stone,ice,冰球,level.specialEntities[]: obstacle_ball/ice,,,,normal,shot_limited,3,中,T1 常规组合,6,21,首次组合/长期复现,100,首次教学后10-15关组合；同一精确组合至少间隔100关,组合关只增加机制交互，不同时大幅减少发射数。,G01|G02|B01|B02|C01,G01 同关最多2种机制、3种特殊球类型；特殊实体ID与坐标必须唯一，且只能配置在layout的空位'.'。；G02 组合表只判定机制类型能否共存；具体行列、数量、颜色、通道和目标仍必须通过LevelConfigLoader及专项校验器。；B01 石球必须形成可击打障碍或支撑结构，同时保留可清路线。；B02 冰球innerColor必须属于本关level.colors。；C01 基础机制之间允许组合，但不同结构必须使用不重叠的合法空间。
C0029,双机制,2,stone,石球机制,level.specialEntities[]: obstacle_ball/stone,rainbow,彩虹球机制,level.specialEntities[]: skill_ball/rainbow,2,stone,石球,level.specialEntities[]: obstacle_ball/stone,rainbow,彩虹球,level.specialEntities[]: skill_ball/rainbow,,,,normal,shot_limited,3,中,T1 常规组合,6,17,首次组合/长期复现,100,首次教学后10-15关组合；同一精确组合至少间隔100关,组合关只增加机制交互，不同时大幅减少发射数。,G01|G02|B01|B03|C01,G01 同关最多2种机制、3种特殊球类型；特殊实体ID与坐标必须唯一，且只能配置在layout的空位'.'。；G02 组合表只判定机制类型能否共存；具体行列、数量、颜色、通道和目标仍必须通过LevelConfigLoader及专项校验器。；B01 石球必须形成可击打障碍或支撑结构，同时保留可清路线。；B03 彩虹球必须处于可击打或可掉落位置。；C01 基础机制之间允许组合，但不同结构必须使用不重叠的合法空间。
C0030,双机制,2,stone,石球机制,level.specialEntities[]: obstacle_ball/stone,blast,爆破球机制,level.specialEntities[]: skill_ball/blast,2,stone,石球,level.specialEntities[]: obstacle_ball/stone,blast,爆破球,level.specialEntities[]: skill_ball/blast,,,,normal,shot_limited,3,中,T1 常规组合,6,19,首次组合/长期复现,100,首次教学后10-15关组合；同一精确组合至少间隔100关,组合关只增加机制交互，不同时大幅减少发射数。,G01|G02|B01|B04|C01,G01 同关最多2种机制、3种特殊球类型；特殊实体ID与坐标必须唯一，且只能配置在layout的空位'.'。；G02 组合表只判定机制类型能否共存；具体行列、数量、颜色、通道和目标仍必须通过LevelConfigLoader及专项校验器。；B01 石球必须形成可击打障碍或支撑结构，同时保留可清路线。；B04 爆破球必须处于可击打或可掉落位置。；C01 基础机制之间允许组合，但不同结构必须使用不重叠的合法空间。
C0031,双机制,2,stone,石球机制,level.specialEntities[]: obstacle_ball/stone,molotov,燃烧瓶机制,level.specialEntities[]: reactive_ball/molotov,2,stone,石球,level.specialEntities[]: obstacle_ball/stone,molotov,燃烧瓶,level.specialEntities[]: reactive_ball/molotov,,,,normal,shot_limited,4,中,T2 进阶组合,3,46,进阶组合/长期复现,100,首次教学后10-15关组合；同一精确组合至少间隔100关,组合关只增加机制交互，不同时大幅减少发射数。,G01|G02|B01|B05|C01,G01 同关最多2种机制、3种特殊球类型；特殊实体ID与坐标必须唯一，且只能配置在layout的空位'.'。；G02 组合表只判定机制类型能否共存；具体行列、数量、颜色、通道和目标仍必须通过LevelConfigLoader及专项校验器。；B01 石球必须形成可击打障碍或支撑结构，同时保留可清路线。；B05 燃烧瓶blastRadius必须显式等于2。；C01 基础机制之间允许组合，但不同结构必须使用不重叠的合法空间。
C0032,双机制,2,stone,石球机制,level.specialEntities[]: obstacle_ball/stone,splitter,分裂球机制,level.specialEntities[]: reactive_ball/splitter,2,stone,石球,level.specialEntities[]: obstacle_ball/stone,splitter,分裂球,level.specialEntities[]: reactive_ball/splitter,,,,normal,shot_limited,4,中,T2 进阶组合,3,66,进阶组合/长期复现,100,首次教学后10-15关组合；同一精确组合至少间隔100关,组合关只增加机制交互，不同时大幅减少发射数。,G01|G02|B01|B06|C01,G01 同关最多2种机制、3种特殊球类型；特殊实体ID与坐标必须唯一，且只能配置在layout的空位'.'。；G02 组合表只判定机制类型能否共存；具体行列、数量、颜色、通道和目标仍必须通过LevelConfigLoader及专项校验器。；B01 石球必须形成可击打障碍或支撑结构，同时保留可清路线。；B06 分裂球不得位于第0行；同关splitColor一致且与唯一collect_color目标一致，并至少保留一个合法六邻空位。；C01 基础机制之间允许组合，但不同结构必须使用不重叠的合法空间。
C0033,双机制,2,stone,石球机制,level.specialEntities[]: obstacle_ball/stone,swirl,漩涡球机制,level.specialEntities[]: reactive_ball/swirl,2,stone,石球,level.specialEntities[]: obstacle_ball/stone,swirl,漩涡球,level.specialEntities[]: reactive_ball/swirl,,,,normal,shot_limited,4,中,T2 进阶组合,3,26,进阶组合/长期复现,100,首次教学后10-15关组合；同一精确组合至少间隔100关,组合关只增加机制交互，不同时大幅减少发射数。,G01|G02|B01|B07|C01,G01 同关最多2种机制、3种特殊球类型；特殊实体ID与坐标必须唯一，且只能配置在layout的空位'.'。；G02 组合表只判定机制类型能否共存；具体行列、数量、颜色、通道和目标仍必须通过LevelConfigLoader及专项校验器。；B01 石球必须形成可击打障碍或支撑结构，同时保留可清路线。；B07 每个漩涡必须配置完整六邻轨道；轨道只允许普通球，且不得与其他特殊实体重叠。；C01 基础机制之间允许组合，但不同结构必须使用不重叠的合法空间。
C0034,双机制,2,stone,石球机制,level.specialEntities[]: obstacle_ball/stone,vine_spirit,藤蔓魔灵机制,level.specialEntities[]: reactive_ball/vine_spirit,2,stone,石球,level.specialEntities[]: obstacle_ball/stone,vine_spirit,藤蔓魔灵,level.specialEntities[]: reactive_ball/vine_spirit,,,,normal,shot_limited,4,中,T2 进阶组合,3,36,进阶组合/长期复现,100,首次教学后10-15关组合；同一精确组合至少间隔100关,组合关只增加机制交互，不同时大幅减少发射数。,G01|G02|B01|B08|C01,G01 同关最多2种机制、3种特殊球类型；特殊实体ID与坐标必须唯一，且只能配置在layout的空位'.'。；G02 组合表只判定机制类型能否共存；具体行列、数量、颜色、通道和目标仍必须通过LevelConfigLoader及专项校验器。；B01 石球必须形成可击打障碍或支撑结构，同时保留可清路线。；B08 藤蔓魔灵life固定为3，六邻缠绕与解除必须遵守藤蔓结算规则。；C01 基础机制之间允许组合，但不同结构必须使用不重叠的合法空间。
C0035,双机制,2,stone,石球机制,level.specialEntities[]: obstacle_ball/stone,wormhole,虫洞机制,level.specialEntities[]: reactive_ball/wormhole,2,stone,石球,level.specialEntities[]: obstacle_ball/stone,wormhole,虫洞,level.specialEntities[]: reactive_ball/wormhole,,,,normal,shot_limited,5,中,T2 进阶组合,3,58,进阶组合/长期复现,100,首次教学后10-15关组合；同一精确组合至少间隔100关,组合关只增加机制交互，不同时大幅减少发射数。,G01|G02|B01|B09|C01,G01 同关最多2种机制、3种特殊球类型；特殊实体ID与坐标必须唯一，且只能配置在layout的空位'.'。；G02 组合表只判定机制类型能否共存；具体行列、数量、颜色、通道和目标仍必须通过LevelConfigLoader及专项校验器。；B01 石球必须形成可击打障碍或支撑结构，同时保留可清路线。；B09 每组虫洞必须恰好2个同排同方向端点，严格内区间至少2格，且通道不得与漩涡等保留结构冲突。；C01 基础机制之间允许组合，但不同结构必须使用不重叠的合法空间。
C0036,双机制,2,stone,石球机制,level.specialEntities[]: obstacle_ball/stone,lock_chain,锁链机制,level.specialEntities[]: key_ball/key + locked_ball/locked,3,stone,石球,level.specialEntities[]: obstacle_ball/stone,key,钥匙,level.specialEntities[]: key_ball/key,locked,锁定球,level.specialEntities[]: locked_ball/locked,normal,shot_limited,5,中,T2 进阶组合,3,87,进阶组合/长期复现,100,首次教学后10-15关组合；同一精确组合至少间隔100关,已达到3种特殊球上限，只能在两种机制均已完成教学后投放。,G01|G02|B01|B10|C01,G01 同关最多2种机制、3种特殊球类型；特殊实体ID与坐标必须唯一，且只能配置在layout的空位'.'。；G02 组合表只判定机制类型能否共存；具体行列、数量、颜色、通道和目标仍必须通过LevelConfigLoader及专项校验器。；B01 石球必须形成可击打障碍或支撑结构，同时保留可清路线。；B10 每条锁链行必须恰好1把钥匙，其余格全部为锁定球；整行layout为'.'且不得放置其他特殊实体。；C01 基础机制之间允许组合，但不同结构必须使用不重叠的合法空间。
C0037,双机制,2,stone,石球机制,level.specialEntities[]: obstacle_ball/stone,black_hole,黑洞机制,level.specialEntities[]: hazard_ball/black_hole,2,stone,石球,level.specialEntities[]: obstacle_ball/stone,black_hole,黑洞,level.specialEntities[]: hazard_ball/black_hole,,,,normal,shot_limited,4,中,T2 进阶组合,3,311,进阶组合/长期复现,100,首次教学后10-15关组合；同一精确组合至少间隔100关,组合关只增加机制交互，不同时大幅减少发射数。,G01|G02|B01|N01|C02,G01 同关最多2种机制、3种特殊球类型；特殊实体ID与坐标必须唯一，且只能配置在layout的空位'.'。；G02 组合表只判定机制类型能否共存；具体行列、数量、颜色、通道和目标仍必须通过LevelConfigLoader及专项校验器。；B01 石球必须形成可击打障碍或支撑结构，同时保留可清路线。；N01 黑洞capacity必须显式等于3。；C02 新增机制与基础机制允许组合；两个新增机制之间不进入正式组合池。
C0038,双机制,2,stone,石球机制,level.specialEntities[]: obstacle_ball/stone,poison_attachment,毒液附着机制,level.cellAttachments[]: poison,1,stone,石球,level.specialEntities[]: obstacle_ball/stone,,,,,,,normal,shot_limited,4,中,T2 进阶组合,3,321,进阶组合/长期复现,100,首次教学后10-15关组合；同一精确组合至少间隔100关,组合关只增加机制交互，不同时大幅减少发射数。,G01|G02|B01|N02|C02,G01 同关最多2种机制、3种特殊球类型；特殊实体ID与坐标必须唯一，且只能配置在layout的空位'.'。；G02 组合表只判定机制类型能否共存；具体行列、数量、颜色、通道和目标仍必须通过LevelConfigLoader及专项校验器。；B01 石球必须形成可击打障碍或支撑结构，同时保留可清路线。；N02 毒液附件只能附着普通球，每格唯一，particleCount必须显式等于3。；C02 新增机制与基础机制允许组合；两个新增机制之间不进入正式组合池。
C0039,双机制,2,stone,石球机制,level.specialEntities[]: obstacle_ball/stone,spirit_cocoon,精灵茧机制,level.specialEntities[]: reactive_ball/spirit_cocoon,2,stone,石球,level.specialEntities[]: obstacle_ball/stone,spirit_cocoon,精灵茧,level.specialEntities[]: reactive_ball/spirit_cocoon,,,,normal,shot_limited,4,中,T2 进阶组合,3,331,进阶组合/长期复现,100,首次教学后10-15关组合；同一精确组合至少间隔100关,组合关只增加机制交互，不同时大幅减少发射数。,G01|G02|B01|N03|C02,G01 同关最多2种机制、3种特殊球类型；特殊实体ID与坐标必须唯一，且只能配置在layout的空位'.'。；G02 组合表只判定机制类型能否共存；具体行列、数量、颜色、通道和目标仍必须通过LevelConfigLoader及专项校验器。；B01 石球必须形成可击打障碍或支撑结构，同时保留可清路线。；N03 精灵茧必须位于合法特殊实体空位，并保留可触发的相邻消除路径。；C02 新增机制与基础机制允许组合；两个新增机制之间不进入正式组合池。
C0040,双机制,2,stone,石球机制,level.specialEntities[]: obstacle_ball/stone,ice_crystal_attachment,冰凌附着机制,level.cellAttachments[]: ice_crystal,1,stone,石球,level.specialEntities[]: obstacle_ball/stone,,,,,,,normal,shot_limited,4,中,T2 进阶组合,3,341,进阶组合/长期复现,100,首次教学后10-15关组合；同一精确组合至少间隔100关,组合关只增加机制交互，不同时大幅减少发射数。,G01|G02|B01|N04|C02,G01 同关最多2种机制、3种特殊球类型；特殊实体ID与坐标必须唯一，且只能配置在layout的空位'.'。；G02 组合表只判定机制类型能否共存；具体行列、数量、颜色、通道和目标仍必须通过LevelConfigLoader及专项校验器。；B01 石球必须形成可击打障碍或支撑结构，同时保留可清路线。；N04 冰凌附件只能附着普通球，每格唯一，且不得与其他附件重叠。；C02 新增机制与基础机制允许组合；两个新增机制之间不进入正式组合池。
C0041,双机制,2,stone,石球机制,level.specialEntities[]: obstacle_ball/stone,transparent_ball,透明球机制,level.specialEntities[]: reactive_ball/transparent_ball,2,stone,石球,level.specialEntities[]: obstacle_ball/stone,transparent_ball,透明球,level.specialEntities[]: reactive_ball/transparent_ball,,,,normal,shot_limited,4,中,T2 进阶组合,3,351,进阶组合/长期复现,100,首次教学后10-15关组合；同一精确组合至少间隔100关,组合关只增加机制交互，不同时大幅减少发射数。,G01|G02|B01|N05|C02,G01 同关最多2种机制、3种特殊球类型；特殊实体ID与坐标必须唯一，且只能配置在layout的空位'.'。；G02 组合表只判定机制类型能否共存；具体行列、数量、颜色、通道和目标仍必须通过LevelConfigLoader及专项校验器。；B01 石球必须形成可击打障碍或支撑结构，同时保留可清路线。；N05 透明球后方必须存在稳定合法碰撞终点；不得用于单目标救援关。；C02 新增机制与基础机制允许组合；两个新增机制之间不进入正式组合池。
C0042,双机制,2,stone,石球机制,level.specialEntities[]: obstacle_ball/stone,breeder,繁殖球机制,level.specialEntities[]: reactive_ball/breeder,2,stone,石球,level.specialEntities[]: obstacle_ball/stone,breeder,繁殖球,level.specialEntities[]: reactive_ball/breeder,,,,normal,shot_limited,4,中,T2 进阶组合,3,361,进阶组合/长期复现,100,首次教学后10-15关组合；同一精确组合至少间隔100关,组合关只增加机制交互，不同时大幅减少发射数。,G01|G02|B01|N06|C02,G01 同关最多2种机制、3种特殊球类型；特殊实体ID与坐标必须唯一，且只能配置在layout的空位'.'。；G02 组合表只判定机制类型能否共存；具体行列、数量、颜色、通道和目标仍必须通过LevelConfigLoader及专项校验器。；B01 石球必须形成可击打障碍或支撑结构，同时保留可清路线。；N06 繁殖球至少保留一个合法六邻空位。；C02 新增机制与基础机制允许组合；两个新增机制之间不进入正式组合池。
C0043,双机制,2,stone,石球机制,level.specialEntities[]: obstacle_ball/stone,bubble_shield_attachment,气泡护盾附着机制,level.cellAttachments[]: bubble_shield,1,stone,石球,level.specialEntities[]: obstacle_ball/stone,,,,,,,normal,shot_limited,4,中,T2 进阶组合,3,371,进阶组合/长期复现,100,首次教学后10-15关组合；同一精确组合至少间隔100关,组合关只增加机制交互，不同时大幅减少发射数。,G01|G02|B01|N07|C02,G01 同关最多2种机制、3种特殊球类型；特殊实体ID与坐标必须唯一，且只能配置在layout的空位'.'。；G02 组合表只判定机制类型能否共存；具体行列、数量、颜色、通道和目标仍必须通过LevelConfigLoader及专项校验器。；B01 石球必须形成可击打障碍或支撑结构，同时保留可清路线。；N07 气泡护盾附件只能附着普通球，每格唯一，且不得与其他附件重叠。；C02 新增机制与基础机制允许组合；两个新增机制之间不进入正式组合池。
C0044,双机制,2,stone,石球机制,level.specialEntities[]: obstacle_ball/stone,mine,地雷机制,level.specialEntities[]: hazard_ball/mine,2,stone,石球,level.specialEntities[]: obstacle_ball/stone,mine,地雷,level.specialEntities[]: hazard_ball/mine,,,,normal,shot_limited,5,中,T2 进阶组合,3,381,进阶组合/长期复现,100,首次教学后10-15关组合；同一精确组合至少间隔100关,组合关只增加机制交互，不同时大幅减少发射数。,G01|G02|B01|N08|C02,G01 同关最多2种机制、3种特殊球类型；特殊实体ID与坐标必须唯一，且只能配置在layout的空位'.'。；G02 组合表只判定机制类型能否共存；具体行列、数量、颜色、通道和目标仍必须通过LevelConfigLoader及专项校验器。；B01 石球必须形成可击打障碍或支撑结构，同时保留可清路线。；N08 地雷initialLife必须为正整数；正式生成标准为6。；C02 新增机制与基础机制允许组合；两个新增机制之间不进入正式组合池。
C0045,双机制,2,stone,石球机制,level.specialEntities[]: obstacle_ball/stone,bud,花苞球机制,level.specialEntities[]: reactive_ball/bud,2,stone,石球,level.specialEntities[]: obstacle_ball/stone,bud,花苞球,level.specialEntities[]: reactive_ball/bud,,,,normal,shot_limited,4,中,T2 进阶组合,3,391,进阶组合/长期复现,100,首次教学后10-15关组合；同一精确组合至少间隔100关,组合关只增加机制交互，不同时大幅减少发射数。,G01|G02|B01|N09|C02,G01 同关最多2种机制、3种特殊球类型；特殊实体ID与坐标必须唯一，且只能配置在layout的空位'.'。；G02 组合表只判定机制类型能否共存；具体行列、数量、颜色、通道和目标仍必须通过LevelConfigLoader及专项校验器。；B01 石球必须形成可击打障碍或支撑结构，同时保留可清路线。；N09 花苞球必须位于合法特殊实体空位，并保留可触发的相邻消除路径。；C02 新增机制与基础机制允许组合；两个新增机制之间不进入正式组合池。
C0046,双机制,2,stone,石球机制,level.specialEntities[]: obstacle_ball/stone,multi_rescue,多精灵救援机制,level.multiTrappedSpiritRescue.targets[],1,stone,石球,level.specialEntities[]: obstacle_ball/stone,,,,,,,multi_trapped_spirit_rescue,shot_limited,5,中,F 固定/系统排期,0,411,多救援后期组合,100,首次教学后10-15关组合；同一精确组合至少间隔100关,权重为0，不进入普通随机池，必须由对应模式或系统策略显式排期。,G01|G02|B01|N10|C02,G01 同关最多2种机制、3种特殊球类型；特殊实体ID与坐标必须唯一，且只能配置在layout的空位'.'。；G02 组合表只判定机制类型能否共存；具体行列、数量、颜色、通道和目标仍必须通过LevelConfigLoader及专项校验器。；B01 石球必须形成可击打障碍或支撑结构，同时保留可清路线。；N10 多精灵救援必须配置2至7个不重复目标；目标位于顶部第2至6行(row=1..5)、目标格为'.'且邻接可消除普通球。；C02 新增机制与基础机制允许组合；两个新增机制之间不进入正式组合池。
C0047,双机制,2,stone,石球机制,level.specialEntities[]: obstacle_ball/stone,color_cloud,彩云机制,level.colorClouds[],1,stone,石球,level.specialEntities[]: obstacle_ball/stone,,,,,,,normal,shot_limited,4,中,T2 进阶组合,3,421,进阶组合/长期复现,100,首次教学后10-15关组合；同一精确组合至少间隔100关,组合关只增加机制交互，不同时大幅减少发射数。,G01|G02|B01|N11|C02,G01 同关最多2种机制、3种特殊球类型；特殊实体ID与坐标必须唯一，且只能配置在layout的空位'.'。；G02 组合表只判定机制类型能否共存；具体行列、数量、颜色、通道和目标仍必须通过LevelConfigLoader及专项校验器。；B01 石球必须形成可击打障碍或支撑结构，同时保留可清路线。；N11 彩云必须完整配置visible、position、hitDispearTime、startTime、speed、color六字段，且color属于本关颜色或RAINBOW。；C02 新增机制与基础机制允许组合；两个新增机制之间不进入正式组合池。
C0048,双机制,2,stone,石球机制,level.specialEntities[]: obstacle_ball/stone,spider,蜘蛛机制,level.spiderRows[],1,stone,石球,level.specialEntities[]: obstacle_ball/stone,,,,,,,normal,shot_limited,5,中,T2 进阶组合,3,431,进阶组合/长期复现,100,首次教学后10-15关组合；同一精确组合至少间隔100关,组合关只增加机制交互，不同时大幅减少发射数。,G01|G02|B01|N12|C02,G01 同关最多2种机制、3种特殊球类型；特殊实体ID与坐标必须唯一，且只能配置在layout的空位'.'。；G02 组合表只判定机制类型能否共存；具体行列、数量、颜色、通道和目标仍必须通过LevelConfigLoader及专项校验器。；B01 石球必须形成可击打障碍或支撑结构，同时保留可清路线。；N12 蜘蛛锚点必须是普通球，不得与特殊实体或附件重叠；同排蜘蛛共用lockRowId且lockRowId不得跨行。；C02 新增机制与基础机制允许组合；两个新增机制之间不进入正式组合池。
C0049,双机制,2,stone,石球机制,level.specialEntities[]: obstacle_ball/stone,wind_tunnel,风眼机制,level.specialEntities[]: reactive_ball/wind_tunnel_entrance + wind_tunnel_exit,3,stone,石球,level.specialEntities[]: obstacle_ball/stone,wind_tunnel_entrance,风眼入口,level.specialEntities[]: reactive_ball/wind_tunnel_entrance,wind_tunnel_exit,风眼出口,level.specialEntities[]: reactive_ball/wind_tunnel_exit,normal,shot_limited,5,中,T2 进阶组合,3,441,进阶组合/长期复现,100,首次教学后10-15关组合；同一精确组合至少间隔100关,已达到3种特殊球上限，只能在两种机制均已完成教学后投放。,G01|G02|B01|N13|C02,G01 同关最多2种机制、3种特殊球类型；特殊实体ID与坐标必须唯一，且只能配置在layout的空位'.'。；G02 组合表只判定机制类型能否共存；具体行列、数量、颜色、通道和目标仍必须通过LevelConfigLoader及专项校验器。；B01 石球必须形成可击打障碍或支撑结构，同时保留可清路线。；N13 风眼必须恰好1个入口且至少2个出口；入口可命中，出口坐标有效且不得与其他特殊实体重叠。；C02 新增机制与基础机制允许组合；两个新增机制之间不进入正式组合池。
C0050,双机制,2,stone,石球机制,level.specialEntities[]: obstacle_ball/stone,rainbow_prism,彩虹棱镜球机制,level.initialPowerups.rainbow_prism_ball,1,stone,石球,level.specialEntities[]: obstacle_ball/stone,,,,,,,normal,shot_limited,4,中,T2 进阶组合,3,451,进阶组合/长期复现,100,首次教学后10-15关组合；同一精确组合至少间隔100关,组合关只增加机制交互，不同时大幅减少发射数。,G01|G02|B01|N14|C02,G01 同关最多2种机制、3种特殊球类型；特殊实体ID与坐标必须唯一，且只能配置在layout的空位'.'。；G02 组合表只判定机制类型能否共存；具体行列、数量、颜色、通道和目标仍必须通过LevelConfigLoader及专项校验器。；B01 石球必须形成可击打障碍或支撑结构，同时保留可清路线。；N14 彩虹棱镜球通过initialPowerups.rainbow_prism_ball配置，不写入棋盘specialEntities。；C02 新增机制与基础机制允许组合；两个新增机制之间不进入正式组合池。
C0051,双机制,2,stone,石球机制,level.specialEntities[]: obstacle_ball/stone,board_occlusion,动态棋盘遮挡机制,level.boardOcclusionPlan,1,stone,石球,level.specialEntities[]: obstacle_ball/stone,,,,,,,normal,shot_limited,4,中,F 固定/系统排期,0,31,机制熟悉后的遮挡组合,50,按31关后遮挡覆盖策略；同一组合至少间隔50关,权重为0，不进入普通随机池，必须由对应模式或系统策略显式排期。,G01|G02|B01|M01|C03,G01 同关最多2种机制、3种特殊球类型；特殊实体ID与坐标必须唯一，且只能配置在layout的空位'.'。；G02 组合表只判定机制类型能否共存；具体行列、数量、颜色、通道和目标仍必须通过LevelConfigLoader及专项校验器。；B01 石球必须形成可击打障碍或支撑结构，同时保留可清路线。；M01 动态遮挡不能覆盖特殊实体；限球关按发射数、限时关按秒清除；单目标和多目标救援均禁用。；C03 动态棋盘遮挡可与基础机制及除多精灵救援外的新增机制共存。
C0052,双机制,2,stone,石球机制,level.specialEntities[]: obstacle_ball/stone,timed_mode,限时模式,level.levelType + level.playMode + level.timeBonusBalls[],2,stone,石球,level.specialEntities[]: obstacle_ball/stone,time_bonus_ball,加时球,level.timeBonusBalls[],,,,special_floating_island,timed_infinite_shots,5,中,F 固定/系统排期,0,20,限时关搭档轮换,50,限时模式每10关；同一搭档至少间隔50关,权重为0，不进入普通随机池，必须由对应模式或系统策略显式排期。,G01|G02|B01|M02|C04,G01 同关最多2种机制、3种特殊球类型；特殊实体ID与坐标必须唯一，且只能配置在layout的空位'.'。；G02 组合表只判定机制类型能否共存；具体行列、数量、颜色、通道和目标仍必须通过LevelConfigLoader及专项校验器。；B01 石球必须形成可击打障碍或支撑结构，同时保留可清路线。；M02 限时模式固定special_floating_island/timed_infinite_shots，必须配置2至5个加时球，每个bonusSeconds固定为5。；C04 限时模式只与基础机制或动态棋盘遮挡组合。
C0053,双机制,2,stone,石球机制,level.specialEntities[]: obstacle_ball/stone,single_rescue,单精灵救援机制,level.levelType + level.trappedSpriteRescue,1,stone,石球,level.specialEntities[]: obstacle_ball/stone,,,,,,,trapped_sprite_rescue,shot_limited,5,中,F 固定/系统排期,0,25,单救援白名单轮换,100,按章节固定救援关；同一搭档至少间隔100关,权重为0，不进入普通随机池，必须由对应模式或系统策略显式排期。,G01|G02|B01|M03|C05,G01 同关最多2种机制、3种特殊球类型；特殊实体ID与坐标必须唯一，且只能配置在layout的空位'.'。；G02 组合表只判定机制类型能否共存；具体行列、数量、颜色、通道和目标仍必须通过LevelConfigLoader及专项校验器。；B01 石球必须形成可击打障碍或支撑结构，同时保留可清路线。；M03 单目标救援固定trapped_sprite_rescue/shot_limited，只允许彩虹、爆破、石、冰、漩涡、藤蔓六类棋盘特殊实体，并禁用计时与动态遮挡。；C05 单目标救援只与石、冰、彩虹、爆破、漩涡、藤蔓六种基础机制组合。
C0054,双机制,2,ice,冰球机制,level.specialEntities[]: obstacle_ball/ice,rainbow,彩虹球机制,level.specialEntities[]: skill_ball/rainbow,2,ice,冰球,level.specialEntities[]: obstacle_ball/ice,rainbow,彩虹球,level.specialEntities[]: skill_ball/rainbow,,,,normal,shot_limited,3,中,T1 常规组合,6,21,首次组合/长期复现,100,首次教学后10-15关组合；同一精确组合至少间隔100关,组合关只增加机制交互，不同时大幅减少发射数。,G01|G02|B02|B03|C01,G01 同关最多2种机制、3种特殊球类型；特殊实体ID与坐标必须唯一，且只能配置在layout的空位'.'。；G02 组合表只判定机制类型能否共存；具体行列、数量、颜色、通道和目标仍必须通过LevelConfigLoader及专项校验器。；B02 冰球innerColor必须属于本关level.colors。；B03 彩虹球必须处于可击打或可掉落位置。；C01 基础机制之间允许组合，但不同结构必须使用不重叠的合法空间。
C0055,双机制,2,ice,冰球机制,level.specialEntities[]: obstacle_ball/ice,blast,爆破球机制,level.specialEntities[]: skill_ball/blast,2,ice,冰球,level.specialEntities[]: obstacle_ball/ice,blast,爆破球,level.specialEntities[]: skill_ball/blast,,,,normal,shot_limited,3,中,T1 常规组合,6,21,首次组合/长期复现,100,首次教学后10-15关组合；同一精确组合至少间隔100关,组合关只增加机制交互，不同时大幅减少发射数。,G01|G02|B02|B04|C01,G01 同关最多2种机制、3种特殊球类型；特殊实体ID与坐标必须唯一，且只能配置在layout的空位'.'。；G02 组合表只判定机制类型能否共存；具体行列、数量、颜色、通道和目标仍必须通过LevelConfigLoader及专项校验器。；B02 冰球innerColor必须属于本关level.colors。；B04 爆破球必须处于可击打或可掉落位置。；C01 基础机制之间允许组合，但不同结构必须使用不重叠的合法空间。
C0056,双机制,2,ice,冰球机制,level.specialEntities[]: obstacle_ball/ice,molotov,燃烧瓶机制,level.specialEntities[]: reactive_ball/molotov,2,ice,冰球,level.specialEntities[]: obstacle_ball/ice,molotov,燃烧瓶,level.specialEntities[]: reactive_ball/molotov,,,,normal,shot_limited,4,中,T2 进阶组合,3,46,进阶组合/长期复现,100,首次教学后10-15关组合；同一精确组合至少间隔100关,组合关只增加机制交互，不同时大幅减少发射数。,G01|G02|B02|B05|C01,G01 同关最多2种机制、3种特殊球类型；特殊实体ID与坐标必须唯一，且只能配置在layout的空位'.'。；G02 组合表只判定机制类型能否共存；具体行列、数量、颜色、通道和目标仍必须通过LevelConfigLoader及专项校验器。；B02 冰球innerColor必须属于本关level.colors。；B05 燃烧瓶blastRadius必须显式等于2。；C01 基础机制之间允许组合，但不同结构必须使用不重叠的合法空间。
C0057,双机制,2,ice,冰球机制,level.specialEntities[]: obstacle_ball/ice,splitter,分裂球机制,level.specialEntities[]: reactive_ball/splitter,2,ice,冰球,level.specialEntities[]: obstacle_ball/ice,splitter,分裂球,level.specialEntities[]: reactive_ball/splitter,,,,normal,shot_limited,4,中,T2 进阶组合,3,66,进阶组合/长期复现,100,首次教学后10-15关组合；同一精确组合至少间隔100关,组合关只增加机制交互，不同时大幅减少发射数。,G01|G02|B02|B06|C01,G01 同关最多2种机制、3种特殊球类型；特殊实体ID与坐标必须唯一，且只能配置在layout的空位'.'。；G02 组合表只判定机制类型能否共存；具体行列、数量、颜色、通道和目标仍必须通过LevelConfigLoader及专项校验器。；B02 冰球innerColor必须属于本关level.colors。；B06 分裂球不得位于第0行；同关splitColor一致且与唯一collect_color目标一致，并至少保留一个合法六邻空位。；C01 基础机制之间允许组合，但不同结构必须使用不重叠的合法空间。
C0058,双机制,2,ice,冰球机制,level.specialEntities[]: obstacle_ball/ice,swirl,漩涡球机制,level.specialEntities[]: reactive_ball/swirl,2,ice,冰球,level.specialEntities[]: obstacle_ball/ice,swirl,漩涡球,level.specialEntities[]: reactive_ball/swirl,,,,normal,shot_limited,4,中,T2 进阶组合,3,26,进阶组合/长期复现,100,首次教学后10-15关组合；同一精确组合至少间隔100关,组合关只增加机制交互，不同时大幅减少发射数。,G01|G02|B02|B07|C01,G01 同关最多2种机制、3种特殊球类型；特殊实体ID与坐标必须唯一，且只能配置在layout的空位'.'。；G02 组合表只判定机制类型能否共存；具体行列、数量、颜色、通道和目标仍必须通过LevelConfigLoader及专项校验器。；B02 冰球innerColor必须属于本关level.colors。；B07 每个漩涡必须配置完整六邻轨道；轨道只允许普通球，且不得与其他特殊实体重叠。；C01 基础机制之间允许组合，但不同结构必须使用不重叠的合法空间。
C0059,双机制,2,ice,冰球机制,level.specialEntities[]: obstacle_ball/ice,vine_spirit,藤蔓魔灵机制,level.specialEntities[]: reactive_ball/vine_spirit,2,ice,冰球,level.specialEntities[]: obstacle_ball/ice,vine_spirit,藤蔓魔灵,level.specialEntities[]: reactive_ball/vine_spirit,,,,normal,shot_limited,4,中,T2 进阶组合,3,36,进阶组合/长期复现,100,首次教学后10-15关组合；同一精确组合至少间隔100关,组合关只增加机制交互，不同时大幅减少发射数。,G01|G02|B02|B08|C01,G01 同关最多2种机制、3种特殊球类型；特殊实体ID与坐标必须唯一，且只能配置在layout的空位'.'。；G02 组合表只判定机制类型能否共存；具体行列、数量、颜色、通道和目标仍必须通过LevelConfigLoader及专项校验器。；B02 冰球innerColor必须属于本关level.colors。；B08 藤蔓魔灵life固定为3，六邻缠绕与解除必须遵守藤蔓结算规则。；C01 基础机制之间允许组合，但不同结构必须使用不重叠的合法空间。
C0060,双机制,2,ice,冰球机制,level.specialEntities[]: obstacle_ball/ice,wormhole,虫洞机制,level.specialEntities[]: reactive_ball/wormhole,2,ice,冰球,level.specialEntities[]: obstacle_ball/ice,wormhole,虫洞,level.specialEntities[]: reactive_ball/wormhole,,,,normal,shot_limited,5,中,T2 进阶组合,3,58,进阶组合/长期复现,100,首次教学后10-15关组合；同一精确组合至少间隔100关,组合关只增加机制交互，不同时大幅减少发射数。,G01|G02|B02|B09|C01,G01 同关最多2种机制、3种特殊球类型；特殊实体ID与坐标必须唯一，且只能配置在layout的空位'.'。；G02 组合表只判定机制类型能否共存；具体行列、数量、颜色、通道和目标仍必须通过LevelConfigLoader及专项校验器。；B02 冰球innerColor必须属于本关level.colors。；B09 每组虫洞必须恰好2个同排同方向端点，严格内区间至少2格，且通道不得与漩涡等保留结构冲突。；C01 基础机制之间允许组合，但不同结构必须使用不重叠的合法空间。
C0061,双机制,2,ice,冰球机制,level.specialEntities[]: obstacle_ball/ice,lock_chain,锁链机制,level.specialEntities[]: key_ball/key + locked_ball/locked,3,ice,冰球,level.specialEntities[]: obstacle_ball/ice,key,钥匙,level.specialEntities[]: key_ball/key,locked,锁定球,level.specialEntities[]: locked_ball/locked,normal,shot_limited,5,中,T2 进阶组合,3,87,进阶组合/长期复现,100,首次教学后10-15关组合；同一精确组合至少间隔100关,已达到3种特殊球上限，只能在两种机制均已完成教学后投放。,G01|G02|B02|B10|C01,G01 同关最多2种机制、3种特殊球类型；特殊实体ID与坐标必须唯一，且只能配置在layout的空位'.'。；G02 组合表只判定机制类型能否共存；具体行列、数量、颜色、通道和目标仍必须通过LevelConfigLoader及专项校验器。；B02 冰球innerColor必须属于本关level.colors。；B10 每条锁链行必须恰好1把钥匙，其余格全部为锁定球；整行layout为'.'且不得放置其他特殊实体。；C01 基础机制之间允许组合，但不同结构必须使用不重叠的合法空间。
C0062,双机制,2,ice,冰球机制,level.specialEntities[]: obstacle_ball/ice,black_hole,黑洞机制,level.specialEntities[]: hazard_ball/black_hole,2,ice,冰球,level.specialEntities[]: obstacle_ball/ice,black_hole,黑洞,level.specialEntities[]: hazard_ball/black_hole,,,,normal,shot_limited,4,中,T2 进阶组合,3,311,进阶组合/长期复现,100,首次教学后10-15关组合；同一精确组合至少间隔100关,组合关只增加机制交互，不同时大幅减少发射数。,G01|G02|B02|N01|C02,G01 同关最多2种机制、3种特殊球类型；特殊实体ID与坐标必须唯一，且只能配置在layout的空位'.'。；G02 组合表只判定机制类型能否共存；具体行列、数量、颜色、通道和目标仍必须通过LevelConfigLoader及专项校验器。；B02 冰球innerColor必须属于本关level.colors。；N01 黑洞capacity必须显式等于3。；C02 新增机制与基础机制允许组合；两个新增机制之间不进入正式组合池。
C0063,双机制,2,ice,冰球机制,level.specialEntities[]: obstacle_ball/ice,poison_attachment,毒液附着机制,level.cellAttachments[]: poison,1,ice,冰球,level.specialEntities[]: obstacle_ball/ice,,,,,,,normal,shot_limited,4,中,T2 进阶组合,3,321,进阶组合/长期复现,100,首次教学后10-15关组合；同一精确组合至少间隔100关,组合关只增加机制交互，不同时大幅减少发射数。,G01|G02|B02|N02|C02,G01 同关最多2种机制、3种特殊球类型；特殊实体ID与坐标必须唯一，且只能配置在layout的空位'.'。；G02 组合表只判定机制类型能否共存；具体行列、数量、颜色、通道和目标仍必须通过LevelConfigLoader及专项校验器。；B02 冰球innerColor必须属于本关level.colors。；N02 毒液附件只能附着普通球，每格唯一，particleCount必须显式等于3。；C02 新增机制与基础机制允许组合；两个新增机制之间不进入正式组合池。
C0064,双机制,2,ice,冰球机制,level.specialEntities[]: obstacle_ball/ice,spirit_cocoon,精灵茧机制,level.specialEntities[]: reactive_ball/spirit_cocoon,2,ice,冰球,level.specialEntities[]: obstacle_ball/ice,spirit_cocoon,精灵茧,level.specialEntities[]: reactive_ball/spirit_cocoon,,,,normal,shot_limited,4,中,T2 进阶组合,3,331,进阶组合/长期复现,100,首次教学后10-15关组合；同一精确组合至少间隔100关,组合关只增加机制交互，不同时大幅减少发射数。,G01|G02|B02|N03|C02,G01 同关最多2种机制、3种特殊球类型；特殊实体ID与坐标必须唯一，且只能配置在layout的空位'.'。；G02 组合表只判定机制类型能否共存；具体行列、数量、颜色、通道和目标仍必须通过LevelConfigLoader及专项校验器。；B02 冰球innerColor必须属于本关level.colors。；N03 精灵茧必须位于合法特殊实体空位，并保留可触发的相邻消除路径。；C02 新增机制与基础机制允许组合；两个新增机制之间不进入正式组合池。
C0065,双机制,2,ice,冰球机制,level.specialEntities[]: obstacle_ball/ice,ice_crystal_attachment,冰凌附着机制,level.cellAttachments[]: ice_crystal,1,ice,冰球,level.specialEntities[]: obstacle_ball/ice,,,,,,,normal,shot_limited,4,中,T2 进阶组合,3,341,进阶组合/长期复现,100,首次教学后10-15关组合；同一精确组合至少间隔100关,组合关只增加机制交互，不同时大幅减少发射数。,G01|G02|B02|N04|C02,G01 同关最多2种机制、3种特殊球类型；特殊实体ID与坐标必须唯一，且只能配置在layout的空位'.'。；G02 组合表只判定机制类型能否共存；具体行列、数量、颜色、通道和目标仍必须通过LevelConfigLoader及专项校验器。；B02 冰球innerColor必须属于本关level.colors。；N04 冰凌附件只能附着普通球，每格唯一，且不得与其他附件重叠。；C02 新增机制与基础机制允许组合；两个新增机制之间不进入正式组合池。
C0066,双机制,2,ice,冰球机制,level.specialEntities[]: obstacle_ball/ice,transparent_ball,透明球机制,level.specialEntities[]: reactive_ball/transparent_ball,2,ice,冰球,level.specialEntities[]: obstacle_ball/ice,transparent_ball,透明球,level.specialEntities[]: reactive_ball/transparent_ball,,,,normal,shot_limited,4,中,T2 进阶组合,3,351,进阶组合/长期复现,100,首次教学后10-15关组合；同一精确组合至少间隔100关,组合关只增加机制交互，不同时大幅减少发射数。,G01|G02|B02|N05|C02,G01 同关最多2种机制、3种特殊球类型；特殊实体ID与坐标必须唯一，且只能配置在layout的空位'.'。；G02 组合表只判定机制类型能否共存；具体行列、数量、颜色、通道和目标仍必须通过LevelConfigLoader及专项校验器。；B02 冰球innerColor必须属于本关level.colors。；N05 透明球后方必须存在稳定合法碰撞终点；不得用于单目标救援关。；C02 新增机制与基础机制允许组合；两个新增机制之间不进入正式组合池。
C0067,双机制,2,ice,冰球机制,level.specialEntities[]: obstacle_ball/ice,breeder,繁殖球机制,level.specialEntities[]: reactive_ball/breeder,2,ice,冰球,level.specialEntities[]: obstacle_ball/ice,breeder,繁殖球,level.specialEntities[]: reactive_ball/breeder,,,,normal,shot_limited,4,中,T2 进阶组合,3,361,进阶组合/长期复现,100,首次教学后10-15关组合；同一精确组合至少间隔100关,组合关只增加机制交互，不同时大幅减少发射数。,G01|G02|B02|N06|C02,G01 同关最多2种机制、3种特殊球类型；特殊实体ID与坐标必须唯一，且只能配置在layout的空位'.'。；G02 组合表只判定机制类型能否共存；具体行列、数量、颜色、通道和目标仍必须通过LevelConfigLoader及专项校验器。；B02 冰球innerColor必须属于本关level.colors。；N06 繁殖球至少保留一个合法六邻空位。；C02 新增机制与基础机制允许组合；两个新增机制之间不进入正式组合池。
C0068,双机制,2,ice,冰球机制,level.specialEntities[]: obstacle_ball/ice,bubble_shield_attachment,气泡护盾附着机制,level.cellAttachments[]: bubble_shield,1,ice,冰球,level.specialEntities[]: obstacle_ball/ice,,,,,,,normal,shot_limited,4,中,T2 进阶组合,3,371,进阶组合/长期复现,100,首次教学后10-15关组合；同一精确组合至少间隔100关,组合关只增加机制交互，不同时大幅减少发射数。,G01|G02|B02|N07|C02,G01 同关最多2种机制、3种特殊球类型；特殊实体ID与坐标必须唯一，且只能配置在layout的空位'.'。；G02 组合表只判定机制类型能否共存；具体行列、数量、颜色、通道和目标仍必须通过LevelConfigLoader及专项校验器。；B02 冰球innerColor必须属于本关level.colors。；N07 气泡护盾附件只能附着普通球，每格唯一，且不得与其他附件重叠。；C02 新增机制与基础机制允许组合；两个新增机制之间不进入正式组合池。
C0069,双机制,2,ice,冰球机制,level.specialEntities[]: obstacle_ball/ice,mine,地雷机制,level.specialEntities[]: hazard_ball/mine,2,ice,冰球,level.specialEntities[]: obstacle_ball/ice,mine,地雷,level.specialEntities[]: hazard_ball/mine,,,,normal,shot_limited,5,中,T2 进阶组合,3,381,进阶组合/长期复现,100,首次教学后10-15关组合；同一精确组合至少间隔100关,组合关只增加机制交互，不同时大幅减少发射数。,G01|G02|B02|N08|C02,G01 同关最多2种机制、3种特殊球类型；特殊实体ID与坐标必须唯一，且只能配置在layout的空位'.'。；G02 组合表只判定机制类型能否共存；具体行列、数量、颜色、通道和目标仍必须通过LevelConfigLoader及专项校验器。；B02 冰球innerColor必须属于本关level.colors。；N08 地雷initialLife必须为正整数；正式生成标准为6。；C02 新增机制与基础机制允许组合；两个新增机制之间不进入正式组合池。
C0070,双机制,2,ice,冰球机制,level.specialEntities[]: obstacle_ball/ice,bud,花苞球机制,level.specialEntities[]: reactive_ball/bud,2,ice,冰球,level.specialEntities[]: obstacle_ball/ice,bud,花苞球,level.specialEntities[]: reactive_ball/bud,,,,normal,shot_limited,4,中,T2 进阶组合,3,391,进阶组合/长期复现,100,首次教学后10-15关组合；同一精确组合至少间隔100关,组合关只增加机制交互，不同时大幅减少发射数。,G01|G02|B02|N09|C02,G01 同关最多2种机制、3种特殊球类型；特殊实体ID与坐标必须唯一，且只能配置在layout的空位'.'。；G02 组合表只判定机制类型能否共存；具体行列、数量、颜色、通道和目标仍必须通过LevelConfigLoader及专项校验器。；B02 冰球innerColor必须属于本关level.colors。；N09 花苞球必须位于合法特殊实体空位，并保留可触发的相邻消除路径。；C02 新增机制与基础机制允许组合；两个新增机制之间不进入正式组合池。
C0071,双机制,2,ice,冰球机制,level.specialEntities[]: obstacle_ball/ice,multi_rescue,多精灵救援机制,level.multiTrappedSpiritRescue.targets[],1,ice,冰球,level.specialEntities[]: obstacle_ball/ice,,,,,,,multi_trapped_spirit_rescue,shot_limited,5,中,F 固定/系统排期,0,411,多救援后期组合,100,首次教学后10-15关组合；同一精确组合至少间隔100关,权重为0，不进入普通随机池，必须由对应模式或系统策略显式排期。,G01|G02|B02|N10|C02,G01 同关最多2种机制、3种特殊球类型；特殊实体ID与坐标必须唯一，且只能配置在layout的空位'.'。；G02 组合表只判定机制类型能否共存；具体行列、数量、颜色、通道和目标仍必须通过LevelConfigLoader及专项校验器。；B02 冰球innerColor必须属于本关level.colors。；N10 多精灵救援必须配置2至7个不重复目标；目标位于顶部第2至6行(row=1..5)、目标格为'.'且邻接可消除普通球。；C02 新增机制与基础机制允许组合；两个新增机制之间不进入正式组合池。
C0072,双机制,2,ice,冰球机制,level.specialEntities[]: obstacle_ball/ice,color_cloud,彩云机制,level.colorClouds[],1,ice,冰球,level.specialEntities[]: obstacle_ball/ice,,,,,,,normal,shot_limited,4,中,T2 进阶组合,3,421,进阶组合/长期复现,100,首次教学后10-15关组合；同一精确组合至少间隔100关,组合关只增加机制交互，不同时大幅减少发射数。,G01|G02|B02|N11|C02,G01 同关最多2种机制、3种特殊球类型；特殊实体ID与坐标必须唯一，且只能配置在layout的空位'.'。；G02 组合表只判定机制类型能否共存；具体行列、数量、颜色、通道和目标仍必须通过LevelConfigLoader及专项校验器。；B02 冰球innerColor必须属于本关level.colors。；N11 彩云必须完整配置visible、position、hitDispearTime、startTime、speed、color六字段，且color属于本关颜色或RAINBOW。；C02 新增机制与基础机制允许组合；两个新增机制之间不进入正式组合池。
C0073,双机制,2,ice,冰球机制,level.specialEntities[]: obstacle_ball/ice,spider,蜘蛛机制,level.spiderRows[],1,ice,冰球,level.specialEntities[]: obstacle_ball/ice,,,,,,,normal,shot_limited,5,中,T2 进阶组合,3,431,进阶组合/长期复现,100,首次教学后10-15关组合；同一精确组合至少间隔100关,组合关只增加机制交互，不同时大幅减少发射数。,G01|G02|B02|N12|C02,G01 同关最多2种机制、3种特殊球类型；特殊实体ID与坐标必须唯一，且只能配置在layout的空位'.'。；G02 组合表只判定机制类型能否共存；具体行列、数量、颜色、通道和目标仍必须通过LevelConfigLoader及专项校验器。；B02 冰球innerColor必须属于本关level.colors。；N12 蜘蛛锚点必须是普通球，不得与特殊实体或附件重叠；同排蜘蛛共用lockRowId且lockRowId不得跨行。；C02 新增机制与基础机制允许组合；两个新增机制之间不进入正式组合池。
C0074,双机制,2,ice,冰球机制,level.specialEntities[]: obstacle_ball/ice,wind_tunnel,风眼机制,level.specialEntities[]: reactive_ball/wind_tunnel_entrance + wind_tunnel_exit,3,ice,冰球,level.specialEntities[]: obstacle_ball/ice,wind_tunnel_entrance,风眼入口,level.specialEntities[]: reactive_ball/wind_tunnel_entrance,wind_tunnel_exit,风眼出口,level.specialEntities[]: reactive_ball/wind_tunnel_exit,normal,shot_limited,5,中,T2 进阶组合,3,441,进阶组合/长期复现,100,首次教学后10-15关组合；同一精确组合至少间隔100关,已达到3种特殊球上限，只能在两种机制均已完成教学后投放。,G01|G02|B02|N13|C02,G01 同关最多2种机制、3种特殊球类型；特殊实体ID与坐标必须唯一，且只能配置在layout的空位'.'。；G02 组合表只判定机制类型能否共存；具体行列、数量、颜色、通道和目标仍必须通过LevelConfigLoader及专项校验器。；B02 冰球innerColor必须属于本关level.colors。；N13 风眼必须恰好1个入口且至少2个出口；入口可命中，出口坐标有效且不得与其他特殊实体重叠。；C02 新增机制与基础机制允许组合；两个新增机制之间不进入正式组合池。
C0075,双机制,2,ice,冰球机制,level.specialEntities[]: obstacle_ball/ice,rainbow_prism,彩虹棱镜球机制,level.initialPowerups.rainbow_prism_ball,1,ice,冰球,level.specialEntities[]: obstacle_ball/ice,,,,,,,normal,shot_limited,4,中,T2 进阶组合,3,451,进阶组合/长期复现,100,首次教学后10-15关组合；同一精确组合至少间隔100关,组合关只增加机制交互，不同时大幅减少发射数。,G01|G02|B02|N14|C02,G01 同关最多2种机制、3种特殊球类型；特殊实体ID与坐标必须唯一，且只能配置在layout的空位'.'。；G02 组合表只判定机制类型能否共存；具体行列、数量、颜色、通道和目标仍必须通过LevelConfigLoader及专项校验器。；B02 冰球innerColor必须属于本关level.colors。；N14 彩虹棱镜球通过initialPowerups.rainbow_prism_ball配置，不写入棋盘specialEntities。；C02 新增机制与基础机制允许组合；两个新增机制之间不进入正式组合池。
C0076,双机制,2,ice,冰球机制,level.specialEntities[]: obstacle_ball/ice,board_occlusion,动态棋盘遮挡机制,level.boardOcclusionPlan,1,ice,冰球,level.specialEntities[]: obstacle_ball/ice,,,,,,,normal,shot_limited,4,中,F 固定/系统排期,0,31,机制熟悉后的遮挡组合,50,按31关后遮挡覆盖策略；同一组合至少间隔50关,权重为0，不进入普通随机池，必须由对应模式或系统策略显式排期。,G01|G02|B02|M01|C03,G01 同关最多2种机制、3种特殊球类型；特殊实体ID与坐标必须唯一，且只能配置在layout的空位'.'。；G02 组合表只判定机制类型能否共存；具体行列、数量、颜色、通道和目标仍必须通过LevelConfigLoader及专项校验器。；B02 冰球innerColor必须属于本关level.colors。；M01 动态遮挡不能覆盖特殊实体；限球关按发射数、限时关按秒清除；单目标和多目标救援均禁用。；C03 动态棋盘遮挡可与基础机制及除多精灵救援外的新增机制共存。
C0077,双机制,2,ice,冰球机制,level.specialEntities[]: obstacle_ball/ice,timed_mode,限时模式,level.levelType + level.playMode + level.timeBonusBalls[],2,ice,冰球,level.specialEntities[]: obstacle_ball/ice,time_bonus_ball,加时球,level.timeBonusBalls[],,,,special_floating_island,timed_infinite_shots,5,中,F 固定/系统排期,0,30,限时关搭档轮换,50,限时模式每10关；同一搭档至少间隔50关,权重为0，不进入普通随机池，必须由对应模式或系统策略显式排期。,G01|G02|B02|M02|C04,G01 同关最多2种机制、3种特殊球类型；特殊实体ID与坐标必须唯一，且只能配置在layout的空位'.'。；G02 组合表只判定机制类型能否共存；具体行列、数量、颜色、通道和目标仍必须通过LevelConfigLoader及专项校验器。；B02 冰球innerColor必须属于本关level.colors。；M02 限时模式固定special_floating_island/timed_infinite_shots，必须配置2至5个加时球，每个bonusSeconds固定为5。；C04 限时模式只与基础机制或动态棋盘遮挡组合。
C0078,双机制,2,ice,冰球机制,level.specialEntities[]: obstacle_ball/ice,single_rescue,单精灵救援机制,level.levelType + level.trappedSpriteRescue,1,ice,冰球,level.specialEntities[]: obstacle_ball/ice,,,,,,,trapped_sprite_rescue,shot_limited,5,中,F 固定/系统排期,0,25,单救援白名单轮换,100,按章节固定救援关；同一搭档至少间隔100关,权重为0，不进入普通随机池，必须由对应模式或系统策略显式排期。,G01|G02|B02|M03|C05,G01 同关最多2种机制、3种特殊球类型；特殊实体ID与坐标必须唯一，且只能配置在layout的空位'.'。；G02 组合表只判定机制类型能否共存；具体行列、数量、颜色、通道和目标仍必须通过LevelConfigLoader及专项校验器。；B02 冰球innerColor必须属于本关level.colors。；M03 单目标救援固定trapped_sprite_rescue/shot_limited，只允许彩虹、爆破、石、冰、漩涡、藤蔓六类棋盘特殊实体，并禁用计时与动态遮挡。；C05 单目标救援只与石、冰、彩虹、爆破、漩涡、藤蔓六种基础机制组合。
C0079,双机制,2,rainbow,彩虹球机制,level.specialEntities[]: skill_ball/rainbow,blast,爆破球机制,level.specialEntities[]: skill_ball/blast,2,rainbow,彩虹球,level.specialEntities[]: skill_ball/rainbow,blast,爆破球,level.specialEntities[]: skill_ball/blast,,,,normal,shot_limited,3,中,T1 常规组合,6,19,首次组合/长期复现,100,首次教学后10-15关组合；同一精确组合至少间隔100关,组合关只增加机制交互，不同时大幅减少发射数。,G01|G02|B03|B04|C01,G01 同关最多2种机制、3种特殊球类型；特殊实体ID与坐标必须唯一，且只能配置在layout的空位'.'。；G02 组合表只判定机制类型能否共存；具体行列、数量、颜色、通道和目标仍必须通过LevelConfigLoader及专项校验器。；B03 彩虹球必须处于可击打或可掉落位置。；B04 爆破球必须处于可击打或可掉落位置。；C01 基础机制之间允许组合，但不同结构必须使用不重叠的合法空间。
C0080,双机制,2,rainbow,彩虹球机制,level.specialEntities[]: skill_ball/rainbow,molotov,燃烧瓶机制,level.specialEntities[]: reactive_ball/molotov,2,rainbow,彩虹球,level.specialEntities[]: skill_ball/rainbow,molotov,燃烧瓶,level.specialEntities[]: reactive_ball/molotov,,,,normal,shot_limited,4,中,T2 进阶组合,3,46,进阶组合/长期复现,100,首次教学后10-15关组合；同一精确组合至少间隔100关,组合关只增加机制交互，不同时大幅减少发射数。,G01|G02|B03|B05|C01,G01 同关最多2种机制、3种特殊球类型；特殊实体ID与坐标必须唯一，且只能配置在layout的空位'.'。；G02 组合表只判定机制类型能否共存；具体行列、数量、颜色、通道和目标仍必须通过LevelConfigLoader及专项校验器。；B03 彩虹球必须处于可击打或可掉落位置。；B05 燃烧瓶blastRadius必须显式等于2。；C01 基础机制之间允许组合，但不同结构必须使用不重叠的合法空间。
C0081,双机制,2,rainbow,彩虹球机制,level.specialEntities[]: skill_ball/rainbow,splitter,分裂球机制,level.specialEntities[]: reactive_ball/splitter,2,rainbow,彩虹球,level.specialEntities[]: skill_ball/rainbow,splitter,分裂球,level.specialEntities[]: reactive_ball/splitter,,,,normal,shot_limited,4,中,T2 进阶组合,3,66,进阶组合/长期复现,100,首次教学后10-15关组合；同一精确组合至少间隔100关,组合关只增加机制交互，不同时大幅减少发射数。,G01|G02|B03|B06|C01,G01 同关最多2种机制、3种特殊球类型；特殊实体ID与坐标必须唯一，且只能配置在layout的空位'.'。；G02 组合表只判定机制类型能否共存；具体行列、数量、颜色、通道和目标仍必须通过LevelConfigLoader及专项校验器。；B03 彩虹球必须处于可击打或可掉落位置。；B06 分裂球不得位于第0行；同关splitColor一致且与唯一collect_color目标一致，并至少保留一个合法六邻空位。；C01 基础机制之间允许组合，但不同结构必须使用不重叠的合法空间。
C0082,双机制,2,rainbow,彩虹球机制,level.specialEntities[]: skill_ball/rainbow,swirl,漩涡球机制,level.specialEntities[]: reactive_ball/swirl,2,rainbow,彩虹球,level.specialEntities[]: skill_ball/rainbow,swirl,漩涡球,level.specialEntities[]: reactive_ball/swirl,,,,normal,shot_limited,4,中,T2 进阶组合,3,26,进阶组合/长期复现,100,首次教学后10-15关组合；同一精确组合至少间隔100关,组合关只增加机制交互，不同时大幅减少发射数。,G01|G02|B03|B07|C01,G01 同关最多2种机制、3种特殊球类型；特殊实体ID与坐标必须唯一，且只能配置在layout的空位'.'。；G02 组合表只判定机制类型能否共存；具体行列、数量、颜色、通道和目标仍必须通过LevelConfigLoader及专项校验器。；B03 彩虹球必须处于可击打或可掉落位置。；B07 每个漩涡必须配置完整六邻轨道；轨道只允许普通球，且不得与其他特殊实体重叠。；C01 基础机制之间允许组合，但不同结构必须使用不重叠的合法空间。
C0083,双机制,2,rainbow,彩虹球机制,level.specialEntities[]: skill_ball/rainbow,vine_spirit,藤蔓魔灵机制,level.specialEntities[]: reactive_ball/vine_spirit,2,rainbow,彩虹球,level.specialEntities[]: skill_ball/rainbow,vine_spirit,藤蔓魔灵,level.specialEntities[]: reactive_ball/vine_spirit,,,,normal,shot_limited,4,中,T2 进阶组合,3,36,进阶组合/长期复现,100,首次教学后10-15关组合；同一精确组合至少间隔100关,组合关只增加机制交互，不同时大幅减少发射数。,G01|G02|B03|B08|C01,G01 同关最多2种机制、3种特殊球类型；特殊实体ID与坐标必须唯一，且只能配置在layout的空位'.'。；G02 组合表只判定机制类型能否共存；具体行列、数量、颜色、通道和目标仍必须通过LevelConfigLoader及专项校验器。；B03 彩虹球必须处于可击打或可掉落位置。；B08 藤蔓魔灵life固定为3，六邻缠绕与解除必须遵守藤蔓结算规则。；C01 基础机制之间允许组合，但不同结构必须使用不重叠的合法空间。
C0084,双机制,2,rainbow,彩虹球机制,level.specialEntities[]: skill_ball/rainbow,wormhole,虫洞机制,level.specialEntities[]: reactive_ball/wormhole,2,rainbow,彩虹球,level.specialEntities[]: skill_ball/rainbow,wormhole,虫洞,level.specialEntities[]: reactive_ball/wormhole,,,,normal,shot_limited,5,中,T2 进阶组合,3,58,进阶组合/长期复现,100,首次教学后10-15关组合；同一精确组合至少间隔100关,组合关只增加机制交互，不同时大幅减少发射数。,G01|G02|B03|B09|C01,G01 同关最多2种机制、3种特殊球类型；特殊实体ID与坐标必须唯一，且只能配置在layout的空位'.'。；G02 组合表只判定机制类型能否共存；具体行列、数量、颜色、通道和目标仍必须通过LevelConfigLoader及专项校验器。；B03 彩虹球必须处于可击打或可掉落位置。；B09 每组虫洞必须恰好2个同排同方向端点，严格内区间至少2格，且通道不得与漩涡等保留结构冲突。；C01 基础机制之间允许组合，但不同结构必须使用不重叠的合法空间。
C0085,双机制,2,rainbow,彩虹球机制,level.specialEntities[]: skill_ball/rainbow,lock_chain,锁链机制,level.specialEntities[]: key_ball/key + locked_ball/locked,3,rainbow,彩虹球,level.specialEntities[]: skill_ball/rainbow,key,钥匙,level.specialEntities[]: key_ball/key,locked,锁定球,level.specialEntities[]: locked_ball/locked,normal,shot_limited,5,中,T2 进阶组合,3,87,进阶组合/长期复现,100,首次教学后10-15关组合；同一精确组合至少间隔100关,已达到3种特殊球上限，只能在两种机制均已完成教学后投放。,G01|G02|B03|B10|C01,G01 同关最多2种机制、3种特殊球类型；特殊实体ID与坐标必须唯一，且只能配置在layout的空位'.'。；G02 组合表只判定机制类型能否共存；具体行列、数量、颜色、通道和目标仍必须通过LevelConfigLoader及专项校验器。；B03 彩虹球必须处于可击打或可掉落位置。；B10 每条锁链行必须恰好1把钥匙，其余格全部为锁定球；整行layout为'.'且不得放置其他特殊实体。；C01 基础机制之间允许组合，但不同结构必须使用不重叠的合法空间。
C0086,双机制,2,rainbow,彩虹球机制,level.specialEntities[]: skill_ball/rainbow,black_hole,黑洞机制,level.specialEntities[]: hazard_ball/black_hole,2,rainbow,彩虹球,level.specialEntities[]: skill_ball/rainbow,black_hole,黑洞,level.specialEntities[]: hazard_ball/black_hole,,,,normal,shot_limited,4,中,T2 进阶组合,3,311,进阶组合/长期复现,100,首次教学后10-15关组合；同一精确组合至少间隔100关,组合关只增加机制交互，不同时大幅减少发射数。,G01|G02|B03|N01|C02,G01 同关最多2种机制、3种特殊球类型；特殊实体ID与坐标必须唯一，且只能配置在layout的空位'.'。；G02 组合表只判定机制类型能否共存；具体行列、数量、颜色、通道和目标仍必须通过LevelConfigLoader及专项校验器。；B03 彩虹球必须处于可击打或可掉落位置。；N01 黑洞capacity必须显式等于3。；C02 新增机制与基础机制允许组合；两个新增机制之间不进入正式组合池。
C0087,双机制,2,rainbow,彩虹球机制,level.specialEntities[]: skill_ball/rainbow,poison_attachment,毒液附着机制,level.cellAttachments[]: poison,1,rainbow,彩虹球,level.specialEntities[]: skill_ball/rainbow,,,,,,,normal,shot_limited,4,中,T2 进阶组合,3,321,进阶组合/长期复现,100,首次教学后10-15关组合；同一精确组合至少间隔100关,组合关只增加机制交互，不同时大幅减少发射数。,G01|G02|B03|N02|C02,G01 同关最多2种机制、3种特殊球类型；特殊实体ID与坐标必须唯一，且只能配置在layout的空位'.'。；G02 组合表只判定机制类型能否共存；具体行列、数量、颜色、通道和目标仍必须通过LevelConfigLoader及专项校验器。；B03 彩虹球必须处于可击打或可掉落位置。；N02 毒液附件只能附着普通球，每格唯一，particleCount必须显式等于3。；C02 新增机制与基础机制允许组合；两个新增机制之间不进入正式组合池。
C0088,双机制,2,rainbow,彩虹球机制,level.specialEntities[]: skill_ball/rainbow,spirit_cocoon,精灵茧机制,level.specialEntities[]: reactive_ball/spirit_cocoon,2,rainbow,彩虹球,level.specialEntities[]: skill_ball/rainbow,spirit_cocoon,精灵茧,level.specialEntities[]: reactive_ball/spirit_cocoon,,,,normal,shot_limited,4,中,T2 进阶组合,3,331,进阶组合/长期复现,100,首次教学后10-15关组合；同一精确组合至少间隔100关,组合关只增加机制交互，不同时大幅减少发射数。,G01|G02|B03|N03|C02,G01 同关最多2种机制、3种特殊球类型；特殊实体ID与坐标必须唯一，且只能配置在layout的空位'.'。；G02 组合表只判定机制类型能否共存；具体行列、数量、颜色、通道和目标仍必须通过LevelConfigLoader及专项校验器。；B03 彩虹球必须处于可击打或可掉落位置。；N03 精灵茧必须位于合法特殊实体空位，并保留可触发的相邻消除路径。；C02 新增机制与基础机制允许组合；两个新增机制之间不进入正式组合池。
C0089,双机制,2,rainbow,彩虹球机制,level.specialEntities[]: skill_ball/rainbow,ice_crystal_attachment,冰凌附着机制,level.cellAttachments[]: ice_crystal,1,rainbow,彩虹球,level.specialEntities[]: skill_ball/rainbow,,,,,,,normal,shot_limited,4,中,T2 进阶组合,3,341,进阶组合/长期复现,100,首次教学后10-15关组合；同一精确组合至少间隔100关,组合关只增加机制交互，不同时大幅减少发射数。,G01|G02|B03|N04|C02,G01 同关最多2种机制、3种特殊球类型；特殊实体ID与坐标必须唯一，且只能配置在layout的空位'.'。；G02 组合表只判定机制类型能否共存；具体行列、数量、颜色、通道和目标仍必须通过LevelConfigLoader及专项校验器。；B03 彩虹球必须处于可击打或可掉落位置。；N04 冰凌附件只能附着普通球，每格唯一，且不得与其他附件重叠。；C02 新增机制与基础机制允许组合；两个新增机制之间不进入正式组合池。
C0090,双机制,2,rainbow,彩虹球机制,level.specialEntities[]: skill_ball/rainbow,transparent_ball,透明球机制,level.specialEntities[]: reactive_ball/transparent_ball,2,rainbow,彩虹球,level.specialEntities[]: skill_ball/rainbow,transparent_ball,透明球,level.specialEntities[]: reactive_ball/transparent_ball,,,,normal,shot_limited,4,中,T2 进阶组合,3,351,进阶组合/长期复现,100,首次教学后10-15关组合；同一精确组合至少间隔100关,组合关只增加机制交互，不同时大幅减少发射数。,G01|G02|B03|N05|C02,G01 同关最多2种机制、3种特殊球类型；特殊实体ID与坐标必须唯一，且只能配置在layout的空位'.'。；G02 组合表只判定机制类型能否共存；具体行列、数量、颜色、通道和目标仍必须通过LevelConfigLoader及专项校验器。；B03 彩虹球必须处于可击打或可掉落位置。；N05 透明球后方必须存在稳定合法碰撞终点；不得用于单目标救援关。；C02 新增机制与基础机制允许组合；两个新增机制之间不进入正式组合池。
C0091,双机制,2,rainbow,彩虹球机制,level.specialEntities[]: skill_ball/rainbow,breeder,繁殖球机制,level.specialEntities[]: reactive_ball/breeder,2,rainbow,彩虹球,level.specialEntities[]: skill_ball/rainbow,breeder,繁殖球,level.specialEntities[]: reactive_ball/breeder,,,,normal,shot_limited,4,中,T2 进阶组合,3,361,进阶组合/长期复现,100,首次教学后10-15关组合；同一精确组合至少间隔100关,组合关只增加机制交互，不同时大幅减少发射数。,G01|G02|B03|N06|C02,G01 同关最多2种机制、3种特殊球类型；特殊实体ID与坐标必须唯一，且只能配置在layout的空位'.'。；G02 组合表只判定机制类型能否共存；具体行列、数量、颜色、通道和目标仍必须通过LevelConfigLoader及专项校验器。；B03 彩虹球必须处于可击打或可掉落位置。；N06 繁殖球至少保留一个合法六邻空位。；C02 新增机制与基础机制允许组合；两个新增机制之间不进入正式组合池。
C0092,双机制,2,rainbow,彩虹球机制,level.specialEntities[]: skill_ball/rainbow,bubble_shield_attachment,气泡护盾附着机制,level.cellAttachments[]: bubble_shield,1,rainbow,彩虹球,level.specialEntities[]: skill_ball/rainbow,,,,,,,normal,shot_limited,4,中,T2 进阶组合,3,371,进阶组合/长期复现,100,首次教学后10-15关组合；同一精确组合至少间隔100关,组合关只增加机制交互，不同时大幅减少发射数。,G01|G02|B03|N07|C02,G01 同关最多2种机制、3种特殊球类型；特殊实体ID与坐标必须唯一，且只能配置在layout的空位'.'。；G02 组合表只判定机制类型能否共存；具体行列、数量、颜色、通道和目标仍必须通过LevelConfigLoader及专项校验器。；B03 彩虹球必须处于可击打或可掉落位置。；N07 气泡护盾附件只能附着普通球，每格唯一，且不得与其他附件重叠。；C02 新增机制与基础机制允许组合；两个新增机制之间不进入正式组合池。
C0093,双机制,2,rainbow,彩虹球机制,level.specialEntities[]: skill_ball/rainbow,mine,地雷机制,level.specialEntities[]: hazard_ball/mine,2,rainbow,彩虹球,level.specialEntities[]: skill_ball/rainbow,mine,地雷,level.specialEntities[]: hazard_ball/mine,,,,normal,shot_limited,5,中,T2 进阶组合,3,381,进阶组合/长期复现,100,首次教学后10-15关组合；同一精确组合至少间隔100关,组合关只增加机制交互，不同时大幅减少发射数。,G01|G02|B03|N08|C02,G01 同关最多2种机制、3种特殊球类型；特殊实体ID与坐标必须唯一，且只能配置在layout的空位'.'。；G02 组合表只判定机制类型能否共存；具体行列、数量、颜色、通道和目标仍必须通过LevelConfigLoader及专项校验器。；B03 彩虹球必须处于可击打或可掉落位置。；N08 地雷initialLife必须为正整数；正式生成标准为6。；C02 新增机制与基础机制允许组合；两个新增机制之间不进入正式组合池。
C0094,双机制,2,rainbow,彩虹球机制,level.specialEntities[]: skill_ball/rainbow,bud,花苞球机制,level.specialEntities[]: reactive_ball/bud,2,rainbow,彩虹球,level.specialEntities[]: skill_ball/rainbow,bud,花苞球,level.specialEntities[]: reactive_ball/bud,,,,normal,shot_limited,4,中,T2 进阶组合,3,391,进阶组合/长期复现,100,首次教学后10-15关组合；同一精确组合至少间隔100关,组合关只增加机制交互，不同时大幅减少发射数。,G01|G02|B03|N09|C02,G01 同关最多2种机制、3种特殊球类型；特殊实体ID与坐标必须唯一，且只能配置在layout的空位'.'。；G02 组合表只判定机制类型能否共存；具体行列、数量、颜色、通道和目标仍必须通过LevelConfigLoader及专项校验器。；B03 彩虹球必须处于可击打或可掉落位置。；N09 花苞球必须位于合法特殊实体空位，并保留可触发的相邻消除路径。；C02 新增机制与基础机制允许组合；两个新增机制之间不进入正式组合池。
C0095,双机制,2,rainbow,彩虹球机制,level.specialEntities[]: skill_ball/rainbow,multi_rescue,多精灵救援机制,level.multiTrappedSpiritRescue.targets[],1,rainbow,彩虹球,level.specialEntities[]: skill_ball/rainbow,,,,,,,multi_trapped_spirit_rescue,shot_limited,5,中,F 固定/系统排期,0,411,多救援后期组合,100,首次教学后10-15关组合；同一精确组合至少间隔100关,权重为0，不进入普通随机池，必须由对应模式或系统策略显式排期。,G01|G02|B03|N10|C02,G01 同关最多2种机制、3种特殊球类型；特殊实体ID与坐标必须唯一，且只能配置在layout的空位'.'。；G02 组合表只判定机制类型能否共存；具体行列、数量、颜色、通道和目标仍必须通过LevelConfigLoader及专项校验器。；B03 彩虹球必须处于可击打或可掉落位置。；N10 多精灵救援必须配置2至7个不重复目标；目标位于顶部第2至6行(row=1..5)、目标格为'.'且邻接可消除普通球。；C02 新增机制与基础机制允许组合；两个新增机制之间不进入正式组合池。
C0096,双机制,2,rainbow,彩虹球机制,level.specialEntities[]: skill_ball/rainbow,color_cloud,彩云机制,level.colorClouds[],1,rainbow,彩虹球,level.specialEntities[]: skill_ball/rainbow,,,,,,,normal,shot_limited,4,中,T2 进阶组合,3,421,进阶组合/长期复现,100,首次教学后10-15关组合；同一精确组合至少间隔100关,组合关只增加机制交互，不同时大幅减少发射数。,G01|G02|B03|N11|C02,G01 同关最多2种机制、3种特殊球类型；特殊实体ID与坐标必须唯一，且只能配置在layout的空位'.'。；G02 组合表只判定机制类型能否共存；具体行列、数量、颜色、通道和目标仍必须通过LevelConfigLoader及专项校验器。；B03 彩虹球必须处于可击打或可掉落位置。；N11 彩云必须完整配置visible、position、hitDispearTime、startTime、speed、color六字段，且color属于本关颜色或RAINBOW。；C02 新增机制与基础机制允许组合；两个新增机制之间不进入正式组合池。
C0097,双机制,2,rainbow,彩虹球机制,level.specialEntities[]: skill_ball/rainbow,spider,蜘蛛机制,level.spiderRows[],1,rainbow,彩虹球,level.specialEntities[]: skill_ball/rainbow,,,,,,,normal,shot_limited,5,中,T2 进阶组合,3,431,进阶组合/长期复现,100,首次教学后10-15关组合；同一精确组合至少间隔100关,组合关只增加机制交互，不同时大幅减少发射数。,G01|G02|B03|N12|C02,G01 同关最多2种机制、3种特殊球类型；特殊实体ID与坐标必须唯一，且只能配置在layout的空位'.'。；G02 组合表只判定机制类型能否共存；具体行列、数量、颜色、通道和目标仍必须通过LevelConfigLoader及专项校验器。；B03 彩虹球必须处于可击打或可掉落位置。；N12 蜘蛛锚点必须是普通球，不得与特殊实体或附件重叠；同排蜘蛛共用lockRowId且lockRowId不得跨行。；C02 新增机制与基础机制允许组合；两个新增机制之间不进入正式组合池。
C0098,双机制,2,rainbow,彩虹球机制,level.specialEntities[]: skill_ball/rainbow,wind_tunnel,风眼机制,level.specialEntities[]: reactive_ball/wind_tunnel_entrance + wind_tunnel_exit,3,rainbow,彩虹球,level.specialEntities[]: skill_ball/rainbow,wind_tunnel_entrance,风眼入口,level.specialEntities[]: reactive_ball/wind_tunnel_entrance,wind_tunnel_exit,风眼出口,level.specialEntities[]: reactive_ball/wind_tunnel_exit,normal,shot_limited,5,中,T2 进阶组合,3,441,进阶组合/长期复现,100,首次教学后10-15关组合；同一精确组合至少间隔100关,已达到3种特殊球上限，只能在两种机制均已完成教学后投放。,G01|G02|B03|N13|C02,G01 同关最多2种机制、3种特殊球类型；特殊实体ID与坐标必须唯一，且只能配置在layout的空位'.'。；G02 组合表只判定机制类型能否共存；具体行列、数量、颜色、通道和目标仍必须通过LevelConfigLoader及专项校验器。；B03 彩虹球必须处于可击打或可掉落位置。；N13 风眼必须恰好1个入口且至少2个出口；入口可命中，出口坐标有效且不得与其他特殊实体重叠。；C02 新增机制与基础机制允许组合；两个新增机制之间不进入正式组合池。
C0099,双机制,2,rainbow,彩虹球机制,level.specialEntities[]: skill_ball/rainbow,rainbow_prism,彩虹棱镜球机制,level.initialPowerups.rainbow_prism_ball,1,rainbow,彩虹球,level.specialEntities[]: skill_ball/rainbow,,,,,,,normal,shot_limited,4,中,T2 进阶组合,3,451,进阶组合/长期复现,100,首次教学后10-15关组合；同一精确组合至少间隔100关,组合关只增加机制交互，不同时大幅减少发射数。,G01|G02|B03|N14|C02,G01 同关最多2种机制、3种特殊球类型；特殊实体ID与坐标必须唯一，且只能配置在layout的空位'.'。；G02 组合表只判定机制类型能否共存；具体行列、数量、颜色、通道和目标仍必须通过LevelConfigLoader及专项校验器。；B03 彩虹球必须处于可击打或可掉落位置。；N14 彩虹棱镜球通过initialPowerups.rainbow_prism_ball配置，不写入棋盘specialEntities。；C02 新增机制与基础机制允许组合；两个新增机制之间不进入正式组合池。
C0100,双机制,2,rainbow,彩虹球机制,level.specialEntities[]: skill_ball/rainbow,board_occlusion,动态棋盘遮挡机制,level.boardOcclusionPlan,1,rainbow,彩虹球,level.specialEntities[]: skill_ball/rainbow,,,,,,,normal,shot_limited,4,中,F 固定/系统排期,0,31,机制熟悉后的遮挡组合,50,按31关后遮挡覆盖策略；同一组合至少间隔50关,权重为0，不进入普通随机池，必须由对应模式或系统策略显式排期。,G01|G02|B03|M01|C03,G01 同关最多2种机制、3种特殊球类型；特殊实体ID与坐标必须唯一，且只能配置在layout的空位'.'。；G02 组合表只判定机制类型能否共存；具体行列、数量、颜色、通道和目标仍必须通过LevelConfigLoader及专项校验器。；B03 彩虹球必须处于可击打或可掉落位置。；M01 动态遮挡不能覆盖特殊实体；限球关按发射数、限时关按秒清除；单目标和多目标救援均禁用。；C03 动态棋盘遮挡可与基础机制及除多精灵救援外的新增机制共存。
C0101,双机制,2,rainbow,彩虹球机制,level.specialEntities[]: skill_ball/rainbow,timed_mode,限时模式,level.levelType + level.playMode + level.timeBonusBalls[],2,rainbow,彩虹球,level.specialEntities[]: skill_ball/rainbow,time_bonus_ball,加时球,level.timeBonusBalls[],,,,special_floating_island,timed_infinite_shots,5,中,F 固定/系统排期,0,20,限时关搭档轮换,50,限时模式每10关；同一搭档至少间隔50关,权重为0，不进入普通随机池，必须由对应模式或系统策略显式排期。,G01|G02|B03|M02|C04,G01 同关最多2种机制、3种特殊球类型；特殊实体ID与坐标必须唯一，且只能配置在layout的空位'.'。；G02 组合表只判定机制类型能否共存；具体行列、数量、颜色、通道和目标仍必须通过LevelConfigLoader及专项校验器。；B03 彩虹球必须处于可击打或可掉落位置。；M02 限时模式固定special_floating_island/timed_infinite_shots，必须配置2至5个加时球，每个bonusSeconds固定为5。；C04 限时模式只与基础机制或动态棋盘遮挡组合。
C0102,双机制,2,rainbow,彩虹球机制,level.specialEntities[]: skill_ball/rainbow,single_rescue,单精灵救援机制,level.levelType + level.trappedSpriteRescue,1,rainbow,彩虹球,level.specialEntities[]: skill_ball/rainbow,,,,,,,trapped_sprite_rescue,shot_limited,5,中,F 固定/系统排期,0,25,单救援白名单轮换,100,按章节固定救援关；同一搭档至少间隔100关,权重为0，不进入普通随机池，必须由对应模式或系统策略显式排期。,G01|G02|B03|M03|C05,G01 同关最多2种机制、3种特殊球类型；特殊实体ID与坐标必须唯一，且只能配置在layout的空位'.'。；G02 组合表只判定机制类型能否共存；具体行列、数量、颜色、通道和目标仍必须通过LevelConfigLoader及专项校验器。；B03 彩虹球必须处于可击打或可掉落位置。；M03 单目标救援固定trapped_sprite_rescue/shot_limited，只允许彩虹、爆破、石、冰、漩涡、藤蔓六类棋盘特殊实体，并禁用计时与动态遮挡。；C05 单目标救援只与石、冰、彩虹、爆破、漩涡、藤蔓六种基础机制组合。
C0103,双机制,2,blast,爆破球机制,level.specialEntities[]: skill_ball/blast,molotov,燃烧瓶机制,level.specialEntities[]: reactive_ball/molotov,2,blast,爆破球,level.specialEntities[]: skill_ball/blast,molotov,燃烧瓶,level.specialEntities[]: reactive_ball/molotov,,,,normal,shot_limited,4,中,T2 进阶组合,3,46,进阶组合/长期复现,100,首次教学后10-15关组合；同一精确组合至少间隔100关,组合关只增加机制交互，不同时大幅减少发射数。,G01|G02|B04|B05|C01,G01 同关最多2种机制、3种特殊球类型；特殊实体ID与坐标必须唯一，且只能配置在layout的空位'.'。；G02 组合表只判定机制类型能否共存；具体行列、数量、颜色、通道和目标仍必须通过LevelConfigLoader及专项校验器。；B04 爆破球必须处于可击打或可掉落位置。；B05 燃烧瓶blastRadius必须显式等于2。；C01 基础机制之间允许组合，但不同结构必须使用不重叠的合法空间。
C0104,双机制,2,blast,爆破球机制,level.specialEntities[]: skill_ball/blast,splitter,分裂球机制,level.specialEntities[]: reactive_ball/splitter,2,blast,爆破球,level.specialEntities[]: skill_ball/blast,splitter,分裂球,level.specialEntities[]: reactive_ball/splitter,,,,normal,shot_limited,4,中,T2 进阶组合,3,66,进阶组合/长期复现,100,首次教学后10-15关组合；同一精确组合至少间隔100关,组合关只增加机制交互，不同时大幅减少发射数。,G01|G02|B04|B06|C01,G01 同关最多2种机制、3种特殊球类型；特殊实体ID与坐标必须唯一，且只能配置在layout的空位'.'。；G02 组合表只判定机制类型能否共存；具体行列、数量、颜色、通道和目标仍必须通过LevelConfigLoader及专项校验器。；B04 爆破球必须处于可击打或可掉落位置。；B06 分裂球不得位于第0行；同关splitColor一致且与唯一collect_color目标一致，并至少保留一个合法六邻空位。；C01 基础机制之间允许组合，但不同结构必须使用不重叠的合法空间。
C0105,双机制,2,blast,爆破球机制,level.specialEntities[]: skill_ball/blast,swirl,漩涡球机制,level.specialEntities[]: reactive_ball/swirl,2,blast,爆破球,level.specialEntities[]: skill_ball/blast,swirl,漩涡球,level.specialEntities[]: reactive_ball/swirl,,,,normal,shot_limited,4,中,T2 进阶组合,3,26,进阶组合/长期复现,100,首次教学后10-15关组合；同一精确组合至少间隔100关,组合关只增加机制交互，不同时大幅减少发射数。,G01|G02|B04|B07|C01,G01 同关最多2种机制、3种特殊球类型；特殊实体ID与坐标必须唯一，且只能配置在layout的空位'.'。；G02 组合表只判定机制类型能否共存；具体行列、数量、颜色、通道和目标仍必须通过LevelConfigLoader及专项校验器。；B04 爆破球必须处于可击打或可掉落位置。；B07 每个漩涡必须配置完整六邻轨道；轨道只允许普通球，且不得与其他特殊实体重叠。；C01 基础机制之间允许组合，但不同结构必须使用不重叠的合法空间。
C0106,双机制,2,blast,爆破球机制,level.specialEntities[]: skill_ball/blast,vine_spirit,藤蔓魔灵机制,level.specialEntities[]: reactive_ball/vine_spirit,2,blast,爆破球,level.specialEntities[]: skill_ball/blast,vine_spirit,藤蔓魔灵,level.specialEntities[]: reactive_ball/vine_spirit,,,,normal,shot_limited,4,中,T2 进阶组合,3,36,进阶组合/长期复现,100,首次教学后10-15关组合；同一精确组合至少间隔100关,组合关只增加机制交互，不同时大幅减少发射数。,G01|G02|B04|B08|C01,G01 同关最多2种机制、3种特殊球类型；特殊实体ID与坐标必须唯一，且只能配置在layout的空位'.'。；G02 组合表只判定机制类型能否共存；具体行列、数量、颜色、通道和目标仍必须通过LevelConfigLoader及专项校验器。；B04 爆破球必须处于可击打或可掉落位置。；B08 藤蔓魔灵life固定为3，六邻缠绕与解除必须遵守藤蔓结算规则。；C01 基础机制之间允许组合，但不同结构必须使用不重叠的合法空间。
C0107,双机制,2,blast,爆破球机制,level.specialEntities[]: skill_ball/blast,wormhole,虫洞机制,level.specialEntities[]: reactive_ball/wormhole,2,blast,爆破球,level.specialEntities[]: skill_ball/blast,wormhole,虫洞,level.specialEntities[]: reactive_ball/wormhole,,,,normal,shot_limited,5,中,T2 进阶组合,3,58,进阶组合/长期复现,100,首次教学后10-15关组合；同一精确组合至少间隔100关,组合关只增加机制交互，不同时大幅减少发射数。,G01|G02|B04|B09|C01,G01 同关最多2种机制、3种特殊球类型；特殊实体ID与坐标必须唯一，且只能配置在layout的空位'.'。；G02 组合表只判定机制类型能否共存；具体行列、数量、颜色、通道和目标仍必须通过LevelConfigLoader及专项校验器。；B04 爆破球必须处于可击打或可掉落位置。；B09 每组虫洞必须恰好2个同排同方向端点，严格内区间至少2格，且通道不得与漩涡等保留结构冲突。；C01 基础机制之间允许组合，但不同结构必须使用不重叠的合法空间。
C0108,双机制,2,blast,爆破球机制,level.specialEntities[]: skill_ball/blast,lock_chain,锁链机制,level.specialEntities[]: key_ball/key + locked_ball/locked,3,blast,爆破球,level.specialEntities[]: skill_ball/blast,key,钥匙,level.specialEntities[]: key_ball/key,locked,锁定球,level.specialEntities[]: locked_ball/locked,normal,shot_limited,5,中,T2 进阶组合,3,87,进阶组合/长期复现,100,首次教学后10-15关组合；同一精确组合至少间隔100关,已达到3种特殊球上限，只能在两种机制均已完成教学后投放。,G01|G02|B04|B10|C01,G01 同关最多2种机制、3种特殊球类型；特殊实体ID与坐标必须唯一，且只能配置在layout的空位'.'。；G02 组合表只判定机制类型能否共存；具体行列、数量、颜色、通道和目标仍必须通过LevelConfigLoader及专项校验器。；B04 爆破球必须处于可击打或可掉落位置。；B10 每条锁链行必须恰好1把钥匙，其余格全部为锁定球；整行layout为'.'且不得放置其他特殊实体。；C01 基础机制之间允许组合，但不同结构必须使用不重叠的合法空间。
C0109,双机制,2,blast,爆破球机制,level.specialEntities[]: skill_ball/blast,black_hole,黑洞机制,level.specialEntities[]: hazard_ball/black_hole,2,blast,爆破球,level.specialEntities[]: skill_ball/blast,black_hole,黑洞,level.specialEntities[]: hazard_ball/black_hole,,,,normal,shot_limited,4,中,T2 进阶组合,3,311,进阶组合/长期复现,100,首次教学后10-15关组合；同一精确组合至少间隔100关,组合关只增加机制交互，不同时大幅减少发射数。,G01|G02|B04|N01|C02,G01 同关最多2种机制、3种特殊球类型；特殊实体ID与坐标必须唯一，且只能配置在layout的空位'.'。；G02 组合表只判定机制类型能否共存；具体行列、数量、颜色、通道和目标仍必须通过LevelConfigLoader及专项校验器。；B04 爆破球必须处于可击打或可掉落位置。；N01 黑洞capacity必须显式等于3。；C02 新增机制与基础机制允许组合；两个新增机制之间不进入正式组合池。
C0110,双机制,2,blast,爆破球机制,level.specialEntities[]: skill_ball/blast,poison_attachment,毒液附着机制,level.cellAttachments[]: poison,1,blast,爆破球,level.specialEntities[]: skill_ball/blast,,,,,,,normal,shot_limited,4,中,T2 进阶组合,3,321,进阶组合/长期复现,100,首次教学后10-15关组合；同一精确组合至少间隔100关,组合关只增加机制交互，不同时大幅减少发射数。,G01|G02|B04|N02|C02,G01 同关最多2种机制、3种特殊球类型；特殊实体ID与坐标必须唯一，且只能配置在layout的空位'.'。；G02 组合表只判定机制类型能否共存；具体行列、数量、颜色、通道和目标仍必须通过LevelConfigLoader及专项校验器。；B04 爆破球必须处于可击打或可掉落位置。；N02 毒液附件只能附着普通球，每格唯一，particleCount必须显式等于3。；C02 新增机制与基础机制允许组合；两个新增机制之间不进入正式组合池。
C0111,双机制,2,blast,爆破球机制,level.specialEntities[]: skill_ball/blast,spirit_cocoon,精灵茧机制,level.specialEntities[]: reactive_ball/spirit_cocoon,2,blast,爆破球,level.specialEntities[]: skill_ball/blast,spirit_cocoon,精灵茧,level.specialEntities[]: reactive_ball/spirit_cocoon,,,,normal,shot_limited,4,中,T2 进阶组合,3,331,进阶组合/长期复现,100,首次教学后10-15关组合；同一精确组合至少间隔100关,组合关只增加机制交互，不同时大幅减少发射数。,G01|G02|B04|N03|C02,G01 同关最多2种机制、3种特殊球类型；特殊实体ID与坐标必须唯一，且只能配置在layout的空位'.'。；G02 组合表只判定机制类型能否共存；具体行列、数量、颜色、通道和目标仍必须通过LevelConfigLoader及专项校验器。；B04 爆破球必须处于可击打或可掉落位置。；N03 精灵茧必须位于合法特殊实体空位，并保留可触发的相邻消除路径。；C02 新增机制与基础机制允许组合；两个新增机制之间不进入正式组合池。
C0112,双机制,2,blast,爆破球机制,level.specialEntities[]: skill_ball/blast,ice_crystal_attachment,冰凌附着机制,level.cellAttachments[]: ice_crystal,1,blast,爆破球,level.specialEntities[]: skill_ball/blast,,,,,,,normal,shot_limited,4,中,T2 进阶组合,3,341,进阶组合/长期复现,100,首次教学后10-15关组合；同一精确组合至少间隔100关,组合关只增加机制交互，不同时大幅减少发射数。,G01|G02|B04|N04|C02,G01 同关最多2种机制、3种特殊球类型；特殊实体ID与坐标必须唯一，且只能配置在layout的空位'.'。；G02 组合表只判定机制类型能否共存；具体行列、数量、颜色、通道和目标仍必须通过LevelConfigLoader及专项校验器。；B04 爆破球必须处于可击打或可掉落位置。；N04 冰凌附件只能附着普通球，每格唯一，且不得与其他附件重叠。；C02 新增机制与基础机制允许组合；两个新增机制之间不进入正式组合池。
C0113,双机制,2,blast,爆破球机制,level.specialEntities[]: skill_ball/blast,transparent_ball,透明球机制,level.specialEntities[]: reactive_ball/transparent_ball,2,blast,爆破球,level.specialEntities[]: skill_ball/blast,transparent_ball,透明球,level.specialEntities[]: reactive_ball/transparent_ball,,,,normal,shot_limited,4,中,T2 进阶组合,3,351,进阶组合/长期复现,100,首次教学后10-15关组合；同一精确组合至少间隔100关,组合关只增加机制交互，不同时大幅减少发射数。,G01|G02|B04|N05|C02,G01 同关最多2种机制、3种特殊球类型；特殊实体ID与坐标必须唯一，且只能配置在layout的空位'.'。；G02 组合表只判定机制类型能否共存；具体行列、数量、颜色、通道和目标仍必须通过LevelConfigLoader及专项校验器。；B04 爆破球必须处于可击打或可掉落位置。；N05 透明球后方必须存在稳定合法碰撞终点；不得用于单目标救援关。；C02 新增机制与基础机制允许组合；两个新增机制之间不进入正式组合池。
C0114,双机制,2,blast,爆破球机制,level.specialEntities[]: skill_ball/blast,breeder,繁殖球机制,level.specialEntities[]: reactive_ball/breeder,2,blast,爆破球,level.specialEntities[]: skill_ball/blast,breeder,繁殖球,level.specialEntities[]: reactive_ball/breeder,,,,normal,shot_limited,4,中,T2 进阶组合,3,361,进阶组合/长期复现,100,首次教学后10-15关组合；同一精确组合至少间隔100关,组合关只增加机制交互，不同时大幅减少发射数。,G01|G02|B04|N06|C02,G01 同关最多2种机制、3种特殊球类型；特殊实体ID与坐标必须唯一，且只能配置在layout的空位'.'。；G02 组合表只判定机制类型能否共存；具体行列、数量、颜色、通道和目标仍必须通过LevelConfigLoader及专项校验器。；B04 爆破球必须处于可击打或可掉落位置。；N06 繁殖球至少保留一个合法六邻空位。；C02 新增机制与基础机制允许组合；两个新增机制之间不进入正式组合池。
C0115,双机制,2,blast,爆破球机制,level.specialEntities[]: skill_ball/blast,bubble_shield_attachment,气泡护盾附着机制,level.cellAttachments[]: bubble_shield,1,blast,爆破球,level.specialEntities[]: skill_ball/blast,,,,,,,normal,shot_limited,4,中,T2 进阶组合,3,371,进阶组合/长期复现,100,首次教学后10-15关组合；同一精确组合至少间隔100关,组合关只增加机制交互，不同时大幅减少发射数。,G01|G02|B04|N07|C02,G01 同关最多2种机制、3种特殊球类型；特殊实体ID与坐标必须唯一，且只能配置在layout的空位'.'。；G02 组合表只判定机制类型能否共存；具体行列、数量、颜色、通道和目标仍必须通过LevelConfigLoader及专项校验器。；B04 爆破球必须处于可击打或可掉落位置。；N07 气泡护盾附件只能附着普通球，每格唯一，且不得与其他附件重叠。；C02 新增机制与基础机制允许组合；两个新增机制之间不进入正式组合池。
C0116,双机制,2,blast,爆破球机制,level.specialEntities[]: skill_ball/blast,mine,地雷机制,level.specialEntities[]: hazard_ball/mine,2,blast,爆破球,level.specialEntities[]: skill_ball/blast,mine,地雷,level.specialEntities[]: hazard_ball/mine,,,,normal,shot_limited,5,中,T2 进阶组合,3,381,进阶组合/长期复现,100,首次教学后10-15关组合；同一精确组合至少间隔100关,组合关只增加机制交互，不同时大幅减少发射数。,G01|G02|B04|N08|C02,G01 同关最多2种机制、3种特殊球类型；特殊实体ID与坐标必须唯一，且只能配置在layout的空位'.'。；G02 组合表只判定机制类型能否共存；具体行列、数量、颜色、通道和目标仍必须通过LevelConfigLoader及专项校验器。；B04 爆破球必须处于可击打或可掉落位置。；N08 地雷initialLife必须为正整数；正式生成标准为6。；C02 新增机制与基础机制允许组合；两个新增机制之间不进入正式组合池。
C0117,双机制,2,blast,爆破球机制,level.specialEntities[]: skill_ball/blast,bud,花苞球机制,level.specialEntities[]: reactive_ball/bud,2,blast,爆破球,level.specialEntities[]: skill_ball/blast,bud,花苞球,level.specialEntities[]: reactive_ball/bud,,,,normal,shot_limited,4,中,T2 进阶组合,3,391,进阶组合/长期复现,100,首次教学后10-15关组合；同一精确组合至少间隔100关,组合关只增加机制交互，不同时大幅减少发射数。,G01|G02|B04|N09|C02,G01 同关最多2种机制、3种特殊球类型；特殊实体ID与坐标必须唯一，且只能配置在layout的空位'.'。；G02 组合表只判定机制类型能否共存；具体行列、数量、颜色、通道和目标仍必须通过LevelConfigLoader及专项校验器。；B04 爆破球必须处于可击打或可掉落位置。；N09 花苞球必须位于合法特殊实体空位，并保留可触发的相邻消除路径。；C02 新增机制与基础机制允许组合；两个新增机制之间不进入正式组合池。
C0118,双机制,2,blast,爆破球机制,level.specialEntities[]: skill_ball/blast,multi_rescue,多精灵救援机制,level.multiTrappedSpiritRescue.targets[],1,blast,爆破球,level.specialEntities[]: skill_ball/blast,,,,,,,multi_trapped_spirit_rescue,shot_limited,5,中,F 固定/系统排期,0,411,多救援后期组合,100,首次教学后10-15关组合；同一精确组合至少间隔100关,权重为0，不进入普通随机池，必须由对应模式或系统策略显式排期。,G01|G02|B04|N10|C02,G01 同关最多2种机制、3种特殊球类型；特殊实体ID与坐标必须唯一，且只能配置在layout的空位'.'。；G02 组合表只判定机制类型能否共存；具体行列、数量、颜色、通道和目标仍必须通过LevelConfigLoader及专项校验器。；B04 爆破球必须处于可击打或可掉落位置。；N10 多精灵救援必须配置2至7个不重复目标；目标位于顶部第2至6行(row=1..5)、目标格为'.'且邻接可消除普通球。；C02 新增机制与基础机制允许组合；两个新增机制之间不进入正式组合池。
C0119,双机制,2,blast,爆破球机制,level.specialEntities[]: skill_ball/blast,color_cloud,彩云机制,level.colorClouds[],1,blast,爆破球,level.specialEntities[]: skill_ball/blast,,,,,,,normal,shot_limited,4,中,T2 进阶组合,3,421,进阶组合/长期复现,100,首次教学后10-15关组合；同一精确组合至少间隔100关,组合关只增加机制交互，不同时大幅减少发射数。,G01|G02|B04|N11|C02,G01 同关最多2种机制、3种特殊球类型；特殊实体ID与坐标必须唯一，且只能配置在layout的空位'.'。；G02 组合表只判定机制类型能否共存；具体行列、数量、颜色、通道和目标仍必须通过LevelConfigLoader及专项校验器。；B04 爆破球必须处于可击打或可掉落位置。；N11 彩云必须完整配置visible、position、hitDispearTime、startTime、speed、color六字段，且color属于本关颜色或RAINBOW。；C02 新增机制与基础机制允许组合；两个新增机制之间不进入正式组合池。
C0120,双机制,2,blast,爆破球机制,level.specialEntities[]: skill_ball/blast,spider,蜘蛛机制,level.spiderRows[],1,blast,爆破球,level.specialEntities[]: skill_ball/blast,,,,,,,normal,shot_limited,5,中,T2 进阶组合,3,431,进阶组合/长期复现,100,首次教学后10-15关组合；同一精确组合至少间隔100关,组合关只增加机制交互，不同时大幅减少发射数。,G01|G02|B04|N12|C02,G01 同关最多2种机制、3种特殊球类型；特殊实体ID与坐标必须唯一，且只能配置在layout的空位'.'。；G02 组合表只判定机制类型能否共存；具体行列、数量、颜色、通道和目标仍必须通过LevelConfigLoader及专项校验器。；B04 爆破球必须处于可击打或可掉落位置。；N12 蜘蛛锚点必须是普通球，不得与特殊实体或附件重叠；同排蜘蛛共用lockRowId且lockRowId不得跨行。；C02 新增机制与基础机制允许组合；两个新增机制之间不进入正式组合池。
C0121,双机制,2,blast,爆破球机制,level.specialEntities[]: skill_ball/blast,wind_tunnel,风眼机制,level.specialEntities[]: reactive_ball/wind_tunnel_entrance + wind_tunnel_exit,3,blast,爆破球,level.specialEntities[]: skill_ball/blast,wind_tunnel_entrance,风眼入口,level.specialEntities[]: reactive_ball/wind_tunnel_entrance,wind_tunnel_exit,风眼出口,level.specialEntities[]: reactive_ball/wind_tunnel_exit,normal,shot_limited,5,中,T2 进阶组合,3,441,进阶组合/长期复现,100,首次教学后10-15关组合；同一精确组合至少间隔100关,已达到3种特殊球上限，只能在两种机制均已完成教学后投放。,G01|G02|B04|N13|C02,G01 同关最多2种机制、3种特殊球类型；特殊实体ID与坐标必须唯一，且只能配置在layout的空位'.'。；G02 组合表只判定机制类型能否共存；具体行列、数量、颜色、通道和目标仍必须通过LevelConfigLoader及专项校验器。；B04 爆破球必须处于可击打或可掉落位置。；N13 风眼必须恰好1个入口且至少2个出口；入口可命中，出口坐标有效且不得与其他特殊实体重叠。；C02 新增机制与基础机制允许组合；两个新增机制之间不进入正式组合池。
C0122,双机制,2,blast,爆破球机制,level.specialEntities[]: skill_ball/blast,rainbow_prism,彩虹棱镜球机制,level.initialPowerups.rainbow_prism_ball,1,blast,爆破球,level.specialEntities[]: skill_ball/blast,,,,,,,normal,shot_limited,4,中,T2 进阶组合,3,451,进阶组合/长期复现,100,首次教学后10-15关组合；同一精确组合至少间隔100关,组合关只增加机制交互，不同时大幅减少发射数。,G01|G02|B04|N14|C02,G01 同关最多2种机制、3种特殊球类型；特殊实体ID与坐标必须唯一，且只能配置在layout的空位'.'。；G02 组合表只判定机制类型能否共存；具体行列、数量、颜色、通道和目标仍必须通过LevelConfigLoader及专项校验器。；B04 爆破球必须处于可击打或可掉落位置。；N14 彩虹棱镜球通过initialPowerups.rainbow_prism_ball配置，不写入棋盘specialEntities。；C02 新增机制与基础机制允许组合；两个新增机制之间不进入正式组合池。
C0123,双机制,2,blast,爆破球机制,level.specialEntities[]: skill_ball/blast,board_occlusion,动态棋盘遮挡机制,level.boardOcclusionPlan,1,blast,爆破球,level.specialEntities[]: skill_ball/blast,,,,,,,normal,shot_limited,4,中,F 固定/系统排期,0,31,机制熟悉后的遮挡组合,50,按31关后遮挡覆盖策略；同一组合至少间隔50关,权重为0，不进入普通随机池，必须由对应模式或系统策略显式排期。,G01|G02|B04|M01|C03,G01 同关最多2种机制、3种特殊球类型；特殊实体ID与坐标必须唯一，且只能配置在layout的空位'.'。；G02 组合表只判定机制类型能否共存；具体行列、数量、颜色、通道和目标仍必须通过LevelConfigLoader及专项校验器。；B04 爆破球必须处于可击打或可掉落位置。；M01 动态遮挡不能覆盖特殊实体；限球关按发射数、限时关按秒清除；单目标和多目标救援均禁用。；C03 动态棋盘遮挡可与基础机制及除多精灵救援外的新增机制共存。
C0124,双机制,2,blast,爆破球机制,level.specialEntities[]: skill_ball/blast,timed_mode,限时模式,level.levelType + level.playMode + level.timeBonusBalls[],2,blast,爆破球,level.specialEntities[]: skill_ball/blast,time_bonus_ball,加时球,level.timeBonusBalls[],,,,special_floating_island,timed_infinite_shots,5,中,F 固定/系统排期,0,20,限时关搭档轮换,50,限时模式每10关；同一搭档至少间隔50关,权重为0，不进入普通随机池，必须由对应模式或系统策略显式排期。,G01|G02|B04|M02|C04,G01 同关最多2种机制、3种特殊球类型；特殊实体ID与坐标必须唯一，且只能配置在layout的空位'.'。；G02 组合表只判定机制类型能否共存；具体行列、数量、颜色、通道和目标仍必须通过LevelConfigLoader及专项校验器。；B04 爆破球必须处于可击打或可掉落位置。；M02 限时模式固定special_floating_island/timed_infinite_shots，必须配置2至5个加时球，每个bonusSeconds固定为5。；C04 限时模式只与基础机制或动态棋盘遮挡组合。
C0125,双机制,2,blast,爆破球机制,level.specialEntities[]: skill_ball/blast,single_rescue,单精灵救援机制,level.levelType + level.trappedSpriteRescue,1,blast,爆破球,level.specialEntities[]: skill_ball/blast,,,,,,,trapped_sprite_rescue,shot_limited,5,中,F 固定/系统排期,0,25,单救援白名单轮换,100,按章节固定救援关；同一搭档至少间隔100关,权重为0，不进入普通随机池，必须由对应模式或系统策略显式排期。,G01|G02|B04|M03|C05,G01 同关最多2种机制、3种特殊球类型；特殊实体ID与坐标必须唯一，且只能配置在layout的空位'.'。；G02 组合表只判定机制类型能否共存；具体行列、数量、颜色、通道和目标仍必须通过LevelConfigLoader及专项校验器。；B04 爆破球必须处于可击打或可掉落位置。；M03 单目标救援固定trapped_sprite_rescue/shot_limited，只允许彩虹、爆破、石、冰、漩涡、藤蔓六类棋盘特殊实体，并禁用计时与动态遮挡。；C05 单目标救援只与石、冰、彩虹、爆破、漩涡、藤蔓六种基础机制组合。
C0126,双机制,2,molotov,燃烧瓶机制,level.specialEntities[]: reactive_ball/molotov,splitter,分裂球机制,level.specialEntities[]: reactive_ball/splitter,2,molotov,燃烧瓶,level.specialEntities[]: reactive_ball/molotov,splitter,分裂球,level.specialEntities[]: reactive_ball/splitter,,,,normal,shot_limited,5,中,T2 进阶组合,3,66,进阶组合/长期复现,100,首次教学后10-15关组合；同一精确组合至少间隔100关,组合关只增加机制交互，不同时大幅减少发射数。,G01|G02|B05|B06|C01,G01 同关最多2种机制、3种特殊球类型；特殊实体ID与坐标必须唯一，且只能配置在layout的空位'.'。；G02 组合表只判定机制类型能否共存；具体行列、数量、颜色、通道和目标仍必须通过LevelConfigLoader及专项校验器。；B05 燃烧瓶blastRadius必须显式等于2。；B06 分裂球不得位于第0行；同关splitColor一致且与唯一collect_color目标一致，并至少保留一个合法六邻空位。；C01 基础机制之间允许组合，但不同结构必须使用不重叠的合法空间。
C0127,双机制,2,molotov,燃烧瓶机制,level.specialEntities[]: reactive_ball/molotov,swirl,漩涡球机制,level.specialEntities[]: reactive_ball/swirl,2,molotov,燃烧瓶,level.specialEntities[]: reactive_ball/molotov,swirl,漩涡球,level.specialEntities[]: reactive_ball/swirl,,,,normal,shot_limited,5,中,T2 进阶组合,3,46,进阶组合/长期复现,100,首次教学后10-15关组合；同一精确组合至少间隔100关,组合关只增加机制交互，不同时大幅减少发射数。,G01|G02|B05|B07|C01,G01 同关最多2种机制、3种特殊球类型；特殊实体ID与坐标必须唯一，且只能配置在layout的空位'.'。；G02 组合表只判定机制类型能否共存；具体行列、数量、颜色、通道和目标仍必须通过LevelConfigLoader及专项校验器。；B05 燃烧瓶blastRadius必须显式等于2。；B07 每个漩涡必须配置完整六邻轨道；轨道只允许普通球，且不得与其他特殊实体重叠。；C01 基础机制之间允许组合，但不同结构必须使用不重叠的合法空间。
C0128,双机制,2,molotov,燃烧瓶机制,level.specialEntities[]: reactive_ball/molotov,vine_spirit,藤蔓魔灵机制,level.specialEntities[]: reactive_ball/vine_spirit,2,molotov,燃烧瓶,level.specialEntities[]: reactive_ball/molotov,vine_spirit,藤蔓魔灵,level.specialEntities[]: reactive_ball/vine_spirit,,,,normal,shot_limited,5,中,T2 进阶组合,3,46,进阶组合/长期复现,100,首次教学后10-15关组合；同一精确组合至少间隔100关,组合关只增加机制交互，不同时大幅减少发射数。,G01|G02|B05|B08|C01,G01 同关最多2种机制、3种特殊球类型；特殊实体ID与坐标必须唯一，且只能配置在layout的空位'.'。；G02 组合表只判定机制类型能否共存；具体行列、数量、颜色、通道和目标仍必须通过LevelConfigLoader及专项校验器。；B05 燃烧瓶blastRadius必须显式等于2。；B08 藤蔓魔灵life固定为3，六邻缠绕与解除必须遵守藤蔓结算规则。；C01 基础机制之间允许组合，但不同结构必须使用不重叠的合法空间。
C0129,双机制,2,molotov,燃烧瓶机制,level.specialEntities[]: reactive_ball/molotov,wormhole,虫洞机制,level.specialEntities[]: reactive_ball/wormhole,2,molotov,燃烧瓶,level.specialEntities[]: reactive_ball/molotov,wormhole,虫洞,level.specialEntities[]: reactive_ball/wormhole,,,,normal,shot_limited,6,高,T3 考核组合,1,58,至少完成3次单机制体验后的考核,100,首次教学后10-15关组合；同一精确组合至少间隔100关,只用于后期考核；不得同时收紧发射数、提高数量和增加遮挡。,G01|G02|B05|B09|C01,G01 同关最多2种机制、3种特殊球类型；特殊实体ID与坐标必须唯一，且只能配置在layout的空位'.'。；G02 组合表只判定机制类型能否共存；具体行列、数量、颜色、通道和目标仍必须通过LevelConfigLoader及专项校验器。；B05 燃烧瓶blastRadius必须显式等于2。；B09 每组虫洞必须恰好2个同排同方向端点，严格内区间至少2格，且通道不得与漩涡等保留结构冲突。；C01 基础机制之间允许组合，但不同结构必须使用不重叠的合法空间。
C0130,双机制,2,molotov,燃烧瓶机制,level.specialEntities[]: reactive_ball/molotov,lock_chain,锁链机制,level.specialEntities[]: key_ball/key + locked_ball/locked,3,molotov,燃烧瓶,level.specialEntities[]: reactive_ball/molotov,key,钥匙,level.specialEntities[]: key_ball/key,locked,锁定球,level.specialEntities[]: locked_ball/locked,normal,shot_limited,6,高,T3 考核组合,1,87,至少完成3次单机制体验后的考核,100,首次教学后10-15关组合；同一精确组合至少间隔100关,只用于后期考核；不得同时收紧发射数、提高数量和增加遮挡。,G01|G02|B05|B10|C01,G01 同关最多2种机制、3种特殊球类型；特殊实体ID与坐标必须唯一，且只能配置在layout的空位'.'。；G02 组合表只判定机制类型能否共存；具体行列、数量、颜色、通道和目标仍必须通过LevelConfigLoader及专项校验器。；B05 燃烧瓶blastRadius必须显式等于2。；B10 每条锁链行必须恰好1把钥匙，其余格全部为锁定球；整行layout为'.'且不得放置其他特殊实体。；C01 基础机制之间允许组合，但不同结构必须使用不重叠的合法空间。
C0131,双机制,2,molotov,燃烧瓶机制,level.specialEntities[]: reactive_ball/molotov,black_hole,黑洞机制,level.specialEntities[]: hazard_ball/black_hole,2,molotov,燃烧瓶,level.specialEntities[]: reactive_ball/molotov,black_hole,黑洞,level.specialEntities[]: hazard_ball/black_hole,,,,normal,shot_limited,5,中,T2 进阶组合,3,311,进阶组合/长期复现,100,首次教学后10-15关组合；同一精确组合至少间隔100关,组合关只增加机制交互，不同时大幅减少发射数。,G01|G02|B05|N01|C02,G01 同关最多2种机制、3种特殊球类型；特殊实体ID与坐标必须唯一，且只能配置在layout的空位'.'。；G02 组合表只判定机制类型能否共存；具体行列、数量、颜色、通道和目标仍必须通过LevelConfigLoader及专项校验器。；B05 燃烧瓶blastRadius必须显式等于2。；N01 黑洞capacity必须显式等于3。；C02 新增机制与基础机制允许组合；两个新增机制之间不进入正式组合池。
C0132,双机制,2,molotov,燃烧瓶机制,level.specialEntities[]: reactive_ball/molotov,poison_attachment,毒液附着机制,level.cellAttachments[]: poison,1,molotov,燃烧瓶,level.specialEntities[]: reactive_ball/molotov,,,,,,,normal,shot_limited,5,中,T2 进阶组合,3,321,进阶组合/长期复现,100,首次教学后10-15关组合；同一精确组合至少间隔100关,组合关只增加机制交互，不同时大幅减少发射数。,G01|G02|B05|N02|C02,G01 同关最多2种机制、3种特殊球类型；特殊实体ID与坐标必须唯一，且只能配置在layout的空位'.'。；G02 组合表只判定机制类型能否共存；具体行列、数量、颜色、通道和目标仍必须通过LevelConfigLoader及专项校验器。；B05 燃烧瓶blastRadius必须显式等于2。；N02 毒液附件只能附着普通球，每格唯一，particleCount必须显式等于3。；C02 新增机制与基础机制允许组合；两个新增机制之间不进入正式组合池。
C0133,双机制,2,molotov,燃烧瓶机制,level.specialEntities[]: reactive_ball/molotov,spirit_cocoon,精灵茧机制,level.specialEntities[]: reactive_ball/spirit_cocoon,2,molotov,燃烧瓶,level.specialEntities[]: reactive_ball/molotov,spirit_cocoon,精灵茧,level.specialEntities[]: reactive_ball/spirit_cocoon,,,,normal,shot_limited,5,中,T2 进阶组合,3,331,进阶组合/长期复现,100,首次教学后10-15关组合；同一精确组合至少间隔100关,组合关只增加机制交互，不同时大幅减少发射数。,G01|G02|B05|N03|C02,G01 同关最多2种机制、3种特殊球类型；特殊实体ID与坐标必须唯一，且只能配置在layout的空位'.'。；G02 组合表只判定机制类型能否共存；具体行列、数量、颜色、通道和目标仍必须通过LevelConfigLoader及专项校验器。；B05 燃烧瓶blastRadius必须显式等于2。；N03 精灵茧必须位于合法特殊实体空位，并保留可触发的相邻消除路径。；C02 新增机制与基础机制允许组合；两个新增机制之间不进入正式组合池。
C0134,双机制,2,molotov,燃烧瓶机制,level.specialEntities[]: reactive_ball/molotov,ice_crystal_attachment,冰凌附着机制,level.cellAttachments[]: ice_crystal,1,molotov,燃烧瓶,level.specialEntities[]: reactive_ball/molotov,,,,,,,normal,shot_limited,5,中,T2 进阶组合,3,341,进阶组合/长期复现,100,首次教学后10-15关组合；同一精确组合至少间隔100关,组合关只增加机制交互，不同时大幅减少发射数。,G01|G02|B05|N04|C02,G01 同关最多2种机制、3种特殊球类型；特殊实体ID与坐标必须唯一，且只能配置在layout的空位'.'。；G02 组合表只判定机制类型能否共存；具体行列、数量、颜色、通道和目标仍必须通过LevelConfigLoader及专项校验器。；B05 燃烧瓶blastRadius必须显式等于2。；N04 冰凌附件只能附着普通球，每格唯一，且不得与其他附件重叠。；C02 新增机制与基础机制允许组合；两个新增机制之间不进入正式组合池。
C0135,双机制,2,molotov,燃烧瓶机制,level.specialEntities[]: reactive_ball/molotov,transparent_ball,透明球机制,level.specialEntities[]: reactive_ball/transparent_ball,2,molotov,燃烧瓶,level.specialEntities[]: reactive_ball/molotov,transparent_ball,透明球,level.specialEntities[]: reactive_ball/transparent_ball,,,,normal,shot_limited,5,中,T2 进阶组合,3,351,进阶组合/长期复现,100,首次教学后10-15关组合；同一精确组合至少间隔100关,组合关只增加机制交互，不同时大幅减少发射数。,G01|G02|B05|N05|C02,G01 同关最多2种机制、3种特殊球类型；特殊实体ID与坐标必须唯一，且只能配置在layout的空位'.'。；G02 组合表只判定机制类型能否共存；具体行列、数量、颜色、通道和目标仍必须通过LevelConfigLoader及专项校验器。；B05 燃烧瓶blastRadius必须显式等于2。；N05 透明球后方必须存在稳定合法碰撞终点；不得用于单目标救援关。；C02 新增机制与基础机制允许组合；两个新增机制之间不进入正式组合池。
C0136,双机制,2,molotov,燃烧瓶机制,level.specialEntities[]: reactive_ball/molotov,breeder,繁殖球机制,level.specialEntities[]: reactive_ball/breeder,2,molotov,燃烧瓶,level.specialEntities[]: reactive_ball/molotov,breeder,繁殖球,level.specialEntities[]: reactive_ball/breeder,,,,normal,shot_limited,5,中,T2 进阶组合,3,361,进阶组合/长期复现,100,首次教学后10-15关组合；同一精确组合至少间隔100关,组合关只增加机制交互，不同时大幅减少发射数。,G01|G02|B05|N06|C02,G01 同关最多2种机制、3种特殊球类型；特殊实体ID与坐标必须唯一，且只能配置在layout的空位'.'。；G02 组合表只判定机制类型能否共存；具体行列、数量、颜色、通道和目标仍必须通过LevelConfigLoader及专项校验器。；B05 燃烧瓶blastRadius必须显式等于2。；N06 繁殖球至少保留一个合法六邻空位。；C02 新增机制与基础机制允许组合；两个新增机制之间不进入正式组合池。
C0137,双机制,2,molotov,燃烧瓶机制,level.specialEntities[]: reactive_ball/molotov,bubble_shield_attachment,气泡护盾附着机制,level.cellAttachments[]: bubble_shield,1,molotov,燃烧瓶,level.specialEntities[]: reactive_ball/molotov,,,,,,,normal,shot_limited,5,中,T2 进阶组合,3,371,进阶组合/长期复现,100,首次教学后10-15关组合；同一精确组合至少间隔100关,组合关只增加机制交互，不同时大幅减少发射数。,G01|G02|B05|N07|C02,G01 同关最多2种机制、3种特殊球类型；特殊实体ID与坐标必须唯一，且只能配置在layout的空位'.'。；G02 组合表只判定机制类型能否共存；具体行列、数量、颜色、通道和目标仍必须通过LevelConfigLoader及专项校验器。；B05 燃烧瓶blastRadius必须显式等于2。；N07 气泡护盾附件只能附着普通球，每格唯一，且不得与其他附件重叠。；C02 新增机制与基础机制允许组合；两个新增机制之间不进入正式组合池。
C0138,双机制,2,molotov,燃烧瓶机制,level.specialEntities[]: reactive_ball/molotov,mine,地雷机制,level.specialEntities[]: hazard_ball/mine,2,molotov,燃烧瓶,level.specialEntities[]: reactive_ball/molotov,mine,地雷,level.specialEntities[]: hazard_ball/mine,,,,normal,shot_limited,6,高,T3 考核组合,1,381,至少完成3次单机制体验后的考核,100,首次教学后10-15关组合；同一精确组合至少间隔100关,只用于后期考核；不得同时收紧发射数、提高数量和增加遮挡。,G01|G02|B05|N08|C02,G01 同关最多2种机制、3种特殊球类型；特殊实体ID与坐标必须唯一，且只能配置在layout的空位'.'。；G02 组合表只判定机制类型能否共存；具体行列、数量、颜色、通道和目标仍必须通过LevelConfigLoader及专项校验器。；B05 燃烧瓶blastRadius必须显式等于2。；N08 地雷initialLife必须为正整数；正式生成标准为6。；C02 新增机制与基础机制允许组合；两个新增机制之间不进入正式组合池。
C0139,双机制,2,molotov,燃烧瓶机制,level.specialEntities[]: reactive_ball/molotov,bud,花苞球机制,level.specialEntities[]: reactive_ball/bud,2,molotov,燃烧瓶,level.specialEntities[]: reactive_ball/molotov,bud,花苞球,level.specialEntities[]: reactive_ball/bud,,,,normal,shot_limited,5,中,T2 进阶组合,3,391,进阶组合/长期复现,100,首次教学后10-15关组合；同一精确组合至少间隔100关,组合关只增加机制交互，不同时大幅减少发射数。,G01|G02|B05|N09|C02,G01 同关最多2种机制、3种特殊球类型；特殊实体ID与坐标必须唯一，且只能配置在layout的空位'.'。；G02 组合表只判定机制类型能否共存；具体行列、数量、颜色、通道和目标仍必须通过LevelConfigLoader及专项校验器。；B05 燃烧瓶blastRadius必须显式等于2。；N09 花苞球必须位于合法特殊实体空位，并保留可触发的相邻消除路径。；C02 新增机制与基础机制允许组合；两个新增机制之间不进入正式组合池。
C0140,双机制,2,molotov,燃烧瓶机制,level.specialEntities[]: reactive_ball/molotov,multi_rescue,多精灵救援机制,level.multiTrappedSpiritRescue.targets[],1,molotov,燃烧瓶,level.specialEntities[]: reactive_ball/molotov,,,,,,,multi_trapped_spirit_rescue,shot_limited,6,高,F 固定/系统排期,0,411,多救援后期组合,100,首次教学后10-15关组合；同一精确组合至少间隔100关,权重为0，不进入普通随机池，必须由对应模式或系统策略显式排期。,G01|G02|B05|N10|C02,G01 同关最多2种机制、3种特殊球类型；特殊实体ID与坐标必须唯一，且只能配置在layout的空位'.'。；G02 组合表只判定机制类型能否共存；具体行列、数量、颜色、通道和目标仍必须通过LevelConfigLoader及专项校验器。；B05 燃烧瓶blastRadius必须显式等于2。；N10 多精灵救援必须配置2至7个不重复目标；目标位于顶部第2至6行(row=1..5)、目标格为'.'且邻接可消除普通球。；C02 新增机制与基础机制允许组合；两个新增机制之间不进入正式组合池。
C0141,双机制,2,molotov,燃烧瓶机制,level.specialEntities[]: reactive_ball/molotov,color_cloud,彩云机制,level.colorClouds[],1,molotov,燃烧瓶,level.specialEntities[]: reactive_ball/molotov,,,,,,,normal,shot_limited,5,中,T2 进阶组合,3,421,进阶组合/长期复现,100,首次教学后10-15关组合；同一精确组合至少间隔100关,组合关只增加机制交互，不同时大幅减少发射数。,G01|G02|B05|N11|C02,G01 同关最多2种机制、3种特殊球类型；特殊实体ID与坐标必须唯一，且只能配置在layout的空位'.'。；G02 组合表只判定机制类型能否共存；具体行列、数量、颜色、通道和目标仍必须通过LevelConfigLoader及专项校验器。；B05 燃烧瓶blastRadius必须显式等于2。；N11 彩云必须完整配置visible、position、hitDispearTime、startTime、speed、color六字段，且color属于本关颜色或RAINBOW。；C02 新增机制与基础机制允许组合；两个新增机制之间不进入正式组合池。
C0142,双机制,2,molotov,燃烧瓶机制,level.specialEntities[]: reactive_ball/molotov,spider,蜘蛛机制,level.spiderRows[],1,molotov,燃烧瓶,level.specialEntities[]: reactive_ball/molotov,,,,,,,normal,shot_limited,6,高,T3 考核组合,1,431,至少完成3次单机制体验后的考核,100,首次教学后10-15关组合；同一精确组合至少间隔100关,只用于后期考核；不得同时收紧发射数、提高数量和增加遮挡。,G01|G02|B05|N12|C02,G01 同关最多2种机制、3种特殊球类型；特殊实体ID与坐标必须唯一，且只能配置在layout的空位'.'。；G02 组合表只判定机制类型能否共存；具体行列、数量、颜色、通道和目标仍必须通过LevelConfigLoader及专项校验器。；B05 燃烧瓶blastRadius必须显式等于2。；N12 蜘蛛锚点必须是普通球，不得与特殊实体或附件重叠；同排蜘蛛共用lockRowId且lockRowId不得跨行。；C02 新增机制与基础机制允许组合；两个新增机制之间不进入正式组合池。
C0143,双机制,2,molotov,燃烧瓶机制,level.specialEntities[]: reactive_ball/molotov,wind_tunnel,风眼机制,level.specialEntities[]: reactive_ball/wind_tunnel_entrance + wind_tunnel_exit,3,molotov,燃烧瓶,level.specialEntities[]: reactive_ball/molotov,wind_tunnel_entrance,风眼入口,level.specialEntities[]: reactive_ball/wind_tunnel_entrance,wind_tunnel_exit,风眼出口,level.specialEntities[]: reactive_ball/wind_tunnel_exit,normal,shot_limited,6,高,T3 考核组合,1,441,至少完成3次单机制体验后的考核,100,首次教学后10-15关组合；同一精确组合至少间隔100关,只用于后期考核；不得同时收紧发射数、提高数量和增加遮挡。,G01|G02|B05|N13|C02,G01 同关最多2种机制、3种特殊球类型；特殊实体ID与坐标必须唯一，且只能配置在layout的空位'.'。；G02 组合表只判定机制类型能否共存；具体行列、数量、颜色、通道和目标仍必须通过LevelConfigLoader及专项校验器。；B05 燃烧瓶blastRadius必须显式等于2。；N13 风眼必须恰好1个入口且至少2个出口；入口可命中，出口坐标有效且不得与其他特殊实体重叠。；C02 新增机制与基础机制允许组合；两个新增机制之间不进入正式组合池。
C0144,双机制,2,molotov,燃烧瓶机制,level.specialEntities[]: reactive_ball/molotov,rainbow_prism,彩虹棱镜球机制,level.initialPowerups.rainbow_prism_ball,1,molotov,燃烧瓶,level.specialEntities[]: reactive_ball/molotov,,,,,,,normal,shot_limited,5,中,T2 进阶组合,3,451,进阶组合/长期复现,100,首次教学后10-15关组合；同一精确组合至少间隔100关,组合关只增加机制交互，不同时大幅减少发射数。,G01|G02|B05|N14|C02,G01 同关最多2种机制、3种特殊球类型；特殊实体ID与坐标必须唯一，且只能配置在layout的空位'.'。；G02 组合表只判定机制类型能否共存；具体行列、数量、颜色、通道和目标仍必须通过LevelConfigLoader及专项校验器。；B05 燃烧瓶blastRadius必须显式等于2。；N14 彩虹棱镜球通过initialPowerups.rainbow_prism_ball配置，不写入棋盘specialEntities。；C02 新增机制与基础机制允许组合；两个新增机制之间不进入正式组合池。
C0145,双机制,2,molotov,燃烧瓶机制,level.specialEntities[]: reactive_ball/molotov,board_occlusion,动态棋盘遮挡机制,level.boardOcclusionPlan,1,molotov,燃烧瓶,level.specialEntities[]: reactive_ball/molotov,,,,,,,normal,shot_limited,5,中,F 固定/系统排期,0,46,机制熟悉后的遮挡组合,50,按31关后遮挡覆盖策略；同一组合至少间隔50关,权重为0，不进入普通随机池，必须由对应模式或系统策略显式排期。,G01|G02|B05|M01|C03,G01 同关最多2种机制、3种特殊球类型；特殊实体ID与坐标必须唯一，且只能配置在layout的空位'.'。；G02 组合表只判定机制类型能否共存；具体行列、数量、颜色、通道和目标仍必须通过LevelConfigLoader及专项校验器。；B05 燃烧瓶blastRadius必须显式等于2。；M01 动态遮挡不能覆盖特殊实体；限球关按发射数、限时关按秒清除；单目标和多目标救援均禁用。；C03 动态棋盘遮挡可与基础机制及除多精灵救援外的新增机制共存。
C0146,双机制,2,molotov,燃烧瓶机制,level.specialEntities[]: reactive_ball/molotov,timed_mode,限时模式,level.levelType + level.playMode + level.timeBonusBalls[],2,molotov,燃烧瓶,level.specialEntities[]: reactive_ball/molotov,time_bonus_ball,加时球,level.timeBonusBalls[],,,,special_floating_island,timed_infinite_shots,6,高,F 固定/系统排期,0,50,限时关搭档轮换,50,限时模式每10关；同一搭档至少间隔50关,权重为0，不进入普通随机池，必须由对应模式或系统策略显式排期。,G01|G02|B05|M02|C04,G01 同关最多2种机制、3种特殊球类型；特殊实体ID与坐标必须唯一，且只能配置在layout的空位'.'。；G02 组合表只判定机制类型能否共存；具体行列、数量、颜色、通道和目标仍必须通过LevelConfigLoader及专项校验器。；B05 燃烧瓶blastRadius必须显式等于2。；M02 限时模式固定special_floating_island/timed_infinite_shots，必须配置2至5个加时球，每个bonusSeconds固定为5。；C04 限时模式只与基础机制或动态棋盘遮挡组合。
C0147,双机制,2,splitter,分裂球机制,level.specialEntities[]: reactive_ball/splitter,swirl,漩涡球机制,level.specialEntities[]: reactive_ball/swirl,2,splitter,分裂球,level.specialEntities[]: reactive_ball/splitter,swirl,漩涡球,level.specialEntities[]: reactive_ball/swirl,,,,normal,shot_limited,5,中,T2 进阶组合,3,66,进阶组合/长期复现,100,首次教学后10-15关组合；同一精确组合至少间隔100关,组合关只增加机制交互，不同时大幅减少发射数。,G01|G02|B06|B07|C01,G01 同关最多2种机制、3种特殊球类型；特殊实体ID与坐标必须唯一，且只能配置在layout的空位'.'。；G02 组合表只判定机制类型能否共存；具体行列、数量、颜色、通道和目标仍必须通过LevelConfigLoader及专项校验器。；B06 分裂球不得位于第0行；同关splitColor一致且与唯一collect_color目标一致，并至少保留一个合法六邻空位。；B07 每个漩涡必须配置完整六邻轨道；轨道只允许普通球，且不得与其他特殊实体重叠。；C01 基础机制之间允许组合，但不同结构必须使用不重叠的合法空间。
C0148,双机制,2,splitter,分裂球机制,level.specialEntities[]: reactive_ball/splitter,vine_spirit,藤蔓魔灵机制,level.specialEntities[]: reactive_ball/vine_spirit,2,splitter,分裂球,level.specialEntities[]: reactive_ball/splitter,vine_spirit,藤蔓魔灵,level.specialEntities[]: reactive_ball/vine_spirit,,,,normal,shot_limited,5,中,T2 进阶组合,3,66,进阶组合/长期复现,100,首次教学后10-15关组合；同一精确组合至少间隔100关,组合关只增加机制交互，不同时大幅减少发射数。,G01|G02|B06|B08|C01,G01 同关最多2种机制、3种特殊球类型；特殊实体ID与坐标必须唯一，且只能配置在layout的空位'.'。；G02 组合表只判定机制类型能否共存；具体行列、数量、颜色、通道和目标仍必须通过LevelConfigLoader及专项校验器。；B06 分裂球不得位于第0行；同关splitColor一致且与唯一collect_color目标一致，并至少保留一个合法六邻空位。；B08 藤蔓魔灵life固定为3，六邻缠绕与解除必须遵守藤蔓结算规则。；C01 基础机制之间允许组合，但不同结构必须使用不重叠的合法空间。
C0149,双机制,2,splitter,分裂球机制,level.specialEntities[]: reactive_ball/splitter,wormhole,虫洞机制,level.specialEntities[]: reactive_ball/wormhole,2,splitter,分裂球,level.specialEntities[]: reactive_ball/splitter,wormhole,虫洞,level.specialEntities[]: reactive_ball/wormhole,,,,normal,shot_limited,6,高,T3 考核组合,1,66,至少完成3次单机制体验后的考核,100,首次教学后10-15关组合；同一精确组合至少间隔100关,只用于后期考核；不得同时收紧发射数、提高数量和增加遮挡。,G01|G02|B06|B09|C01,G01 同关最多2种机制、3种特殊球类型；特殊实体ID与坐标必须唯一，且只能配置在layout的空位'.'。；G02 组合表只判定机制类型能否共存；具体行列、数量、颜色、通道和目标仍必须通过LevelConfigLoader及专项校验器。；B06 分裂球不得位于第0行；同关splitColor一致且与唯一collect_color目标一致，并至少保留一个合法六邻空位。；B09 每组虫洞必须恰好2个同排同方向端点，严格内区间至少2格，且通道不得与漩涡等保留结构冲突。；C01 基础机制之间允许组合，但不同结构必须使用不重叠的合法空间。
C0150,双机制,2,splitter,分裂球机制,level.specialEntities[]: reactive_ball/splitter,lock_chain,锁链机制,level.specialEntities[]: key_ball/key + locked_ball/locked,3,splitter,分裂球,level.specialEntities[]: reactive_ball/splitter,key,钥匙,level.specialEntities[]: key_ball/key,locked,锁定球,level.specialEntities[]: locked_ball/locked,normal,shot_limited,6,高,T3 考核组合,1,87,至少完成3次单机制体验后的考核,100,首次教学后10-15关组合；同一精确组合至少间隔100关,只用于后期考核；不得同时收紧发射数、提高数量和增加遮挡。,G01|G02|B06|B10|C01,G01 同关最多2种机制、3种特殊球类型；特殊实体ID与坐标必须唯一，且只能配置在layout的空位'.'。；G02 组合表只判定机制类型能否共存；具体行列、数量、颜色、通道和目标仍必须通过LevelConfigLoader及专项校验器。；B06 分裂球不得位于第0行；同关splitColor一致且与唯一collect_color目标一致，并至少保留一个合法六邻空位。；B10 每条锁链行必须恰好1把钥匙，其余格全部为锁定球；整行layout为'.'且不得放置其他特殊实体。；C01 基础机制之间允许组合，但不同结构必须使用不重叠的合法空间。
C0151,双机制,2,splitter,分裂球机制,level.specialEntities[]: reactive_ball/splitter,black_hole,黑洞机制,level.specialEntities[]: hazard_ball/black_hole,2,splitter,分裂球,level.specialEntities[]: reactive_ball/splitter,black_hole,黑洞,level.specialEntities[]: hazard_ball/black_hole,,,,normal,shot_limited,5,中,T2 进阶组合,3,311,进阶组合/长期复现,100,首次教学后10-15关组合；同一精确组合至少间隔100关,组合关只增加机制交互，不同时大幅减少发射数。,G01|G02|B06|N01|C02,G01 同关最多2种机制、3种特殊球类型；特殊实体ID与坐标必须唯一，且只能配置在layout的空位'.'。；G02 组合表只判定机制类型能否共存；具体行列、数量、颜色、通道和目标仍必须通过LevelConfigLoader及专项校验器。；B06 分裂球不得位于第0行；同关splitColor一致且与唯一collect_color目标一致，并至少保留一个合法六邻空位。；N01 黑洞capacity必须显式等于3。；C02 新增机制与基础机制允许组合；两个新增机制之间不进入正式组合池。
C0152,双机制,2,splitter,分裂球机制,level.specialEntities[]: reactive_ball/splitter,poison_attachment,毒液附着机制,level.cellAttachments[]: poison,1,splitter,分裂球,level.specialEntities[]: reactive_ball/splitter,,,,,,,normal,shot_limited,5,中,T2 进阶组合,3,321,进阶组合/长期复现,100,首次教学后10-15关组合；同一精确组合至少间隔100关,组合关只增加机制交互，不同时大幅减少发射数。,G01|G02|B06|N02|C02,G01 同关最多2种机制、3种特殊球类型；特殊实体ID与坐标必须唯一，且只能配置在layout的空位'.'。；G02 组合表只判定机制类型能否共存；具体行列、数量、颜色、通道和目标仍必须通过LevelConfigLoader及专项校验器。；B06 分裂球不得位于第0行；同关splitColor一致且与唯一collect_color目标一致，并至少保留一个合法六邻空位。；N02 毒液附件只能附着普通球，每格唯一，particleCount必须显式等于3。；C02 新增机制与基础机制允许组合；两个新增机制之间不进入正式组合池。
C0153,双机制,2,splitter,分裂球机制,level.specialEntities[]: reactive_ball/splitter,spirit_cocoon,精灵茧机制,level.specialEntities[]: reactive_ball/spirit_cocoon,2,splitter,分裂球,level.specialEntities[]: reactive_ball/splitter,spirit_cocoon,精灵茧,level.specialEntities[]: reactive_ball/spirit_cocoon,,,,normal,shot_limited,5,中,T2 进阶组合,3,331,进阶组合/长期复现,100,首次教学后10-15关组合；同一精确组合至少间隔100关,组合关只增加机制交互，不同时大幅减少发射数。,G01|G02|B06|N03|C02,G01 同关最多2种机制、3种特殊球类型；特殊实体ID与坐标必须唯一，且只能配置在layout的空位'.'。；G02 组合表只判定机制类型能否共存；具体行列、数量、颜色、通道和目标仍必须通过LevelConfigLoader及专项校验器。；B06 分裂球不得位于第0行；同关splitColor一致且与唯一collect_color目标一致，并至少保留一个合法六邻空位。；N03 精灵茧必须位于合法特殊实体空位，并保留可触发的相邻消除路径。；C02 新增机制与基础机制允许组合；两个新增机制之间不进入正式组合池。
C0154,双机制,2,splitter,分裂球机制,level.specialEntities[]: reactive_ball/splitter,ice_crystal_attachment,冰凌附着机制,level.cellAttachments[]: ice_crystal,1,splitter,分裂球,level.specialEntities[]: reactive_ball/splitter,,,,,,,normal,shot_limited,5,中,T2 进阶组合,3,341,进阶组合/长期复现,100,首次教学后10-15关组合；同一精确组合至少间隔100关,组合关只增加机制交互，不同时大幅减少发射数。,G01|G02|B06|N04|C02,G01 同关最多2种机制、3种特殊球类型；特殊实体ID与坐标必须唯一，且只能配置在layout的空位'.'。；G02 组合表只判定机制类型能否共存；具体行列、数量、颜色、通道和目标仍必须通过LevelConfigLoader及专项校验器。；B06 分裂球不得位于第0行；同关splitColor一致且与唯一collect_color目标一致，并至少保留一个合法六邻空位。；N04 冰凌附件只能附着普通球，每格唯一，且不得与其他附件重叠。；C02 新增机制与基础机制允许组合；两个新增机制之间不进入正式组合池。
C0155,双机制,2,splitter,分裂球机制,level.specialEntities[]: reactive_ball/splitter,transparent_ball,透明球机制,level.specialEntities[]: reactive_ball/transparent_ball,2,splitter,分裂球,level.specialEntities[]: reactive_ball/splitter,transparent_ball,透明球,level.specialEntities[]: reactive_ball/transparent_ball,,,,normal,shot_limited,5,中,T2 进阶组合,3,351,进阶组合/长期复现,100,首次教学后10-15关组合；同一精确组合至少间隔100关,组合关只增加机制交互，不同时大幅减少发射数。,G01|G02|B06|N05|C02,G01 同关最多2种机制、3种特殊球类型；特殊实体ID与坐标必须唯一，且只能配置在layout的空位'.'。；G02 组合表只判定机制类型能否共存；具体行列、数量、颜色、通道和目标仍必须通过LevelConfigLoader及专项校验器。；B06 分裂球不得位于第0行；同关splitColor一致且与唯一collect_color目标一致，并至少保留一个合法六邻空位。；N05 透明球后方必须存在稳定合法碰撞终点；不得用于单目标救援关。；C02 新增机制与基础机制允许组合；两个新增机制之间不进入正式组合池。
C0156,双机制,2,splitter,分裂球机制,level.specialEntities[]: reactive_ball/splitter,breeder,繁殖球机制,level.specialEntities[]: reactive_ball/breeder,2,splitter,分裂球,level.specialEntities[]: reactive_ball/splitter,breeder,繁殖球,level.specialEntities[]: reactive_ball/breeder,,,,normal,shot_limited,5,中,T2 进阶组合,3,361,进阶组合/长期复现,100,首次教学后10-15关组合；同一精确组合至少间隔100关,组合关只增加机制交互，不同时大幅减少发射数。,G01|G02|B06|N06|C02,G01 同关最多2种机制、3种特殊球类型；特殊实体ID与坐标必须唯一，且只能配置在layout的空位'.'。；G02 组合表只判定机制类型能否共存；具体行列、数量、颜色、通道和目标仍必须通过LevelConfigLoader及专项校验器。；B06 分裂球不得位于第0行；同关splitColor一致且与唯一collect_color目标一致，并至少保留一个合法六邻空位。；N06 繁殖球至少保留一个合法六邻空位。；C02 新增机制与基础机制允许组合；两个新增机制之间不进入正式组合池。
C0157,双机制,2,splitter,分裂球机制,level.specialEntities[]: reactive_ball/splitter,bubble_shield_attachment,气泡护盾附着机制,level.cellAttachments[]: bubble_shield,1,splitter,分裂球,level.specialEntities[]: reactive_ball/splitter,,,,,,,normal,shot_limited,5,中,T2 进阶组合,3,371,进阶组合/长期复现,100,首次教学后10-15关组合；同一精确组合至少间隔100关,组合关只增加机制交互，不同时大幅减少发射数。,G01|G02|B06|N07|C02,G01 同关最多2种机制、3种特殊球类型；特殊实体ID与坐标必须唯一，且只能配置在layout的空位'.'。；G02 组合表只判定机制类型能否共存；具体行列、数量、颜色、通道和目标仍必须通过LevelConfigLoader及专项校验器。；B06 分裂球不得位于第0行；同关splitColor一致且与唯一collect_color目标一致，并至少保留一个合法六邻空位。；N07 气泡护盾附件只能附着普通球，每格唯一，且不得与其他附件重叠。；C02 新增机制与基础机制允许组合；两个新增机制之间不进入正式组合池。
C0158,双机制,2,splitter,分裂球机制,level.specialEntities[]: reactive_ball/splitter,mine,地雷机制,level.specialEntities[]: hazard_ball/mine,2,splitter,分裂球,level.specialEntities[]: reactive_ball/splitter,mine,地雷,level.specialEntities[]: hazard_ball/mine,,,,normal,shot_limited,6,高,T3 考核组合,1,381,至少完成3次单机制体验后的考核,100,首次教学后10-15关组合；同一精确组合至少间隔100关,只用于后期考核；不得同时收紧发射数、提高数量和增加遮挡。,G01|G02|B06|N08|C02,G01 同关最多2种机制、3种特殊球类型；特殊实体ID与坐标必须唯一，且只能配置在layout的空位'.'。；G02 组合表只判定机制类型能否共存；具体行列、数量、颜色、通道和目标仍必须通过LevelConfigLoader及专项校验器。；B06 分裂球不得位于第0行；同关splitColor一致且与唯一collect_color目标一致，并至少保留一个合法六邻空位。；N08 地雷initialLife必须为正整数；正式生成标准为6。；C02 新增机制与基础机制允许组合；两个新增机制之间不进入正式组合池。
C0159,双机制,2,splitter,分裂球机制,level.specialEntities[]: reactive_ball/splitter,bud,花苞球机制,level.specialEntities[]: reactive_ball/bud,2,splitter,分裂球,level.specialEntities[]: reactive_ball/splitter,bud,花苞球,level.specialEntities[]: reactive_ball/bud,,,,normal,shot_limited,5,中,T2 进阶组合,3,391,进阶组合/长期复现,100,首次教学后10-15关组合；同一精确组合至少间隔100关,组合关只增加机制交互，不同时大幅减少发射数。,G01|G02|B06|N09|C02,G01 同关最多2种机制、3种特殊球类型；特殊实体ID与坐标必须唯一，且只能配置在layout的空位'.'。；G02 组合表只判定机制类型能否共存；具体行列、数量、颜色、通道和目标仍必须通过LevelConfigLoader及专项校验器。；B06 分裂球不得位于第0行；同关splitColor一致且与唯一collect_color目标一致，并至少保留一个合法六邻空位。；N09 花苞球必须位于合法特殊实体空位，并保留可触发的相邻消除路径。；C02 新增机制与基础机制允许组合；两个新增机制之间不进入正式组合池。
C0160,双机制,2,splitter,分裂球机制,level.specialEntities[]: reactive_ball/splitter,color_cloud,彩云机制,level.colorClouds[],1,splitter,分裂球,level.specialEntities[]: reactive_ball/splitter,,,,,,,normal,shot_limited,5,中,T2 进阶组合,3,421,进阶组合/长期复现,100,首次教学后10-15关组合；同一精确组合至少间隔100关,组合关只增加机制交互，不同时大幅减少发射数。,G01|G02|B06|N11|C02,G01 同关最多2种机制、3种特殊球类型；特殊实体ID与坐标必须唯一，且只能配置在layout的空位'.'。；G02 组合表只判定机制类型能否共存；具体行列、数量、颜色、通道和目标仍必须通过LevelConfigLoader及专项校验器。；B06 分裂球不得位于第0行；同关splitColor一致且与唯一collect_color目标一致，并至少保留一个合法六邻空位。；N11 彩云必须完整配置visible、position、hitDispearTime、startTime、speed、color六字段，且color属于本关颜色或RAINBOW。；C02 新增机制与基础机制允许组合；两个新增机制之间不进入正式组合池。
C0161,双机制,2,splitter,分裂球机制,level.specialEntities[]: reactive_ball/splitter,spider,蜘蛛机制,level.spiderRows[],1,splitter,分裂球,level.specialEntities[]: reactive_ball/splitter,,,,,,,normal,shot_limited,6,高,T3 考核组合,1,431,至少完成3次单机制体验后的考核,100,首次教学后10-15关组合；同一精确组合至少间隔100关,只用于后期考核；不得同时收紧发射数、提高数量和增加遮挡。,G01|G02|B06|N12|C02,G01 同关最多2种机制、3种特殊球类型；特殊实体ID与坐标必须唯一，且只能配置在layout的空位'.'。；G02 组合表只判定机制类型能否共存；具体行列、数量、颜色、通道和目标仍必须通过LevelConfigLoader及专项校验器。；B06 分裂球不得位于第0行；同关splitColor一致且与唯一collect_color目标一致，并至少保留一个合法六邻空位。；N12 蜘蛛锚点必须是普通球，不得与特殊实体或附件重叠；同排蜘蛛共用lockRowId且lockRowId不得跨行。；C02 新增机制与基础机制允许组合；两个新增机制之间不进入正式组合池。
C0162,双机制,2,splitter,分裂球机制,level.specialEntities[]: reactive_ball/splitter,wind_tunnel,风眼机制,level.specialEntities[]: reactive_ball/wind_tunnel_entrance + wind_tunnel_exit,3,splitter,分裂球,level.specialEntities[]: reactive_ball/splitter,wind_tunnel_entrance,风眼入口,level.specialEntities[]: reactive_ball/wind_tunnel_entrance,wind_tunnel_exit,风眼出口,level.specialEntities[]: reactive_ball/wind_tunnel_exit,normal,shot_limited,6,高,T3 考核组合,1,441,至少完成3次单机制体验后的考核,100,首次教学后10-15关组合；同一精确组合至少间隔100关,只用于后期考核；不得同时收紧发射数、提高数量和增加遮挡。,G01|G02|B06|N13|C02,G01 同关最多2种机制、3种特殊球类型；特殊实体ID与坐标必须唯一，且只能配置在layout的空位'.'。；G02 组合表只判定机制类型能否共存；具体行列、数量、颜色、通道和目标仍必须通过LevelConfigLoader及专项校验器。；B06 分裂球不得位于第0行；同关splitColor一致且与唯一collect_color目标一致，并至少保留一个合法六邻空位。；N13 风眼必须恰好1个入口且至少2个出口；入口可命中，出口坐标有效且不得与其他特殊实体重叠。；C02 新增机制与基础机制允许组合；两个新增机制之间不进入正式组合池。
C0163,双机制,2,splitter,分裂球机制,level.specialEntities[]: reactive_ball/splitter,rainbow_prism,彩虹棱镜球机制,level.initialPowerups.rainbow_prism_ball,1,splitter,分裂球,level.specialEntities[]: reactive_ball/splitter,,,,,,,normal,shot_limited,5,中,T2 进阶组合,3,451,进阶组合/长期复现,100,首次教学后10-15关组合；同一精确组合至少间隔100关,组合关只增加机制交互，不同时大幅减少发射数。,G01|G02|B06|N14|C02,G01 同关最多2种机制、3种特殊球类型；特殊实体ID与坐标必须唯一，且只能配置在layout的空位'.'。；G02 组合表只判定机制类型能否共存；具体行列、数量、颜色、通道和目标仍必须通过LevelConfigLoader及专项校验器。；B06 分裂球不得位于第0行；同关splitColor一致且与唯一collect_color目标一致，并至少保留一个合法六邻空位。；N14 彩虹棱镜球通过initialPowerups.rainbow_prism_ball配置，不写入棋盘specialEntities。；C02 新增机制与基础机制允许组合；两个新增机制之间不进入正式组合池。
C0164,双机制,2,splitter,分裂球机制,level.specialEntities[]: reactive_ball/splitter,board_occlusion,动态棋盘遮挡机制,level.boardOcclusionPlan,1,splitter,分裂球,level.specialEntities[]: reactive_ball/splitter,,,,,,,normal,shot_limited,5,中,F 固定/系统排期,0,66,机制熟悉后的遮挡组合,50,按31关后遮挡覆盖策略；同一组合至少间隔50关,权重为0，不进入普通随机池，必须由对应模式或系统策略显式排期。,G01|G02|B06|M01|C03,G01 同关最多2种机制、3种特殊球类型；特殊实体ID与坐标必须唯一，且只能配置在layout的空位'.'。；G02 组合表只判定机制类型能否共存；具体行列、数量、颜色、通道和目标仍必须通过LevelConfigLoader及专项校验器。；B06 分裂球不得位于第0行；同关splitColor一致且与唯一collect_color目标一致，并至少保留一个合法六邻空位。；M01 动态遮挡不能覆盖特殊实体；限球关按发射数、限时关按秒清除；单目标和多目标救援均禁用。；C03 动态棋盘遮挡可与基础机制及除多精灵救援外的新增机制共存。
C0165,双机制,2,splitter,分裂球机制,level.specialEntities[]: reactive_ball/splitter,timed_mode,限时模式,level.levelType + level.playMode + level.timeBonusBalls[],2,splitter,分裂球,level.specialEntities[]: reactive_ball/splitter,time_bonus_ball,加时球,level.timeBonusBalls[],,,,special_floating_island,timed_infinite_shots,6,高,F 固定/系统排期,0,70,限时关搭档轮换,50,限时模式每10关；同一搭档至少间隔50关,权重为0，不进入普通随机池，必须由对应模式或系统策略显式排期。,G01|G02|B06|M02|C04,G01 同关最多2种机制、3种特殊球类型；特殊实体ID与坐标必须唯一，且只能配置在layout的空位'.'。；G02 组合表只判定机制类型能否共存；具体行列、数量、颜色、通道和目标仍必须通过LevelConfigLoader及专项校验器。；B06 分裂球不得位于第0行；同关splitColor一致且与唯一collect_color目标一致，并至少保留一个合法六邻空位。；M02 限时模式固定special_floating_island/timed_infinite_shots，必须配置2至5个加时球，每个bonusSeconds固定为5。；C04 限时模式只与基础机制或动态棋盘遮挡组合。
C0166,双机制,2,swirl,漩涡球机制,level.specialEntities[]: reactive_ball/swirl,vine_spirit,藤蔓魔灵机制,level.specialEntities[]: reactive_ball/vine_spirit,2,swirl,漩涡球,level.specialEntities[]: reactive_ball/swirl,vine_spirit,藤蔓魔灵,level.specialEntities[]: reactive_ball/vine_spirit,,,,normal,shot_limited,5,中,T2 进阶组合,3,36,进阶组合/长期复现,100,首次教学后10-15关组合；同一精确组合至少间隔100关,组合关只增加机制交互，不同时大幅减少发射数。,G01|G02|B07|B08|C01,G01 同关最多2种机制、3种特殊球类型；特殊实体ID与坐标必须唯一，且只能配置在layout的空位'.'。；G02 组合表只判定机制类型能否共存；具体行列、数量、颜色、通道和目标仍必须通过LevelConfigLoader及专项校验器。；B07 每个漩涡必须配置完整六邻轨道；轨道只允许普通球，且不得与其他特殊实体重叠。；B08 藤蔓魔灵life固定为3，六邻缠绕与解除必须遵守藤蔓结算规则。；C01 基础机制之间允许组合，但不同结构必须使用不重叠的合法空间。
C0167,双机制,2,swirl,漩涡球机制,level.specialEntities[]: reactive_ball/swirl,wormhole,虫洞机制,level.specialEntities[]: reactive_ball/wormhole,2,swirl,漩涡球,level.specialEntities[]: reactive_ball/swirl,wormhole,虫洞,level.specialEntities[]: reactive_ball/wormhole,,,,normal,shot_limited,6,高,T3 考核组合,1,58,至少完成3次单机制体验后的考核,100,首次教学后10-15关组合；同一精确组合至少间隔100关,只用于后期考核；不得同时收紧发射数、提高数量和增加遮挡。,G01|G02|B07|B09|C01,G01 同关最多2种机制、3种特殊球类型；特殊实体ID与坐标必须唯一，且只能配置在layout的空位'.'。；G02 组合表只判定机制类型能否共存；具体行列、数量、颜色、通道和目标仍必须通过LevelConfigLoader及专项校验器。；B07 每个漩涡必须配置完整六邻轨道；轨道只允许普通球，且不得与其他特殊实体重叠。；B09 每组虫洞必须恰好2个同排同方向端点，严格内区间至少2格，且通道不得与漩涡等保留结构冲突。；C01 基础机制之间允许组合，但不同结构必须使用不重叠的合法空间。
C0168,双机制,2,swirl,漩涡球机制,level.specialEntities[]: reactive_ball/swirl,lock_chain,锁链机制,level.specialEntities[]: key_ball/key + locked_ball/locked,3,swirl,漩涡球,level.specialEntities[]: reactive_ball/swirl,key,钥匙,level.specialEntities[]: key_ball/key,locked,锁定球,level.specialEntities[]: locked_ball/locked,normal,shot_limited,6,高,T3 考核组合,1,87,至少完成3次单机制体验后的考核,100,首次教学后10-15关组合；同一精确组合至少间隔100关,只用于后期考核；不得同时收紧发射数、提高数量和增加遮挡。,G01|G02|B07|B10|C01,G01 同关最多2种机制、3种特殊球类型；特殊实体ID与坐标必须唯一，且只能配置在layout的空位'.'。；G02 组合表只判定机制类型能否共存；具体行列、数量、颜色、通道和目标仍必须通过LevelConfigLoader及专项校验器。；B07 每个漩涡必须配置完整六邻轨道；轨道只允许普通球，且不得与其他特殊实体重叠。；B10 每条锁链行必须恰好1把钥匙，其余格全部为锁定球；整行layout为'.'且不得放置其他特殊实体。；C01 基础机制之间允许组合，但不同结构必须使用不重叠的合法空间。
C0169,双机制,2,swirl,漩涡球机制,level.specialEntities[]: reactive_ball/swirl,black_hole,黑洞机制,level.specialEntities[]: hazard_ball/black_hole,2,swirl,漩涡球,level.specialEntities[]: reactive_ball/swirl,black_hole,黑洞,level.specialEntities[]: hazard_ball/black_hole,,,,normal,shot_limited,5,中,T2 进阶组合,3,311,进阶组合/长期复现,100,首次教学后10-15关组合；同一精确组合至少间隔100关,组合关只增加机制交互，不同时大幅减少发射数。,G01|G02|B07|N01|C02,G01 同关最多2种机制、3种特殊球类型；特殊实体ID与坐标必须唯一，且只能配置在layout的空位'.'。；G02 组合表只判定机制类型能否共存；具体行列、数量、颜色、通道和目标仍必须通过LevelConfigLoader及专项校验器。；B07 每个漩涡必须配置完整六邻轨道；轨道只允许普通球，且不得与其他特殊实体重叠。；N01 黑洞capacity必须显式等于3。；C02 新增机制与基础机制允许组合；两个新增机制之间不进入正式组合池。
C0170,双机制,2,swirl,漩涡球机制,level.specialEntities[]: reactive_ball/swirl,poison_attachment,毒液附着机制,level.cellAttachments[]: poison,1,swirl,漩涡球,level.specialEntities[]: reactive_ball/swirl,,,,,,,normal,shot_limited,5,中,T2 进阶组合,3,321,进阶组合/长期复现,100,首次教学后10-15关组合；同一精确组合至少间隔100关,组合关只增加机制交互，不同时大幅减少发射数。,G01|G02|B07|N02|C02,G01 同关最多2种机制、3种特殊球类型；特殊实体ID与坐标必须唯一，且只能配置在layout的空位'.'。；G02 组合表只判定机制类型能否共存；具体行列、数量、颜色、通道和目标仍必须通过LevelConfigLoader及专项校验器。；B07 每个漩涡必须配置完整六邻轨道；轨道只允许普通球，且不得与其他特殊实体重叠。；N02 毒液附件只能附着普通球，每格唯一，particleCount必须显式等于3。；C02 新增机制与基础机制允许组合；两个新增机制之间不进入正式组合池。
C0171,双机制,2,swirl,漩涡球机制,level.specialEntities[]: reactive_ball/swirl,spirit_cocoon,精灵茧机制,level.specialEntities[]: reactive_ball/spirit_cocoon,2,swirl,漩涡球,level.specialEntities[]: reactive_ball/swirl,spirit_cocoon,精灵茧,level.specialEntities[]: reactive_ball/spirit_cocoon,,,,normal,shot_limited,5,中,T2 进阶组合,3,331,进阶组合/长期复现,100,首次教学后10-15关组合；同一精确组合至少间隔100关,组合关只增加机制交互，不同时大幅减少发射数。,G01|G02|B07|N03|C02,G01 同关最多2种机制、3种特殊球类型；特殊实体ID与坐标必须唯一，且只能配置在layout的空位'.'。；G02 组合表只判定机制类型能否共存；具体行列、数量、颜色、通道和目标仍必须通过LevelConfigLoader及专项校验器。；B07 每个漩涡必须配置完整六邻轨道；轨道只允许普通球，且不得与其他特殊实体重叠。；N03 精灵茧必须位于合法特殊实体空位，并保留可触发的相邻消除路径。；C02 新增机制与基础机制允许组合；两个新增机制之间不进入正式组合池。
C0172,双机制,2,swirl,漩涡球机制,level.specialEntities[]: reactive_ball/swirl,ice_crystal_attachment,冰凌附着机制,level.cellAttachments[]: ice_crystal,1,swirl,漩涡球,level.specialEntities[]: reactive_ball/swirl,,,,,,,normal,shot_limited,5,中,T2 进阶组合,3,341,进阶组合/长期复现,100,首次教学后10-15关组合；同一精确组合至少间隔100关,组合关只增加机制交互，不同时大幅减少发射数。,G01|G02|B07|N04|C02,G01 同关最多2种机制、3种特殊球类型；特殊实体ID与坐标必须唯一，且只能配置在layout的空位'.'。；G02 组合表只判定机制类型能否共存；具体行列、数量、颜色、通道和目标仍必须通过LevelConfigLoader及专项校验器。；B07 每个漩涡必须配置完整六邻轨道；轨道只允许普通球，且不得与其他特殊实体重叠。；N04 冰凌附件只能附着普通球，每格唯一，且不得与其他附件重叠。；C02 新增机制与基础机制允许组合；两个新增机制之间不进入正式组合池。
C0173,双机制,2,swirl,漩涡球机制,level.specialEntities[]: reactive_ball/swirl,transparent_ball,透明球机制,level.specialEntities[]: reactive_ball/transparent_ball,2,swirl,漩涡球,level.specialEntities[]: reactive_ball/swirl,transparent_ball,透明球,level.specialEntities[]: reactive_ball/transparent_ball,,,,normal,shot_limited,5,中,T2 进阶组合,3,351,进阶组合/长期复现,100,首次教学后10-15关组合；同一精确组合至少间隔100关,组合关只增加机制交互，不同时大幅减少发射数。,G01|G02|B07|N05|C02,G01 同关最多2种机制、3种特殊球类型；特殊实体ID与坐标必须唯一，且只能配置在layout的空位'.'。；G02 组合表只判定机制类型能否共存；具体行列、数量、颜色、通道和目标仍必须通过LevelConfigLoader及专项校验器。；B07 每个漩涡必须配置完整六邻轨道；轨道只允许普通球，且不得与其他特殊实体重叠。；N05 透明球后方必须存在稳定合法碰撞终点；不得用于单目标救援关。；C02 新增机制与基础机制允许组合；两个新增机制之间不进入正式组合池。
C0174,双机制,2,swirl,漩涡球机制,level.specialEntities[]: reactive_ball/swirl,breeder,繁殖球机制,level.specialEntities[]: reactive_ball/breeder,2,swirl,漩涡球,level.specialEntities[]: reactive_ball/swirl,breeder,繁殖球,level.specialEntities[]: reactive_ball/breeder,,,,normal,shot_limited,5,中,T2 进阶组合,3,361,进阶组合/长期复现,100,首次教学后10-15关组合；同一精确组合至少间隔100关,组合关只增加机制交互，不同时大幅减少发射数。,G01|G02|B07|N06|C02,G01 同关最多2种机制、3种特殊球类型；特殊实体ID与坐标必须唯一，且只能配置在layout的空位'.'。；G02 组合表只判定机制类型能否共存；具体行列、数量、颜色、通道和目标仍必须通过LevelConfigLoader及专项校验器。；B07 每个漩涡必须配置完整六邻轨道；轨道只允许普通球，且不得与其他特殊实体重叠。；N06 繁殖球至少保留一个合法六邻空位。；C02 新增机制与基础机制允许组合；两个新增机制之间不进入正式组合池。
C0175,双机制,2,swirl,漩涡球机制,level.specialEntities[]: reactive_ball/swirl,bubble_shield_attachment,气泡护盾附着机制,level.cellAttachments[]: bubble_shield,1,swirl,漩涡球,level.specialEntities[]: reactive_ball/swirl,,,,,,,normal,shot_limited,5,中,T2 进阶组合,3,371,进阶组合/长期复现,100,首次教学后10-15关组合；同一精确组合至少间隔100关,组合关只增加机制交互，不同时大幅减少发射数。,G01|G02|B07|N07|C02,G01 同关最多2种机制、3种特殊球类型；特殊实体ID与坐标必须唯一，且只能配置在layout的空位'.'。；G02 组合表只判定机制类型能否共存；具体行列、数量、颜色、通道和目标仍必须通过LevelConfigLoader及专项校验器。；B07 每个漩涡必须配置完整六邻轨道；轨道只允许普通球，且不得与其他特殊实体重叠。；N07 气泡护盾附件只能附着普通球，每格唯一，且不得与其他附件重叠。；C02 新增机制与基础机制允许组合；两个新增机制之间不进入正式组合池。
C0176,双机制,2,swirl,漩涡球机制,level.specialEntities[]: reactive_ball/swirl,mine,地雷机制,level.specialEntities[]: hazard_ball/mine,2,swirl,漩涡球,level.specialEntities[]: reactive_ball/swirl,mine,地雷,level.specialEntities[]: hazard_ball/mine,,,,normal,shot_limited,6,高,T3 考核组合,1,381,至少完成3次单机制体验后的考核,100,首次教学后10-15关组合；同一精确组合至少间隔100关,只用于后期考核；不得同时收紧发射数、提高数量和增加遮挡。,G01|G02|B07|N08|C02,G01 同关最多2种机制、3种特殊球类型；特殊实体ID与坐标必须唯一，且只能配置在layout的空位'.'。；G02 组合表只判定机制类型能否共存；具体行列、数量、颜色、通道和目标仍必须通过LevelConfigLoader及专项校验器。；B07 每个漩涡必须配置完整六邻轨道；轨道只允许普通球，且不得与其他特殊实体重叠。；N08 地雷initialLife必须为正整数；正式生成标准为6。；C02 新增机制与基础机制允许组合；两个新增机制之间不进入正式组合池。
C0177,双机制,2,swirl,漩涡球机制,level.specialEntities[]: reactive_ball/swirl,bud,花苞球机制,level.specialEntities[]: reactive_ball/bud,2,swirl,漩涡球,level.specialEntities[]: reactive_ball/swirl,bud,花苞球,level.specialEntities[]: reactive_ball/bud,,,,normal,shot_limited,5,中,T2 进阶组合,3,391,进阶组合/长期复现,100,首次教学后10-15关组合；同一精确组合至少间隔100关,组合关只增加机制交互，不同时大幅减少发射数。,G01|G02|B07|N09|C02,G01 同关最多2种机制、3种特殊球类型；特殊实体ID与坐标必须唯一，且只能配置在layout的空位'.'。；G02 组合表只判定机制类型能否共存；具体行列、数量、颜色、通道和目标仍必须通过LevelConfigLoader及专项校验器。；B07 每个漩涡必须配置完整六邻轨道；轨道只允许普通球，且不得与其他特殊实体重叠。；N09 花苞球必须位于合法特殊实体空位，并保留可触发的相邻消除路径。；C02 新增机制与基础机制允许组合；两个新增机制之间不进入正式组合池。
C0178,双机制,2,swirl,漩涡球机制,level.specialEntities[]: reactive_ball/swirl,multi_rescue,多精灵救援机制,level.multiTrappedSpiritRescue.targets[],1,swirl,漩涡球,level.specialEntities[]: reactive_ball/swirl,,,,,,,multi_trapped_spirit_rescue,shot_limited,6,高,F 固定/系统排期,0,411,多救援后期组合,100,首次教学后10-15关组合；同一精确组合至少间隔100关,权重为0，不进入普通随机池，必须由对应模式或系统策略显式排期。,G01|G02|B07|N10|C02,G01 同关最多2种机制、3种特殊球类型；特殊实体ID与坐标必须唯一，且只能配置在layout的空位'.'。；G02 组合表只判定机制类型能否共存；具体行列、数量、颜色、通道和目标仍必须通过LevelConfigLoader及专项校验器。；B07 每个漩涡必须配置完整六邻轨道；轨道只允许普通球，且不得与其他特殊实体重叠。；N10 多精灵救援必须配置2至7个不重复目标；目标位于顶部第2至6行(row=1..5)、目标格为'.'且邻接可消除普通球。；C02 新增机制与基础机制允许组合；两个新增机制之间不进入正式组合池。
C0179,双机制,2,swirl,漩涡球机制,level.specialEntities[]: reactive_ball/swirl,color_cloud,彩云机制,level.colorClouds[],1,swirl,漩涡球,level.specialEntities[]: reactive_ball/swirl,,,,,,,normal,shot_limited,5,中,T2 进阶组合,3,421,进阶组合/长期复现,100,首次教学后10-15关组合；同一精确组合至少间隔100关,组合关只增加机制交互，不同时大幅减少发射数。,G01|G02|B07|N11|C02,G01 同关最多2种机制、3种特殊球类型；特殊实体ID与坐标必须唯一，且只能配置在layout的空位'.'。；G02 组合表只判定机制类型能否共存；具体行列、数量、颜色、通道和目标仍必须通过LevelConfigLoader及专项校验器。；B07 每个漩涡必须配置完整六邻轨道；轨道只允许普通球，且不得与其他特殊实体重叠。；N11 彩云必须完整配置visible、position、hitDispearTime、startTime、speed、color六字段，且color属于本关颜色或RAINBOW。；C02 新增机制与基础机制允许组合；两个新增机制之间不进入正式组合池。
C0180,双机制,2,swirl,漩涡球机制,level.specialEntities[]: reactive_ball/swirl,spider,蜘蛛机制,level.spiderRows[],1,swirl,漩涡球,level.specialEntities[]: reactive_ball/swirl,,,,,,,normal,shot_limited,6,高,T3 考核组合,1,431,至少完成3次单机制体验后的考核,100,首次教学后10-15关组合；同一精确组合至少间隔100关,只用于后期考核；不得同时收紧发射数、提高数量和增加遮挡。,G01|G02|B07|N12|C02,G01 同关最多2种机制、3种特殊球类型；特殊实体ID与坐标必须唯一，且只能配置在layout的空位'.'。；G02 组合表只判定机制类型能否共存；具体行列、数量、颜色、通道和目标仍必须通过LevelConfigLoader及专项校验器。；B07 每个漩涡必须配置完整六邻轨道；轨道只允许普通球，且不得与其他特殊实体重叠。；N12 蜘蛛锚点必须是普通球，不得与特殊实体或附件重叠；同排蜘蛛共用lockRowId且lockRowId不得跨行。；C02 新增机制与基础机制允许组合；两个新增机制之间不进入正式组合池。
C0181,双机制,2,swirl,漩涡球机制,level.specialEntities[]: reactive_ball/swirl,wind_tunnel,风眼机制,level.specialEntities[]: reactive_ball/wind_tunnel_entrance + wind_tunnel_exit,3,swirl,漩涡球,level.specialEntities[]: reactive_ball/swirl,wind_tunnel_entrance,风眼入口,level.specialEntities[]: reactive_ball/wind_tunnel_entrance,wind_tunnel_exit,风眼出口,level.specialEntities[]: reactive_ball/wind_tunnel_exit,normal,shot_limited,6,高,T3 考核组合,1,441,至少完成3次单机制体验后的考核,100,首次教学后10-15关组合；同一精确组合至少间隔100关,只用于后期考核；不得同时收紧发射数、提高数量和增加遮挡。,G01|G02|B07|N13|C02,G01 同关最多2种机制、3种特殊球类型；特殊实体ID与坐标必须唯一，且只能配置在layout的空位'.'。；G02 组合表只判定机制类型能否共存；具体行列、数量、颜色、通道和目标仍必须通过LevelConfigLoader及专项校验器。；B07 每个漩涡必须配置完整六邻轨道；轨道只允许普通球，且不得与其他特殊实体重叠。；N13 风眼必须恰好1个入口且至少2个出口；入口可命中，出口坐标有效且不得与其他特殊实体重叠。；C02 新增机制与基础机制允许组合；两个新增机制之间不进入正式组合池。
C0182,双机制,2,swirl,漩涡球机制,level.specialEntities[]: reactive_ball/swirl,rainbow_prism,彩虹棱镜球机制,level.initialPowerups.rainbow_prism_ball,1,swirl,漩涡球,level.specialEntities[]: reactive_ball/swirl,,,,,,,normal,shot_limited,5,中,T2 进阶组合,3,451,进阶组合/长期复现,100,首次教学后10-15关组合；同一精确组合至少间隔100关,组合关只增加机制交互，不同时大幅减少发射数。,G01|G02|B07|N14|C02,G01 同关最多2种机制、3种特殊球类型；特殊实体ID与坐标必须唯一，且只能配置在layout的空位'.'。；G02 组合表只判定机制类型能否共存；具体行列、数量、颜色、通道和目标仍必须通过LevelConfigLoader及专项校验器。；B07 每个漩涡必须配置完整六邻轨道；轨道只允许普通球，且不得与其他特殊实体重叠。；N14 彩虹棱镜球通过initialPowerups.rainbow_prism_ball配置，不写入棋盘specialEntities。；C02 新增机制与基础机制允许组合；两个新增机制之间不进入正式组合池。
C0183,双机制,2,swirl,漩涡球机制,level.specialEntities[]: reactive_ball/swirl,board_occlusion,动态棋盘遮挡机制,level.boardOcclusionPlan,1,swirl,漩涡球,level.specialEntities[]: reactive_ball/swirl,,,,,,,normal,shot_limited,5,中,F 固定/系统排期,0,31,机制熟悉后的遮挡组合,50,按31关后遮挡覆盖策略；同一组合至少间隔50关,权重为0，不进入普通随机池，必须由对应模式或系统策略显式排期。,G01|G02|B07|M01|C03,G01 同关最多2种机制、3种特殊球类型；特殊实体ID与坐标必须唯一，且只能配置在layout的空位'.'。；G02 组合表只判定机制类型能否共存；具体行列、数量、颜色、通道和目标仍必须通过LevelConfigLoader及专项校验器。；B07 每个漩涡必须配置完整六邻轨道；轨道只允许普通球，且不得与其他特殊实体重叠。；M01 动态遮挡不能覆盖特殊实体；限球关按发射数、限时关按秒清除；单目标和多目标救援均禁用。；C03 动态棋盘遮挡可与基础机制及除多精灵救援外的新增机制共存。
C0184,双机制,2,swirl,漩涡球机制,level.specialEntities[]: reactive_ball/swirl,timed_mode,限时模式,level.levelType + level.playMode + level.timeBonusBalls[],2,swirl,漩涡球,level.specialEntities[]: reactive_ball/swirl,time_bonus_ball,加时球,level.timeBonusBalls[],,,,special_floating_island,timed_infinite_shots,6,高,F 固定/系统排期,0,30,限时关搭档轮换,50,限时模式每10关；同一搭档至少间隔50关,权重为0，不进入普通随机池，必须由对应模式或系统策略显式排期。,G01|G02|B07|M02|C04,G01 同关最多2种机制、3种特殊球类型；特殊实体ID与坐标必须唯一，且只能配置在layout的空位'.'。；G02 组合表只判定机制类型能否共存；具体行列、数量、颜色、通道和目标仍必须通过LevelConfigLoader及专项校验器。；B07 每个漩涡必须配置完整六邻轨道；轨道只允许普通球，且不得与其他特殊实体重叠。；M02 限时模式固定special_floating_island/timed_infinite_shots，必须配置2至5个加时球，每个bonusSeconds固定为5。；C04 限时模式只与基础机制或动态棋盘遮挡组合。
C0185,双机制,2,swirl,漩涡球机制,level.specialEntities[]: reactive_ball/swirl,single_rescue,单精灵救援机制,level.levelType + level.trappedSpriteRescue,1,swirl,漩涡球,level.specialEntities[]: reactive_ball/swirl,,,,,,,trapped_sprite_rescue,shot_limited,6,高,F 固定/系统排期,0,42,单救援白名单轮换,100,按章节固定救援关；同一搭档至少间隔100关,权重为0，不进入普通随机池，必须由对应模式或系统策略显式排期。,G01|G02|B07|M03|C05,G01 同关最多2种机制、3种特殊球类型；特殊实体ID与坐标必须唯一，且只能配置在layout的空位'.'。；G02 组合表只判定机制类型能否共存；具体行列、数量、颜色、通道和目标仍必须通过LevelConfigLoader及专项校验器。；B07 每个漩涡必须配置完整六邻轨道；轨道只允许普通球，且不得与其他特殊实体重叠。；M03 单目标救援固定trapped_sprite_rescue/shot_limited，只允许彩虹、爆破、石、冰、漩涡、藤蔓六类棋盘特殊实体，并禁用计时与动态遮挡。；C05 单目标救援只与石、冰、彩虹、爆破、漩涡、藤蔓六种基础机制组合。
C0186,双机制,2,vine_spirit,藤蔓魔灵机制,level.specialEntities[]: reactive_ball/vine_spirit,wormhole,虫洞机制,level.specialEntities[]: reactive_ball/wormhole,2,vine_spirit,藤蔓魔灵,level.specialEntities[]: reactive_ball/vine_spirit,wormhole,虫洞,level.specialEntities[]: reactive_ball/wormhole,,,,normal,shot_limited,6,高,T3 考核组合,1,58,至少完成3次单机制体验后的考核,100,首次教学后10-15关组合；同一精确组合至少间隔100关,只用于后期考核；不得同时收紧发射数、提高数量和增加遮挡。,G01|G02|B08|B09|C01,G01 同关最多2种机制、3种特殊球类型；特殊实体ID与坐标必须唯一，且只能配置在layout的空位'.'。；G02 组合表只判定机制类型能否共存；具体行列、数量、颜色、通道和目标仍必须通过LevelConfigLoader及专项校验器。；B08 藤蔓魔灵life固定为3，六邻缠绕与解除必须遵守藤蔓结算规则。；B09 每组虫洞必须恰好2个同排同方向端点，严格内区间至少2格，且通道不得与漩涡等保留结构冲突。；C01 基础机制之间允许组合，但不同结构必须使用不重叠的合法空间。
C0187,双机制,2,vine_spirit,藤蔓魔灵机制,level.specialEntities[]: reactive_ball/vine_spirit,lock_chain,锁链机制,level.specialEntities[]: key_ball/key + locked_ball/locked,3,vine_spirit,藤蔓魔灵,level.specialEntities[]: reactive_ball/vine_spirit,key,钥匙,level.specialEntities[]: key_ball/key,locked,锁定球,level.specialEntities[]: locked_ball/locked,normal,shot_limited,6,高,T3 考核组合,1,87,至少完成3次单机制体验后的考核,100,首次教学后10-15关组合；同一精确组合至少间隔100关,只用于后期考核；不得同时收紧发射数、提高数量和增加遮挡。,G01|G02|B08|B10|C01,G01 同关最多2种机制、3种特殊球类型；特殊实体ID与坐标必须唯一，且只能配置在layout的空位'.'。；G02 组合表只判定机制类型能否共存；具体行列、数量、颜色、通道和目标仍必须通过LevelConfigLoader及专项校验器。；B08 藤蔓魔灵life固定为3，六邻缠绕与解除必须遵守藤蔓结算规则。；B10 每条锁链行必须恰好1把钥匙，其余格全部为锁定球；整行layout为'.'且不得放置其他特殊实体。；C01 基础机制之间允许组合，但不同结构必须使用不重叠的合法空间。
C0188,双机制,2,vine_spirit,藤蔓魔灵机制,level.specialEntities[]: reactive_ball/vine_spirit,black_hole,黑洞机制,level.specialEntities[]: hazard_ball/black_hole,2,vine_spirit,藤蔓魔灵,level.specialEntities[]: reactive_ball/vine_spirit,black_hole,黑洞,level.specialEntities[]: hazard_ball/black_hole,,,,normal,shot_limited,5,中,T2 进阶组合,3,311,进阶组合/长期复现,100,首次教学后10-15关组合；同一精确组合至少间隔100关,组合关只增加机制交互，不同时大幅减少发射数。,G01|G02|B08|N01|C02,G01 同关最多2种机制、3种特殊球类型；特殊实体ID与坐标必须唯一，且只能配置在layout的空位'.'。；G02 组合表只判定机制类型能否共存；具体行列、数量、颜色、通道和目标仍必须通过LevelConfigLoader及专项校验器。；B08 藤蔓魔灵life固定为3，六邻缠绕与解除必须遵守藤蔓结算规则。；N01 黑洞capacity必须显式等于3。；C02 新增机制与基础机制允许组合；两个新增机制之间不进入正式组合池。
C0189,双机制,2,vine_spirit,藤蔓魔灵机制,level.specialEntities[]: reactive_ball/vine_spirit,poison_attachment,毒液附着机制,level.cellAttachments[]: poison,1,vine_spirit,藤蔓魔灵,level.specialEntities[]: reactive_ball/vine_spirit,,,,,,,normal,shot_limited,5,中,T2 进阶组合,3,321,进阶组合/长期复现,100,首次教学后10-15关组合；同一精确组合至少间隔100关,组合关只增加机制交互，不同时大幅减少发射数。,G01|G02|B08|N02|C02,G01 同关最多2种机制、3种特殊球类型；特殊实体ID与坐标必须唯一，且只能配置在layout的空位'.'。；G02 组合表只判定机制类型能否共存；具体行列、数量、颜色、通道和目标仍必须通过LevelConfigLoader及专项校验器。；B08 藤蔓魔灵life固定为3，六邻缠绕与解除必须遵守藤蔓结算规则。；N02 毒液附件只能附着普通球，每格唯一，particleCount必须显式等于3。；C02 新增机制与基础机制允许组合；两个新增机制之间不进入正式组合池。
C0190,双机制,2,vine_spirit,藤蔓魔灵机制,level.specialEntities[]: reactive_ball/vine_spirit,spirit_cocoon,精灵茧机制,level.specialEntities[]: reactive_ball/spirit_cocoon,2,vine_spirit,藤蔓魔灵,level.specialEntities[]: reactive_ball/vine_spirit,spirit_cocoon,精灵茧,level.specialEntities[]: reactive_ball/spirit_cocoon,,,,normal,shot_limited,5,中,T2 进阶组合,3,331,进阶组合/长期复现,100,首次教学后10-15关组合；同一精确组合至少间隔100关,组合关只增加机制交互，不同时大幅减少发射数。,G01|G02|B08|N03|C02,G01 同关最多2种机制、3种特殊球类型；特殊实体ID与坐标必须唯一，且只能配置在layout的空位'.'。；G02 组合表只判定机制类型能否共存；具体行列、数量、颜色、通道和目标仍必须通过LevelConfigLoader及专项校验器。；B08 藤蔓魔灵life固定为3，六邻缠绕与解除必须遵守藤蔓结算规则。；N03 精灵茧必须位于合法特殊实体空位，并保留可触发的相邻消除路径。；C02 新增机制与基础机制允许组合；两个新增机制之间不进入正式组合池。
C0191,双机制,2,vine_spirit,藤蔓魔灵机制,level.specialEntities[]: reactive_ball/vine_spirit,ice_crystal_attachment,冰凌附着机制,level.cellAttachments[]: ice_crystal,1,vine_spirit,藤蔓魔灵,level.specialEntities[]: reactive_ball/vine_spirit,,,,,,,normal,shot_limited,5,中,T2 进阶组合,3,341,进阶组合/长期复现,100,首次教学后10-15关组合；同一精确组合至少间隔100关,组合关只增加机制交互，不同时大幅减少发射数。,G01|G02|B08|N04|C02,G01 同关最多2种机制、3种特殊球类型；特殊实体ID与坐标必须唯一，且只能配置在layout的空位'.'。；G02 组合表只判定机制类型能否共存；具体行列、数量、颜色、通道和目标仍必须通过LevelConfigLoader及专项校验器。；B08 藤蔓魔灵life固定为3，六邻缠绕与解除必须遵守藤蔓结算规则。；N04 冰凌附件只能附着普通球，每格唯一，且不得与其他附件重叠。；C02 新增机制与基础机制允许组合；两个新增机制之间不进入正式组合池。
C0192,双机制,2,vine_spirit,藤蔓魔灵机制,level.specialEntities[]: reactive_ball/vine_spirit,transparent_ball,透明球机制,level.specialEntities[]: reactive_ball/transparent_ball,2,vine_spirit,藤蔓魔灵,level.specialEntities[]: reactive_ball/vine_spirit,transparent_ball,透明球,level.specialEntities[]: reactive_ball/transparent_ball,,,,normal,shot_limited,5,中,T2 进阶组合,3,351,进阶组合/长期复现,100,首次教学后10-15关组合；同一精确组合至少间隔100关,组合关只增加机制交互，不同时大幅减少发射数。,G01|G02|B08|N05|C02,G01 同关最多2种机制、3种特殊球类型；特殊实体ID与坐标必须唯一，且只能配置在layout的空位'.'。；G02 组合表只判定机制类型能否共存；具体行列、数量、颜色、通道和目标仍必须通过LevelConfigLoader及专项校验器。；B08 藤蔓魔灵life固定为3，六邻缠绕与解除必须遵守藤蔓结算规则。；N05 透明球后方必须存在稳定合法碰撞终点；不得用于单目标救援关。；C02 新增机制与基础机制允许组合；两个新增机制之间不进入正式组合池。
C0193,双机制,2,vine_spirit,藤蔓魔灵机制,level.specialEntities[]: reactive_ball/vine_spirit,breeder,繁殖球机制,level.specialEntities[]: reactive_ball/breeder,2,vine_spirit,藤蔓魔灵,level.specialEntities[]: reactive_ball/vine_spirit,breeder,繁殖球,level.specialEntities[]: reactive_ball/breeder,,,,normal,shot_limited,5,中,T2 进阶组合,3,361,进阶组合/长期复现,100,首次教学后10-15关组合；同一精确组合至少间隔100关,组合关只增加机制交互，不同时大幅减少发射数。,G01|G02|B08|N06|C02,G01 同关最多2种机制、3种特殊球类型；特殊实体ID与坐标必须唯一，且只能配置在layout的空位'.'。；G02 组合表只判定机制类型能否共存；具体行列、数量、颜色、通道和目标仍必须通过LevelConfigLoader及专项校验器。；B08 藤蔓魔灵life固定为3，六邻缠绕与解除必须遵守藤蔓结算规则。；N06 繁殖球至少保留一个合法六邻空位。；C02 新增机制与基础机制允许组合；两个新增机制之间不进入正式组合池。
C0194,双机制,2,vine_spirit,藤蔓魔灵机制,level.specialEntities[]: reactive_ball/vine_spirit,bubble_shield_attachment,气泡护盾附着机制,level.cellAttachments[]: bubble_shield,1,vine_spirit,藤蔓魔灵,level.specialEntities[]: reactive_ball/vine_spirit,,,,,,,normal,shot_limited,5,中,T2 进阶组合,3,371,进阶组合/长期复现,100,首次教学后10-15关组合；同一精确组合至少间隔100关,组合关只增加机制交互，不同时大幅减少发射数。,G01|G02|B08|N07|C02,G01 同关最多2种机制、3种特殊球类型；特殊实体ID与坐标必须唯一，且只能配置在layout的空位'.'。；G02 组合表只判定机制类型能否共存；具体行列、数量、颜色、通道和目标仍必须通过LevelConfigLoader及专项校验器。；B08 藤蔓魔灵life固定为3，六邻缠绕与解除必须遵守藤蔓结算规则。；N07 气泡护盾附件只能附着普通球，每格唯一，且不得与其他附件重叠。；C02 新增机制与基础机制允许组合；两个新增机制之间不进入正式组合池。
C0195,双机制,2,vine_spirit,藤蔓魔灵机制,level.specialEntities[]: reactive_ball/vine_spirit,mine,地雷机制,level.specialEntities[]: hazard_ball/mine,2,vine_spirit,藤蔓魔灵,level.specialEntities[]: reactive_ball/vine_spirit,mine,地雷,level.specialEntities[]: hazard_ball/mine,,,,normal,shot_limited,6,高,T3 考核组合,1,381,至少完成3次单机制体验后的考核,100,首次教学后10-15关组合；同一精确组合至少间隔100关,只用于后期考核；不得同时收紧发射数、提高数量和增加遮挡。,G01|G02|B08|N08|C02,G01 同关最多2种机制、3种特殊球类型；特殊实体ID与坐标必须唯一，且只能配置在layout的空位'.'。；G02 组合表只判定机制类型能否共存；具体行列、数量、颜色、通道和目标仍必须通过LevelConfigLoader及专项校验器。；B08 藤蔓魔灵life固定为3，六邻缠绕与解除必须遵守藤蔓结算规则。；N08 地雷initialLife必须为正整数；正式生成标准为6。；C02 新增机制与基础机制允许组合；两个新增机制之间不进入正式组合池。
C0196,双机制,2,vine_spirit,藤蔓魔灵机制,level.specialEntities[]: reactive_ball/vine_spirit,bud,花苞球机制,level.specialEntities[]: reactive_ball/bud,2,vine_spirit,藤蔓魔灵,level.specialEntities[]: reactive_ball/vine_spirit,bud,花苞球,level.specialEntities[]: reactive_ball/bud,,,,normal,shot_limited,5,中,T2 进阶组合,3,391,进阶组合/长期复现,100,首次教学后10-15关组合；同一精确组合至少间隔100关,组合关只增加机制交互，不同时大幅减少发射数。,G01|G02|B08|N09|C02,G01 同关最多2种机制、3种特殊球类型；特殊实体ID与坐标必须唯一，且只能配置在layout的空位'.'。；G02 组合表只判定机制类型能否共存；具体行列、数量、颜色、通道和目标仍必须通过LevelConfigLoader及专项校验器。；B08 藤蔓魔灵life固定为3，六邻缠绕与解除必须遵守藤蔓结算规则。；N09 花苞球必须位于合法特殊实体空位，并保留可触发的相邻消除路径。；C02 新增机制与基础机制允许组合；两个新增机制之间不进入正式组合池。
C0197,双机制,2,vine_spirit,藤蔓魔灵机制,level.specialEntities[]: reactive_ball/vine_spirit,multi_rescue,多精灵救援机制,level.multiTrappedSpiritRescue.targets[],1,vine_spirit,藤蔓魔灵,level.specialEntities[]: reactive_ball/vine_spirit,,,,,,,multi_trapped_spirit_rescue,shot_limited,6,高,F 固定/系统排期,0,411,多救援后期组合,100,首次教学后10-15关组合；同一精确组合至少间隔100关,权重为0，不进入普通随机池，必须由对应模式或系统策略显式排期。,G01|G02|B08|N10|C02,G01 同关最多2种机制、3种特殊球类型；特殊实体ID与坐标必须唯一，且只能配置在layout的空位'.'。；G02 组合表只判定机制类型能否共存；具体行列、数量、颜色、通道和目标仍必须通过LevelConfigLoader及专项校验器。；B08 藤蔓魔灵life固定为3，六邻缠绕与解除必须遵守藤蔓结算规则。；N10 多精灵救援必须配置2至7个不重复目标；目标位于顶部第2至6行(row=1..5)、目标格为'.'且邻接可消除普通球。；C02 新增机制与基础机制允许组合；两个新增机制之间不进入正式组合池。
C0198,双机制,2,vine_spirit,藤蔓魔灵机制,level.specialEntities[]: reactive_ball/vine_spirit,color_cloud,彩云机制,level.colorClouds[],1,vine_spirit,藤蔓魔灵,level.specialEntities[]: reactive_ball/vine_spirit,,,,,,,normal,shot_limited,5,中,T2 进阶组合,3,421,进阶组合/长期复现,100,首次教学后10-15关组合；同一精确组合至少间隔100关,组合关只增加机制交互，不同时大幅减少发射数。,G01|G02|B08|N11|C02,G01 同关最多2种机制、3种特殊球类型；特殊实体ID与坐标必须唯一，且只能配置在layout的空位'.'。；G02 组合表只判定机制类型能否共存；具体行列、数量、颜色、通道和目标仍必须通过LevelConfigLoader及专项校验器。；B08 藤蔓魔灵life固定为3，六邻缠绕与解除必须遵守藤蔓结算规则。；N11 彩云必须完整配置visible、position、hitDispearTime、startTime、speed、color六字段，且color属于本关颜色或RAINBOW。；C02 新增机制与基础机制允许组合；两个新增机制之间不进入正式组合池。
C0199,双机制,2,vine_spirit,藤蔓魔灵机制,level.specialEntities[]: reactive_ball/vine_spirit,spider,蜘蛛机制,level.spiderRows[],1,vine_spirit,藤蔓魔灵,level.specialEntities[]: reactive_ball/vine_spirit,,,,,,,normal,shot_limited,6,高,T3 考核组合,1,431,至少完成3次单机制体验后的考核,100,首次教学后10-15关组合；同一精确组合至少间隔100关,只用于后期考核；不得同时收紧发射数、提高数量和增加遮挡。,G01|G02|B08|N12|C02,G01 同关最多2种机制、3种特殊球类型；特殊实体ID与坐标必须唯一，且只能配置在layout的空位'.'。；G02 组合表只判定机制类型能否共存；具体行列、数量、颜色、通道和目标仍必须通过LevelConfigLoader及专项校验器。；B08 藤蔓魔灵life固定为3，六邻缠绕与解除必须遵守藤蔓结算规则。；N12 蜘蛛锚点必须是普通球，不得与特殊实体或附件重叠；同排蜘蛛共用lockRowId且lockRowId不得跨行。；C02 新增机制与基础机制允许组合；两个新增机制之间不进入正式组合池。
C0200,双机制,2,vine_spirit,藤蔓魔灵机制,level.specialEntities[]: reactive_ball/vine_spirit,wind_tunnel,风眼机制,level.specialEntities[]: reactive_ball/wind_tunnel_entrance + wind_tunnel_exit,3,vine_spirit,藤蔓魔灵,level.specialEntities[]: reactive_ball/vine_spirit,wind_tunnel_entrance,风眼入口,level.specialEntities[]: reactive_ball/wind_tunnel_entrance,wind_tunnel_exit,风眼出口,level.specialEntities[]: reactive_ball/wind_tunnel_exit,normal,shot_limited,6,高,T3 考核组合,1,441,至少完成3次单机制体验后的考核,100,首次教学后10-15关组合；同一精确组合至少间隔100关,只用于后期考核；不得同时收紧发射数、提高数量和增加遮挡。,G01|G02|B08|N13|C02,G01 同关最多2种机制、3种特殊球类型；特殊实体ID与坐标必须唯一，且只能配置在layout的空位'.'。；G02 组合表只判定机制类型能否共存；具体行列、数量、颜色、通道和目标仍必须通过LevelConfigLoader及专项校验器。；B08 藤蔓魔灵life固定为3，六邻缠绕与解除必须遵守藤蔓结算规则。；N13 风眼必须恰好1个入口且至少2个出口；入口可命中，出口坐标有效且不得与其他特殊实体重叠。；C02 新增机制与基础机制允许组合；两个新增机制之间不进入正式组合池。
C0201,双机制,2,vine_spirit,藤蔓魔灵机制,level.specialEntities[]: reactive_ball/vine_spirit,rainbow_prism,彩虹棱镜球机制,level.initialPowerups.rainbow_prism_ball,1,vine_spirit,藤蔓魔灵,level.specialEntities[]: reactive_ball/vine_spirit,,,,,,,normal,shot_limited,5,中,T2 进阶组合,3,451,进阶组合/长期复现,100,首次教学后10-15关组合；同一精确组合至少间隔100关,组合关只增加机制交互，不同时大幅减少发射数。,G01|G02|B08|N14|C02,G01 同关最多2种机制、3种特殊球类型；特殊实体ID与坐标必须唯一，且只能配置在layout的空位'.'。；G02 组合表只判定机制类型能否共存；具体行列、数量、颜色、通道和目标仍必须通过LevelConfigLoader及专项校验器。；B08 藤蔓魔灵life固定为3，六邻缠绕与解除必须遵守藤蔓结算规则。；N14 彩虹棱镜球通过initialPowerups.rainbow_prism_ball配置，不写入棋盘specialEntities。；C02 新增机制与基础机制允许组合；两个新增机制之间不进入正式组合池。
C0202,双机制,2,vine_spirit,藤蔓魔灵机制,level.specialEntities[]: reactive_ball/vine_spirit,board_occlusion,动态棋盘遮挡机制,level.boardOcclusionPlan,1,vine_spirit,藤蔓魔灵,level.specialEntities[]: reactive_ball/vine_spirit,,,,,,,normal,shot_limited,5,中,F 固定/系统排期,0,36,机制熟悉后的遮挡组合,50,按31关后遮挡覆盖策略；同一组合至少间隔50关,权重为0，不进入普通随机池，必须由对应模式或系统策略显式排期。,G01|G02|B08|M01|C03,G01 同关最多2种机制、3种特殊球类型；特殊实体ID与坐标必须唯一，且只能配置在layout的空位'.'。；G02 组合表只判定机制类型能否共存；具体行列、数量、颜色、通道和目标仍必须通过LevelConfigLoader及专项校验器。；B08 藤蔓魔灵life固定为3，六邻缠绕与解除必须遵守藤蔓结算规则。；M01 动态遮挡不能覆盖特殊实体；限球关按发射数、限时关按秒清除；单目标和多目标救援均禁用。；C03 动态棋盘遮挡可与基础机制及除多精灵救援外的新增机制共存。
C0203,双机制,2,vine_spirit,藤蔓魔灵机制,level.specialEntities[]: reactive_ball/vine_spirit,timed_mode,限时模式,level.levelType + level.playMode + level.timeBonusBalls[],2,vine_spirit,藤蔓魔灵,level.specialEntities[]: reactive_ball/vine_spirit,time_bonus_ball,加时球,level.timeBonusBalls[],,,,special_floating_island,timed_infinite_shots,6,高,F 固定/系统排期,0,40,限时关搭档轮换,50,限时模式每10关；同一搭档至少间隔50关,权重为0，不进入普通随机池，必须由对应模式或系统策略显式排期。,G01|G02|B08|M02|C04,G01 同关最多2种机制、3种特殊球类型；特殊实体ID与坐标必须唯一，且只能配置在layout的空位'.'。；G02 组合表只判定机制类型能否共存；具体行列、数量、颜色、通道和目标仍必须通过LevelConfigLoader及专项校验器。；B08 藤蔓魔灵life固定为3，六邻缠绕与解除必须遵守藤蔓结算规则。；M02 限时模式固定special_floating_island/timed_infinite_shots，必须配置2至5个加时球，每个bonusSeconds固定为5。；C04 限时模式只与基础机制或动态棋盘遮挡组合。
C0204,双机制,2,vine_spirit,藤蔓魔灵机制,level.specialEntities[]: reactive_ball/vine_spirit,single_rescue,单精灵救援机制,level.levelType + level.trappedSpriteRescue,1,vine_spirit,藤蔓魔灵,level.specialEntities[]: reactive_ball/vine_spirit,,,,,,,trapped_sprite_rescue,shot_limited,6,高,F 固定/系统排期,0,42,单救援白名单轮换,100,按章节固定救援关；同一搭档至少间隔100关,权重为0，不进入普通随机池，必须由对应模式或系统策略显式排期。,G01|G02|B08|M03|C05,G01 同关最多2种机制、3种特殊球类型；特殊实体ID与坐标必须唯一，且只能配置在layout的空位'.'。；G02 组合表只判定机制类型能否共存；具体行列、数量、颜色、通道和目标仍必须通过LevelConfigLoader及专项校验器。；B08 藤蔓魔灵life固定为3，六邻缠绕与解除必须遵守藤蔓结算规则。；M03 单目标救援固定trapped_sprite_rescue/shot_limited，只允许彩虹、爆破、石、冰、漩涡、藤蔓六类棋盘特殊实体，并禁用计时与动态遮挡。；C05 单目标救援只与石、冰、彩虹、爆破、漩涡、藤蔓六种基础机制组合。
C0205,双机制,2,wormhole,虫洞机制,level.specialEntities[]: reactive_ball/wormhole,lock_chain,锁链机制,level.specialEntities[]: key_ball/key + locked_ball/locked,3,wormhole,虫洞,level.specialEntities[]: reactive_ball/wormhole,key,钥匙,level.specialEntities[]: key_ball/key,locked,锁定球,level.specialEntities[]: locked_ball/locked,normal,shot_limited,7,高,T3 考核组合,1,87,至少完成3次单机制体验后的考核,100,首次教学后10-15关组合；同一精确组合至少间隔100关,只用于后期考核；不得同时收紧发射数、提高数量和增加遮挡。,G01|G02|B09|B10|C01,G01 同关最多2种机制、3种特殊球类型；特殊实体ID与坐标必须唯一，且只能配置在layout的空位'.'。；G02 组合表只判定机制类型能否共存；具体行列、数量、颜色、通道和目标仍必须通过LevelConfigLoader及专项校验器。；B09 每组虫洞必须恰好2个同排同方向端点，严格内区间至少2格，且通道不得与漩涡等保留结构冲突。；B10 每条锁链行必须恰好1把钥匙，其余格全部为锁定球；整行layout为'.'且不得放置其他特殊实体。；C01 基础机制之间允许组合，但不同结构必须使用不重叠的合法空间。
C0206,双机制,2,wormhole,虫洞机制,level.specialEntities[]: reactive_ball/wormhole,black_hole,黑洞机制,level.specialEntities[]: hazard_ball/black_hole,2,wormhole,虫洞,level.specialEntities[]: reactive_ball/wormhole,black_hole,黑洞,level.specialEntities[]: hazard_ball/black_hole,,,,normal,shot_limited,6,高,T3 考核组合,1,311,至少完成3次单机制体验后的考核,100,首次教学后10-15关组合；同一精确组合至少间隔100关,只用于后期考核；不得同时收紧发射数、提高数量和增加遮挡。,G01|G02|B09|N01|C02,G01 同关最多2种机制、3种特殊球类型；特殊实体ID与坐标必须唯一，且只能配置在layout的空位'.'。；G02 组合表只判定机制类型能否共存；具体行列、数量、颜色、通道和目标仍必须通过LevelConfigLoader及专项校验器。；B09 每组虫洞必须恰好2个同排同方向端点，严格内区间至少2格，且通道不得与漩涡等保留结构冲突。；N01 黑洞capacity必须显式等于3。；C02 新增机制与基础机制允许组合；两个新增机制之间不进入正式组合池。
C0207,双机制,2,wormhole,虫洞机制,level.specialEntities[]: reactive_ball/wormhole,poison_attachment,毒液附着机制,level.cellAttachments[]: poison,1,wormhole,虫洞,level.specialEntities[]: reactive_ball/wormhole,,,,,,,normal,shot_limited,6,高,T3 考核组合,1,321,至少完成3次单机制体验后的考核,100,首次教学后10-15关组合；同一精确组合至少间隔100关,只用于后期考核；不得同时收紧发射数、提高数量和增加遮挡。,G01|G02|B09|N02|C02,G01 同关最多2种机制、3种特殊球类型；特殊实体ID与坐标必须唯一，且只能配置在layout的空位'.'。；G02 组合表只判定机制类型能否共存；具体行列、数量、颜色、通道和目标仍必须通过LevelConfigLoader及专项校验器。；B09 每组虫洞必须恰好2个同排同方向端点，严格内区间至少2格，且通道不得与漩涡等保留结构冲突。；N02 毒液附件只能附着普通球，每格唯一，particleCount必须显式等于3。；C02 新增机制与基础机制允许组合；两个新增机制之间不进入正式组合池。
C0208,双机制,2,wormhole,虫洞机制,level.specialEntities[]: reactive_ball/wormhole,spirit_cocoon,精灵茧机制,level.specialEntities[]: reactive_ball/spirit_cocoon,2,wormhole,虫洞,level.specialEntities[]: reactive_ball/wormhole,spirit_cocoon,精灵茧,level.specialEntities[]: reactive_ball/spirit_cocoon,,,,normal,shot_limited,6,高,T3 考核组合,1,331,至少完成3次单机制体验后的考核,100,首次教学后10-15关组合；同一精确组合至少间隔100关,只用于后期考核；不得同时收紧发射数、提高数量和增加遮挡。,G01|G02|B09|N03|C02,G01 同关最多2种机制、3种特殊球类型；特殊实体ID与坐标必须唯一，且只能配置在layout的空位'.'。；G02 组合表只判定机制类型能否共存；具体行列、数量、颜色、通道和目标仍必须通过LevelConfigLoader及专项校验器。；B09 每组虫洞必须恰好2个同排同方向端点，严格内区间至少2格，且通道不得与漩涡等保留结构冲突。；N03 精灵茧必须位于合法特殊实体空位，并保留可触发的相邻消除路径。；C02 新增机制与基础机制允许组合；两个新增机制之间不进入正式组合池。
C0209,双机制,2,wormhole,虫洞机制,level.specialEntities[]: reactive_ball/wormhole,ice_crystal_attachment,冰凌附着机制,level.cellAttachments[]: ice_crystal,1,wormhole,虫洞,level.specialEntities[]: reactive_ball/wormhole,,,,,,,normal,shot_limited,6,高,T3 考核组合,1,341,至少完成3次单机制体验后的考核,100,首次教学后10-15关组合；同一精确组合至少间隔100关,只用于后期考核；不得同时收紧发射数、提高数量和增加遮挡。,G01|G02|B09|N04|C02,G01 同关最多2种机制、3种特殊球类型；特殊实体ID与坐标必须唯一，且只能配置在layout的空位'.'。；G02 组合表只判定机制类型能否共存；具体行列、数量、颜色、通道和目标仍必须通过LevelConfigLoader及专项校验器。；B09 每组虫洞必须恰好2个同排同方向端点，严格内区间至少2格，且通道不得与漩涡等保留结构冲突。；N04 冰凌附件只能附着普通球，每格唯一，且不得与其他附件重叠。；C02 新增机制与基础机制允许组合；两个新增机制之间不进入正式组合池。
C0210,双机制,2,wormhole,虫洞机制,level.specialEntities[]: reactive_ball/wormhole,transparent_ball,透明球机制,level.specialEntities[]: reactive_ball/transparent_ball,2,wormhole,虫洞,level.specialEntities[]: reactive_ball/wormhole,transparent_ball,透明球,level.specialEntities[]: reactive_ball/transparent_ball,,,,normal,shot_limited,6,高,T3 考核组合,1,351,至少完成3次单机制体验后的考核,100,首次教学后10-15关组合；同一精确组合至少间隔100关,只用于后期考核；不得同时收紧发射数、提高数量和增加遮挡。,G01|G02|B09|N05|C02,G01 同关最多2种机制、3种特殊球类型；特殊实体ID与坐标必须唯一，且只能配置在layout的空位'.'。；G02 组合表只判定机制类型能否共存；具体行列、数量、颜色、通道和目标仍必须通过LevelConfigLoader及专项校验器。；B09 每组虫洞必须恰好2个同排同方向端点，严格内区间至少2格，且通道不得与漩涡等保留结构冲突。；N05 透明球后方必须存在稳定合法碰撞终点；不得用于单目标救援关。；C02 新增机制与基础机制允许组合；两个新增机制之间不进入正式组合池。
C0211,双机制,2,wormhole,虫洞机制,level.specialEntities[]: reactive_ball/wormhole,breeder,繁殖球机制,level.specialEntities[]: reactive_ball/breeder,2,wormhole,虫洞,level.specialEntities[]: reactive_ball/wormhole,breeder,繁殖球,level.specialEntities[]: reactive_ball/breeder,,,,normal,shot_limited,6,高,T3 考核组合,1,361,至少完成3次单机制体验后的考核,100,首次教学后10-15关组合；同一精确组合至少间隔100关,只用于后期考核；不得同时收紧发射数、提高数量和增加遮挡。,G01|G02|B09|N06|C02,G01 同关最多2种机制、3种特殊球类型；特殊实体ID与坐标必须唯一，且只能配置在layout的空位'.'。；G02 组合表只判定机制类型能否共存；具体行列、数量、颜色、通道和目标仍必须通过LevelConfigLoader及专项校验器。；B09 每组虫洞必须恰好2个同排同方向端点，严格内区间至少2格，且通道不得与漩涡等保留结构冲突。；N06 繁殖球至少保留一个合法六邻空位。；C02 新增机制与基础机制允许组合；两个新增机制之间不进入正式组合池。
C0212,双机制,2,wormhole,虫洞机制,level.specialEntities[]: reactive_ball/wormhole,bubble_shield_attachment,气泡护盾附着机制,level.cellAttachments[]: bubble_shield,1,wormhole,虫洞,level.specialEntities[]: reactive_ball/wormhole,,,,,,,normal,shot_limited,6,高,T3 考核组合,1,371,至少完成3次单机制体验后的考核,100,首次教学后10-15关组合；同一精确组合至少间隔100关,只用于后期考核；不得同时收紧发射数、提高数量和增加遮挡。,G01|G02|B09|N07|C02,G01 同关最多2种机制、3种特殊球类型；特殊实体ID与坐标必须唯一，且只能配置在layout的空位'.'。；G02 组合表只判定机制类型能否共存；具体行列、数量、颜色、通道和目标仍必须通过LevelConfigLoader及专项校验器。；B09 每组虫洞必须恰好2个同排同方向端点，严格内区间至少2格，且通道不得与漩涡等保留结构冲突。；N07 气泡护盾附件只能附着普通球，每格唯一，且不得与其他附件重叠。；C02 新增机制与基础机制允许组合；两个新增机制之间不进入正式组合池。
C0213,双机制,2,wormhole,虫洞机制,level.specialEntities[]: reactive_ball/wormhole,mine,地雷机制,level.specialEntities[]: hazard_ball/mine,2,wormhole,虫洞,level.specialEntities[]: reactive_ball/wormhole,mine,地雷,level.specialEntities[]: hazard_ball/mine,,,,normal,shot_limited,7,高,T3 考核组合,1,381,至少完成3次单机制体验后的考核,100,首次教学后10-15关组合；同一精确组合至少间隔100关,只用于后期考核；不得同时收紧发射数、提高数量和增加遮挡。,G01|G02|B09|N08|C02,G01 同关最多2种机制、3种特殊球类型；特殊实体ID与坐标必须唯一，且只能配置在layout的空位'.'。；G02 组合表只判定机制类型能否共存；具体行列、数量、颜色、通道和目标仍必须通过LevelConfigLoader及专项校验器。；B09 每组虫洞必须恰好2个同排同方向端点，严格内区间至少2格，且通道不得与漩涡等保留结构冲突。；N08 地雷initialLife必须为正整数；正式生成标准为6。；C02 新增机制与基础机制允许组合；两个新增机制之间不进入正式组合池。
C0214,双机制,2,wormhole,虫洞机制,level.specialEntities[]: reactive_ball/wormhole,bud,花苞球机制,level.specialEntities[]: reactive_ball/bud,2,wormhole,虫洞,level.specialEntities[]: reactive_ball/wormhole,bud,花苞球,level.specialEntities[]: reactive_ball/bud,,,,normal,shot_limited,6,高,T3 考核组合,1,391,至少完成3次单机制体验后的考核,100,首次教学后10-15关组合；同一精确组合至少间隔100关,只用于后期考核；不得同时收紧发射数、提高数量和增加遮挡。,G01|G02|B09|N09|C02,G01 同关最多2种机制、3种特殊球类型；特殊实体ID与坐标必须唯一，且只能配置在layout的空位'.'。；G02 组合表只判定机制类型能否共存；具体行列、数量、颜色、通道和目标仍必须通过LevelConfigLoader及专项校验器。；B09 每组虫洞必须恰好2个同排同方向端点，严格内区间至少2格，且通道不得与漩涡等保留结构冲突。；N09 花苞球必须位于合法特殊实体空位，并保留可触发的相邻消除路径。；C02 新增机制与基础机制允许组合；两个新增机制之间不进入正式组合池。
C0215,双机制,2,wormhole,虫洞机制,level.specialEntities[]: reactive_ball/wormhole,multi_rescue,多精灵救援机制,level.multiTrappedSpiritRescue.targets[],1,wormhole,虫洞,level.specialEntities[]: reactive_ball/wormhole,,,,,,,multi_trapped_spirit_rescue,shot_limited,7,高,F 固定/系统排期,0,411,多救援后期组合,100,首次教学后10-15关组合；同一精确组合至少间隔100关,权重为0，不进入普通随机池，必须由对应模式或系统策略显式排期。,G01|G02|B09|N10|C02,G01 同关最多2种机制、3种特殊球类型；特殊实体ID与坐标必须唯一，且只能配置在layout的空位'.'。；G02 组合表只判定机制类型能否共存；具体行列、数量、颜色、通道和目标仍必须通过LevelConfigLoader及专项校验器。；B09 每组虫洞必须恰好2个同排同方向端点，严格内区间至少2格，且通道不得与漩涡等保留结构冲突。；N10 多精灵救援必须配置2至7个不重复目标；目标位于顶部第2至6行(row=1..5)、目标格为'.'且邻接可消除普通球。；C02 新增机制与基础机制允许组合；两个新增机制之间不进入正式组合池。
C0216,双机制,2,wormhole,虫洞机制,level.specialEntities[]: reactive_ball/wormhole,color_cloud,彩云机制,level.colorClouds[],1,wormhole,虫洞,level.specialEntities[]: reactive_ball/wormhole,,,,,,,normal,shot_limited,6,高,T3 考核组合,1,421,至少完成3次单机制体验后的考核,100,首次教学后10-15关组合；同一精确组合至少间隔100关,只用于后期考核；不得同时收紧发射数、提高数量和增加遮挡。,G01|G02|B09|N11|C02,G01 同关最多2种机制、3种特殊球类型；特殊实体ID与坐标必须唯一，且只能配置在layout的空位'.'。；G02 组合表只判定机制类型能否共存；具体行列、数量、颜色、通道和目标仍必须通过LevelConfigLoader及专项校验器。；B09 每组虫洞必须恰好2个同排同方向端点，严格内区间至少2格，且通道不得与漩涡等保留结构冲突。；N11 彩云必须完整配置visible、position、hitDispearTime、startTime、speed、color六字段，且color属于本关颜色或RAINBOW。；C02 新增机制与基础机制允许组合；两个新增机制之间不进入正式组合池。
C0217,双机制,2,wormhole,虫洞机制,level.specialEntities[]: reactive_ball/wormhole,spider,蜘蛛机制,level.spiderRows[],1,wormhole,虫洞,level.specialEntities[]: reactive_ball/wormhole,,,,,,,normal,shot_limited,7,高,T3 考核组合,1,431,至少完成3次单机制体验后的考核,100,首次教学后10-15关组合；同一精确组合至少间隔100关,只用于后期考核；不得同时收紧发射数、提高数量和增加遮挡。,G01|G02|B09|N12|C02,G01 同关最多2种机制、3种特殊球类型；特殊实体ID与坐标必须唯一，且只能配置在layout的空位'.'。；G02 组合表只判定机制类型能否共存；具体行列、数量、颜色、通道和目标仍必须通过LevelConfigLoader及专项校验器。；B09 每组虫洞必须恰好2个同排同方向端点，严格内区间至少2格，且通道不得与漩涡等保留结构冲突。；N12 蜘蛛锚点必须是普通球，不得与特殊实体或附件重叠；同排蜘蛛共用lockRowId且lockRowId不得跨行。；C02 新增机制与基础机制允许组合；两个新增机制之间不进入正式组合池。
C0218,双机制,2,wormhole,虫洞机制,level.specialEntities[]: reactive_ball/wormhole,wind_tunnel,风眼机制,level.specialEntities[]: reactive_ball/wind_tunnel_entrance + wind_tunnel_exit,3,wormhole,虫洞,level.specialEntities[]: reactive_ball/wormhole,wind_tunnel_entrance,风眼入口,level.specialEntities[]: reactive_ball/wind_tunnel_entrance,wind_tunnel_exit,风眼出口,level.specialEntities[]: reactive_ball/wind_tunnel_exit,normal,shot_limited,7,高,T3 考核组合,1,441,至少完成3次单机制体验后的考核,100,首次教学后10-15关组合；同一精确组合至少间隔100关,只用于后期考核；不得同时收紧发射数、提高数量和增加遮挡。,G01|G02|B09|N13|C02,G01 同关最多2种机制、3种特殊球类型；特殊实体ID与坐标必须唯一，且只能配置在layout的空位'.'。；G02 组合表只判定机制类型能否共存；具体行列、数量、颜色、通道和目标仍必须通过LevelConfigLoader及专项校验器。；B09 每组虫洞必须恰好2个同排同方向端点，严格内区间至少2格，且通道不得与漩涡等保留结构冲突。；N13 风眼必须恰好1个入口且至少2个出口；入口可命中，出口坐标有效且不得与其他特殊实体重叠。；C02 新增机制与基础机制允许组合；两个新增机制之间不进入正式组合池。
C0219,双机制,2,wormhole,虫洞机制,level.specialEntities[]: reactive_ball/wormhole,rainbow_prism,彩虹棱镜球机制,level.initialPowerups.rainbow_prism_ball,1,wormhole,虫洞,level.specialEntities[]: reactive_ball/wormhole,,,,,,,normal,shot_limited,6,高,T3 考核组合,1,451,至少完成3次单机制体验后的考核,100,首次教学后10-15关组合；同一精确组合至少间隔100关,只用于后期考核；不得同时收紧发射数、提高数量和增加遮挡。,G01|G02|B09|N14|C02,G01 同关最多2种机制、3种特殊球类型；特殊实体ID与坐标必须唯一，且只能配置在layout的空位'.'。；G02 组合表只判定机制类型能否共存；具体行列、数量、颜色、通道和目标仍必须通过LevelConfigLoader及专项校验器。；B09 每组虫洞必须恰好2个同排同方向端点，严格内区间至少2格，且通道不得与漩涡等保留结构冲突。；N14 彩虹棱镜球通过initialPowerups.rainbow_prism_ball配置，不写入棋盘specialEntities。；C02 新增机制与基础机制允许组合；两个新增机制之间不进入正式组合池。
C0220,双机制,2,wormhole,虫洞机制,level.specialEntities[]: reactive_ball/wormhole,board_occlusion,动态棋盘遮挡机制,level.boardOcclusionPlan,1,wormhole,虫洞,level.specialEntities[]: reactive_ball/wormhole,,,,,,,normal,shot_limited,6,高,F 固定/系统排期,0,58,机制熟悉后的遮挡组合,50,按31关后遮挡覆盖策略；同一组合至少间隔50关,权重为0，不进入普通随机池，必须由对应模式或系统策略显式排期。,G01|G02|B09|M01|C03,G01 同关最多2种机制、3种特殊球类型；特殊实体ID与坐标必须唯一，且只能配置在layout的空位'.'。；G02 组合表只判定机制类型能否共存；具体行列、数量、颜色、通道和目标仍必须通过LevelConfigLoader及专项校验器。；B09 每组虫洞必须恰好2个同排同方向端点，严格内区间至少2格，且通道不得与漩涡等保留结构冲突。；M01 动态遮挡不能覆盖特殊实体；限球关按发射数、限时关按秒清除；单目标和多目标救援均禁用。；C03 动态棋盘遮挡可与基础机制及除多精灵救援外的新增机制共存。
C0221,双机制,2,wormhole,虫洞机制,level.specialEntities[]: reactive_ball/wormhole,timed_mode,限时模式,level.levelType + level.playMode + level.timeBonusBalls[],2,wormhole,虫洞,level.specialEntities[]: reactive_ball/wormhole,time_bonus_ball,加时球,level.timeBonusBalls[],,,,special_floating_island,timed_infinite_shots,7,高,F 固定/系统排期,0,60,限时关搭档轮换,50,限时模式每10关；同一搭档至少间隔50关,权重为0，不进入普通随机池，必须由对应模式或系统策略显式排期。,G01|G02|B09|M02|C04,G01 同关最多2种机制、3种特殊球类型；特殊实体ID与坐标必须唯一，且只能配置在layout的空位'.'。；G02 组合表只判定机制类型能否共存；具体行列、数量、颜色、通道和目标仍必须通过LevelConfigLoader及专项校验器。；B09 每组虫洞必须恰好2个同排同方向端点，严格内区间至少2格，且通道不得与漩涡等保留结构冲突。；M02 限时模式固定special_floating_island/timed_infinite_shots，必须配置2至5个加时球，每个bonusSeconds固定为5。；C04 限时模式只与基础机制或动态棋盘遮挡组合。
C0222,双机制,2,lock_chain,锁链机制,level.specialEntities[]: key_ball/key + locked_ball/locked,black_hole,黑洞机制,level.specialEntities[]: hazard_ball/black_hole,3,key,钥匙,level.specialEntities[]: key_ball/key,locked,锁定球,level.specialEntities[]: locked_ball/locked,black_hole,黑洞,level.specialEntities[]: hazard_ball/black_hole,normal,shot_limited,6,高,T3 考核组合,1,311,至少完成3次单机制体验后的考核,100,首次教学后10-15关组合；同一精确组合至少间隔100关,只用于后期考核；不得同时收紧发射数、提高数量和增加遮挡。,G01|G02|B10|N01|C02,G01 同关最多2种机制、3种特殊球类型；特殊实体ID与坐标必须唯一，且只能配置在layout的空位'.'。；G02 组合表只判定机制类型能否共存；具体行列、数量、颜色、通道和目标仍必须通过LevelConfigLoader及专项校验器。；B10 每条锁链行必须恰好1把钥匙，其余格全部为锁定球；整行layout为'.'且不得放置其他特殊实体。；N01 黑洞capacity必须显式等于3。；C02 新增机制与基础机制允许组合；两个新增机制之间不进入正式组合池。
C0223,双机制,2,lock_chain,锁链机制,level.specialEntities[]: key_ball/key + locked_ball/locked,poison_attachment,毒液附着机制,level.cellAttachments[]: poison,2,key,钥匙,level.specialEntities[]: key_ball/key,locked,锁定球,level.specialEntities[]: locked_ball/locked,,,,normal,shot_limited,6,高,T3 考核组合,1,321,至少完成3次单机制体验后的考核,100,首次教学后10-15关组合；同一精确组合至少间隔100关,只用于后期考核；不得同时收紧发射数、提高数量和增加遮挡。,G01|G02|B10|N02|C02,G01 同关最多2种机制、3种特殊球类型；特殊实体ID与坐标必须唯一，且只能配置在layout的空位'.'。；G02 组合表只判定机制类型能否共存；具体行列、数量、颜色、通道和目标仍必须通过LevelConfigLoader及专项校验器。；B10 每条锁链行必须恰好1把钥匙，其余格全部为锁定球；整行layout为'.'且不得放置其他特殊实体。；N02 毒液附件只能附着普通球，每格唯一，particleCount必须显式等于3。；C02 新增机制与基础机制允许组合；两个新增机制之间不进入正式组合池。
C0224,双机制,2,lock_chain,锁链机制,level.specialEntities[]: key_ball/key + locked_ball/locked,spirit_cocoon,精灵茧机制,level.specialEntities[]: reactive_ball/spirit_cocoon,3,key,钥匙,level.specialEntities[]: key_ball/key,locked,锁定球,level.specialEntities[]: locked_ball/locked,spirit_cocoon,精灵茧,level.specialEntities[]: reactive_ball/spirit_cocoon,normal,shot_limited,6,高,T3 考核组合,1,331,至少完成3次单机制体验后的考核,100,首次教学后10-15关组合；同一精确组合至少间隔100关,只用于后期考核；不得同时收紧发射数、提高数量和增加遮挡。,G01|G02|B10|N03|C02,G01 同关最多2种机制、3种特殊球类型；特殊实体ID与坐标必须唯一，且只能配置在layout的空位'.'。；G02 组合表只判定机制类型能否共存；具体行列、数量、颜色、通道和目标仍必须通过LevelConfigLoader及专项校验器。；B10 每条锁链行必须恰好1把钥匙，其余格全部为锁定球；整行layout为'.'且不得放置其他特殊实体。；N03 精灵茧必须位于合法特殊实体空位，并保留可触发的相邻消除路径。；C02 新增机制与基础机制允许组合；两个新增机制之间不进入正式组合池。
C0225,双机制,2,lock_chain,锁链机制,level.specialEntities[]: key_ball/key + locked_ball/locked,ice_crystal_attachment,冰凌附着机制,level.cellAttachments[]: ice_crystal,2,key,钥匙,level.specialEntities[]: key_ball/key,locked,锁定球,level.specialEntities[]: locked_ball/locked,,,,normal,shot_limited,6,高,T3 考核组合,1,341,至少完成3次单机制体验后的考核,100,首次教学后10-15关组合；同一精确组合至少间隔100关,只用于后期考核；不得同时收紧发射数、提高数量和增加遮挡。,G01|G02|B10|N04|C02,G01 同关最多2种机制、3种特殊球类型；特殊实体ID与坐标必须唯一，且只能配置在layout的空位'.'。；G02 组合表只判定机制类型能否共存；具体行列、数量、颜色、通道和目标仍必须通过LevelConfigLoader及专项校验器。；B10 每条锁链行必须恰好1把钥匙，其余格全部为锁定球；整行layout为'.'且不得放置其他特殊实体。；N04 冰凌附件只能附着普通球，每格唯一，且不得与其他附件重叠。；C02 新增机制与基础机制允许组合；两个新增机制之间不进入正式组合池。
C0226,双机制,2,lock_chain,锁链机制,level.specialEntities[]: key_ball/key + locked_ball/locked,transparent_ball,透明球机制,level.specialEntities[]: reactive_ball/transparent_ball,3,key,钥匙,level.specialEntities[]: key_ball/key,locked,锁定球,level.specialEntities[]: locked_ball/locked,transparent_ball,透明球,level.specialEntities[]: reactive_ball/transparent_ball,normal,shot_limited,6,高,T3 考核组合,1,351,至少完成3次单机制体验后的考核,100,首次教学后10-15关组合；同一精确组合至少间隔100关,只用于后期考核；不得同时收紧发射数、提高数量和增加遮挡。,G01|G02|B10|N05|C02,G01 同关最多2种机制、3种特殊球类型；特殊实体ID与坐标必须唯一，且只能配置在layout的空位'.'。；G02 组合表只判定机制类型能否共存；具体行列、数量、颜色、通道和目标仍必须通过LevelConfigLoader及专项校验器。；B10 每条锁链行必须恰好1把钥匙，其余格全部为锁定球；整行layout为'.'且不得放置其他特殊实体。；N05 透明球后方必须存在稳定合法碰撞终点；不得用于单目标救援关。；C02 新增机制与基础机制允许组合；两个新增机制之间不进入正式组合池。
C0227,双机制,2,lock_chain,锁链机制,level.specialEntities[]: key_ball/key + locked_ball/locked,breeder,繁殖球机制,level.specialEntities[]: reactive_ball/breeder,3,key,钥匙,level.specialEntities[]: key_ball/key,locked,锁定球,level.specialEntities[]: locked_ball/locked,breeder,繁殖球,level.specialEntities[]: reactive_ball/breeder,normal,shot_limited,6,高,T3 考核组合,1,361,至少完成3次单机制体验后的考核,100,首次教学后10-15关组合；同一精确组合至少间隔100关,只用于后期考核；不得同时收紧发射数、提高数量和增加遮挡。,G01|G02|B10|N06|C02,G01 同关最多2种机制、3种特殊球类型；特殊实体ID与坐标必须唯一，且只能配置在layout的空位'.'。；G02 组合表只判定机制类型能否共存；具体行列、数量、颜色、通道和目标仍必须通过LevelConfigLoader及专项校验器。；B10 每条锁链行必须恰好1把钥匙，其余格全部为锁定球；整行layout为'.'且不得放置其他特殊实体。；N06 繁殖球至少保留一个合法六邻空位。；C02 新增机制与基础机制允许组合；两个新增机制之间不进入正式组合池。
C0228,双机制,2,lock_chain,锁链机制,level.specialEntities[]: key_ball/key + locked_ball/locked,bubble_shield_attachment,气泡护盾附着机制,level.cellAttachments[]: bubble_shield,2,key,钥匙,level.specialEntities[]: key_ball/key,locked,锁定球,level.specialEntities[]: locked_ball/locked,,,,normal,shot_limited,6,高,T3 考核组合,1,371,至少完成3次单机制体验后的考核,100,首次教学后10-15关组合；同一精确组合至少间隔100关,只用于后期考核；不得同时收紧发射数、提高数量和增加遮挡。,G01|G02|B10|N07|C02,G01 同关最多2种机制、3种特殊球类型；特殊实体ID与坐标必须唯一，且只能配置在layout的空位'.'。；G02 组合表只判定机制类型能否共存；具体行列、数量、颜色、通道和目标仍必须通过LevelConfigLoader及专项校验器。；B10 每条锁链行必须恰好1把钥匙，其余格全部为锁定球；整行layout为'.'且不得放置其他特殊实体。；N07 气泡护盾附件只能附着普通球，每格唯一，且不得与其他附件重叠。；C02 新增机制与基础机制允许组合；两个新增机制之间不进入正式组合池。
C0229,双机制,2,lock_chain,锁链机制,level.specialEntities[]: key_ball/key + locked_ball/locked,mine,地雷机制,level.specialEntities[]: hazard_ball/mine,3,key,钥匙,level.specialEntities[]: key_ball/key,locked,锁定球,level.specialEntities[]: locked_ball/locked,mine,地雷,level.specialEntities[]: hazard_ball/mine,normal,shot_limited,7,高,T3 考核组合,1,381,至少完成3次单机制体验后的考核,100,首次教学后10-15关组合；同一精确组合至少间隔100关,只用于后期考核；不得同时收紧发射数、提高数量和增加遮挡。,G01|G02|B10|N08|C02,G01 同关最多2种机制、3种特殊球类型；特殊实体ID与坐标必须唯一，且只能配置在layout的空位'.'。；G02 组合表只判定机制类型能否共存；具体行列、数量、颜色、通道和目标仍必须通过LevelConfigLoader及专项校验器。；B10 每条锁链行必须恰好1把钥匙，其余格全部为锁定球；整行layout为'.'且不得放置其他特殊实体。；N08 地雷initialLife必须为正整数；正式生成标准为6。；C02 新增机制与基础机制允许组合；两个新增机制之间不进入正式组合池。
C0230,双机制,2,lock_chain,锁链机制,level.specialEntities[]: key_ball/key + locked_ball/locked,bud,花苞球机制,level.specialEntities[]: reactive_ball/bud,3,key,钥匙,level.specialEntities[]: key_ball/key,locked,锁定球,level.specialEntities[]: locked_ball/locked,bud,花苞球,level.specialEntities[]: reactive_ball/bud,normal,shot_limited,6,高,T3 考核组合,1,391,至少完成3次单机制体验后的考核,100,首次教学后10-15关组合；同一精确组合至少间隔100关,只用于后期考核；不得同时收紧发射数、提高数量和增加遮挡。,G01|G02|B10|N09|C02,G01 同关最多2种机制、3种特殊球类型；特殊实体ID与坐标必须唯一，且只能配置在layout的空位'.'。；G02 组合表只判定机制类型能否共存；具体行列、数量、颜色、通道和目标仍必须通过LevelConfigLoader及专项校验器。；B10 每条锁链行必须恰好1把钥匙，其余格全部为锁定球；整行layout为'.'且不得放置其他特殊实体。；N09 花苞球必须位于合法特殊实体空位，并保留可触发的相邻消除路径。；C02 新增机制与基础机制允许组合；两个新增机制之间不进入正式组合池。
C0231,双机制,2,lock_chain,锁链机制,level.specialEntities[]: key_ball/key + locked_ball/locked,multi_rescue,多精灵救援机制,level.multiTrappedSpiritRescue.targets[],2,key,钥匙,level.specialEntities[]: key_ball/key,locked,锁定球,level.specialEntities[]: locked_ball/locked,,,,multi_trapped_spirit_rescue,shot_limited,7,高,F 固定/系统排期,0,411,多救援后期组合,100,首次教学后10-15关组合；同一精确组合至少间隔100关,权重为0，不进入普通随机池，必须由对应模式或系统策略显式排期。,G01|G02|B10|N10|C02,G01 同关最多2种机制、3种特殊球类型；特殊实体ID与坐标必须唯一，且只能配置在layout的空位'.'。；G02 组合表只判定机制类型能否共存；具体行列、数量、颜色、通道和目标仍必须通过LevelConfigLoader及专项校验器。；B10 每条锁链行必须恰好1把钥匙，其余格全部为锁定球；整行layout为'.'且不得放置其他特殊实体。；N10 多精灵救援必须配置2至7个不重复目标；目标位于顶部第2至6行(row=1..5)、目标格为'.'且邻接可消除普通球。；C02 新增机制与基础机制允许组合；两个新增机制之间不进入正式组合池。
C0232,双机制,2,lock_chain,锁链机制,level.specialEntities[]: key_ball/key + locked_ball/locked,color_cloud,彩云机制,level.colorClouds[],2,key,钥匙,level.specialEntities[]: key_ball/key,locked,锁定球,level.specialEntities[]: locked_ball/locked,,,,normal,shot_limited,6,高,T3 考核组合,1,421,至少完成3次单机制体验后的考核,100,首次教学后10-15关组合；同一精确组合至少间隔100关,只用于后期考核；不得同时收紧发射数、提高数量和增加遮挡。,G01|G02|B10|N11|C02,G01 同关最多2种机制、3种特殊球类型；特殊实体ID与坐标必须唯一，且只能配置在layout的空位'.'。；G02 组合表只判定机制类型能否共存；具体行列、数量、颜色、通道和目标仍必须通过LevelConfigLoader及专项校验器。；B10 每条锁链行必须恰好1把钥匙，其余格全部为锁定球；整行layout为'.'且不得放置其他特殊实体。；N11 彩云必须完整配置visible、position、hitDispearTime、startTime、speed、color六字段，且color属于本关颜色或RAINBOW。；C02 新增机制与基础机制允许组合；两个新增机制之间不进入正式组合池。
C0233,双机制,2,lock_chain,锁链机制,level.specialEntities[]: key_ball/key + locked_ball/locked,spider,蜘蛛机制,level.spiderRows[],2,key,钥匙,level.specialEntities[]: key_ball/key,locked,锁定球,level.specialEntities[]: locked_ball/locked,,,,normal,shot_limited,7,高,T3 考核组合,1,431,至少完成3次单机制体验后的考核,100,首次教学后10-15关组合；同一精确组合至少间隔100关,只用于后期考核；不得同时收紧发射数、提高数量和增加遮挡。,G01|G02|B10|N12|C02,G01 同关最多2种机制、3种特殊球类型；特殊实体ID与坐标必须唯一，且只能配置在layout的空位'.'。；G02 组合表只判定机制类型能否共存；具体行列、数量、颜色、通道和目标仍必须通过LevelConfigLoader及专项校验器。；B10 每条锁链行必须恰好1把钥匙，其余格全部为锁定球；整行layout为'.'且不得放置其他特殊实体。；N12 蜘蛛锚点必须是普通球，不得与特殊实体或附件重叠；同排蜘蛛共用lockRowId且lockRowId不得跨行。；C02 新增机制与基础机制允许组合；两个新增机制之间不进入正式组合池。
C0234,双机制,2,lock_chain,锁链机制,level.specialEntities[]: key_ball/key + locked_ball/locked,rainbow_prism,彩虹棱镜球机制,level.initialPowerups.rainbow_prism_ball,2,key,钥匙,level.specialEntities[]: key_ball/key,locked,锁定球,level.specialEntities[]: locked_ball/locked,,,,normal,shot_limited,6,高,T3 考核组合,1,451,至少完成3次单机制体验后的考核,100,首次教学后10-15关组合；同一精确组合至少间隔100关,只用于后期考核；不得同时收紧发射数、提高数量和增加遮挡。,G01|G02|B10|N14|C02,G01 同关最多2种机制、3种特殊球类型；特殊实体ID与坐标必须唯一，且只能配置在layout的空位'.'。；G02 组合表只判定机制类型能否共存；具体行列、数量、颜色、通道和目标仍必须通过LevelConfigLoader及专项校验器。；B10 每条锁链行必须恰好1把钥匙，其余格全部为锁定球；整行layout为'.'且不得放置其他特殊实体。；N14 彩虹棱镜球通过initialPowerups.rainbow_prism_ball配置，不写入棋盘specialEntities。；C02 新增机制与基础机制允许组合；两个新增机制之间不进入正式组合池。
C0235,双机制,2,lock_chain,锁链机制,level.specialEntities[]: key_ball/key + locked_ball/locked,board_occlusion,动态棋盘遮挡机制,level.boardOcclusionPlan,2,key,钥匙,level.specialEntities[]: key_ball/key,locked,锁定球,level.specialEntities[]: locked_ball/locked,,,,normal,shot_limited,6,高,F 固定/系统排期,0,87,机制熟悉后的遮挡组合,50,按31关后遮挡覆盖策略；同一组合至少间隔50关,权重为0，不进入普通随机池，必须由对应模式或系统策略显式排期。,G01|G02|B10|M01|C03,G01 同关最多2种机制、3种特殊球类型；特殊实体ID与坐标必须唯一，且只能配置在layout的空位'.'。；G02 组合表只判定机制类型能否共存；具体行列、数量、颜色、通道和目标仍必须通过LevelConfigLoader及专项校验器。；B10 每条锁链行必须恰好1把钥匙，其余格全部为锁定球；整行layout为'.'且不得放置其他特殊实体。；M01 动态遮挡不能覆盖特殊实体；限球关按发射数、限时关按秒清除；单目标和多目标救援均禁用。；C03 动态棋盘遮挡可与基础机制及除多精灵救援外的新增机制共存。
C0236,双机制,2,lock_chain,锁链机制,level.specialEntities[]: key_ball/key + locked_ball/locked,timed_mode,限时模式,level.levelType + level.playMode + level.timeBonusBalls[],3,key,钥匙,level.specialEntities[]: key_ball/key,locked,锁定球,level.specialEntities[]: locked_ball/locked,time_bonus_ball,加时球,level.timeBonusBalls[],special_floating_island,timed_infinite_shots,7,高,F 固定/系统排期,0,90,限时关搭档轮换,50,限时模式每10关；同一搭档至少间隔50关,权重为0，不进入普通随机池，必须由对应模式或系统策略显式排期。,G01|G02|B10|M02|C04,G01 同关最多2种机制、3种特殊球类型；特殊实体ID与坐标必须唯一，且只能配置在layout的空位'.'。；G02 组合表只判定机制类型能否共存；具体行列、数量、颜色、通道和目标仍必须通过LevelConfigLoader及专项校验器。；B10 每条锁链行必须恰好1把钥匙，其余格全部为锁定球；整行layout为'.'且不得放置其他特殊实体。；M02 限时模式固定special_floating_island/timed_infinite_shots，必须配置2至5个加时球，每个bonusSeconds固定为5。；C04 限时模式只与基础机制或动态棋盘遮挡组合。
C0237,双机制,2,black_hole,黑洞机制,level.specialEntities[]: hazard_ball/black_hole,board_occlusion,动态棋盘遮挡机制,level.boardOcclusionPlan,1,black_hole,黑洞,level.specialEntities[]: hazard_ball/black_hole,,,,,,,normal,shot_limited,5,中,F 固定/系统排期,0,311,机制熟悉后的遮挡组合,50,按31关后遮挡覆盖策略；同一组合至少间隔50关,权重为0，不进入普通随机池，必须由对应模式或系统策略显式排期。,G01|G02|N01|M01|C03,G01 同关最多2种机制、3种特殊球类型；特殊实体ID与坐标必须唯一，且只能配置在layout的空位'.'。；G02 组合表只判定机制类型能否共存；具体行列、数量、颜色、通道和目标仍必须通过LevelConfigLoader及专项校验器。；N01 黑洞capacity必须显式等于3。；M01 动态遮挡不能覆盖特殊实体；限球关按发射数、限时关按秒清除；单目标和多目标救援均禁用。；C03 动态棋盘遮挡可与基础机制及除多精灵救援外的新增机制共存。
C0238,双机制,2,poison_attachment,毒液附着机制,level.cellAttachments[]: poison,board_occlusion,动态棋盘遮挡机制,level.boardOcclusionPlan,0,,,,,,,,,,normal,shot_limited,5,中,F 固定/系统排期,0,321,机制熟悉后的遮挡组合,50,按31关后遮挡覆盖策略；同一组合至少间隔50关,权重为0，不进入普通随机池，必须由对应模式或系统策略显式排期。,G01|G02|N02|M01|C03,G01 同关最多2种机制、3种特殊球类型；特殊实体ID与坐标必须唯一，且只能配置在layout的空位'.'。；G02 组合表只判定机制类型能否共存；具体行列、数量、颜色、通道和目标仍必须通过LevelConfigLoader及专项校验器。；N02 毒液附件只能附着普通球，每格唯一，particleCount必须显式等于3。；M01 动态遮挡不能覆盖特殊实体；限球关按发射数、限时关按秒清除；单目标和多目标救援均禁用。；C03 动态棋盘遮挡可与基础机制及除多精灵救援外的新增机制共存。
C0239,双机制,2,spirit_cocoon,精灵茧机制,level.specialEntities[]: reactive_ball/spirit_cocoon,board_occlusion,动态棋盘遮挡机制,level.boardOcclusionPlan,1,spirit_cocoon,精灵茧,level.specialEntities[]: reactive_ball/spirit_cocoon,,,,,,,normal,shot_limited,5,中,F 固定/系统排期,0,331,机制熟悉后的遮挡组合,50,按31关后遮挡覆盖策略；同一组合至少间隔50关,权重为0，不进入普通随机池，必须由对应模式或系统策略显式排期。,G01|G02|N03|M01|C03,G01 同关最多2种机制、3种特殊球类型；特殊实体ID与坐标必须唯一，且只能配置在layout的空位'.'。；G02 组合表只判定机制类型能否共存；具体行列、数量、颜色、通道和目标仍必须通过LevelConfigLoader及专项校验器。；N03 精灵茧必须位于合法特殊实体空位，并保留可触发的相邻消除路径。；M01 动态遮挡不能覆盖特殊实体；限球关按发射数、限时关按秒清除；单目标和多目标救援均禁用。；C03 动态棋盘遮挡可与基础机制及除多精灵救援外的新增机制共存。
C0240,双机制,2,ice_crystal_attachment,冰凌附着机制,level.cellAttachments[]: ice_crystal,board_occlusion,动态棋盘遮挡机制,level.boardOcclusionPlan,0,,,,,,,,,,normal,shot_limited,5,中,F 固定/系统排期,0,341,机制熟悉后的遮挡组合,50,按31关后遮挡覆盖策略；同一组合至少间隔50关,权重为0，不进入普通随机池，必须由对应模式或系统策略显式排期。,G01|G02|N04|M01|C03,G01 同关最多2种机制、3种特殊球类型；特殊实体ID与坐标必须唯一，且只能配置在layout的空位'.'。；G02 组合表只判定机制类型能否共存；具体行列、数量、颜色、通道和目标仍必须通过LevelConfigLoader及专项校验器。；N04 冰凌附件只能附着普通球，每格唯一，且不得与其他附件重叠。；M01 动态遮挡不能覆盖特殊实体；限球关按发射数、限时关按秒清除；单目标和多目标救援均禁用。；C03 动态棋盘遮挡可与基础机制及除多精灵救援外的新增机制共存。
C0241,双机制,2,transparent_ball,透明球机制,level.specialEntities[]: reactive_ball/transparent_ball,board_occlusion,动态棋盘遮挡机制,level.boardOcclusionPlan,1,transparent_ball,透明球,level.specialEntities[]: reactive_ball/transparent_ball,,,,,,,normal,shot_limited,5,中,F 固定/系统排期,0,351,机制熟悉后的遮挡组合,50,按31关后遮挡覆盖策略；同一组合至少间隔50关,权重为0，不进入普通随机池，必须由对应模式或系统策略显式排期。,G01|G02|N05|M01|C03,G01 同关最多2种机制、3种特殊球类型；特殊实体ID与坐标必须唯一，且只能配置在layout的空位'.'。；G02 组合表只判定机制类型能否共存；具体行列、数量、颜色、通道和目标仍必须通过LevelConfigLoader及专项校验器。；N05 透明球后方必须存在稳定合法碰撞终点；不得用于单目标救援关。；M01 动态遮挡不能覆盖特殊实体；限球关按发射数、限时关按秒清除；单目标和多目标救援均禁用。；C03 动态棋盘遮挡可与基础机制及除多精灵救援外的新增机制共存。
C0242,双机制,2,breeder,繁殖球机制,level.specialEntities[]: reactive_ball/breeder,board_occlusion,动态棋盘遮挡机制,level.boardOcclusionPlan,1,breeder,繁殖球,level.specialEntities[]: reactive_ball/breeder,,,,,,,normal,shot_limited,5,中,F 固定/系统排期,0,361,机制熟悉后的遮挡组合,50,按31关后遮挡覆盖策略；同一组合至少间隔50关,权重为0，不进入普通随机池，必须由对应模式或系统策略显式排期。,G01|G02|N06|M01|C03,G01 同关最多2种机制、3种特殊球类型；特殊实体ID与坐标必须唯一，且只能配置在layout的空位'.'。；G02 组合表只判定机制类型能否共存；具体行列、数量、颜色、通道和目标仍必须通过LevelConfigLoader及专项校验器。；N06 繁殖球至少保留一个合法六邻空位。；M01 动态遮挡不能覆盖特殊实体；限球关按发射数、限时关按秒清除；单目标和多目标救援均禁用。；C03 动态棋盘遮挡可与基础机制及除多精灵救援外的新增机制共存。
C0243,双机制,2,bubble_shield_attachment,气泡护盾附着机制,level.cellAttachments[]: bubble_shield,board_occlusion,动态棋盘遮挡机制,level.boardOcclusionPlan,0,,,,,,,,,,normal,shot_limited,5,中,F 固定/系统排期,0,371,机制熟悉后的遮挡组合,50,按31关后遮挡覆盖策略；同一组合至少间隔50关,权重为0，不进入普通随机池，必须由对应模式或系统策略显式排期。,G01|G02|N07|M01|C03,G01 同关最多2种机制、3种特殊球类型；特殊实体ID与坐标必须唯一，且只能配置在layout的空位'.'。；G02 组合表只判定机制类型能否共存；具体行列、数量、颜色、通道和目标仍必须通过LevelConfigLoader及专项校验器。；N07 气泡护盾附件只能附着普通球，每格唯一，且不得与其他附件重叠。；M01 动态遮挡不能覆盖特殊实体；限球关按发射数、限时关按秒清除；单目标和多目标救援均禁用。；C03 动态棋盘遮挡可与基础机制及除多精灵救援外的新增机制共存。
C0244,双机制,2,mine,地雷机制,level.specialEntities[]: hazard_ball/mine,board_occlusion,动态棋盘遮挡机制,level.boardOcclusionPlan,1,mine,地雷,level.specialEntities[]: hazard_ball/mine,,,,,,,normal,shot_limited,6,高,F 固定/系统排期,0,381,机制熟悉后的遮挡组合,50,按31关后遮挡覆盖策略；同一组合至少间隔50关,权重为0，不进入普通随机池，必须由对应模式或系统策略显式排期。,G01|G02|N08|M01|C03,G01 同关最多2种机制、3种特殊球类型；特殊实体ID与坐标必须唯一，且只能配置在layout的空位'.'。；G02 组合表只判定机制类型能否共存；具体行列、数量、颜色、通道和目标仍必须通过LevelConfigLoader及专项校验器。；N08 地雷initialLife必须为正整数；正式生成标准为6。；M01 动态遮挡不能覆盖特殊实体；限球关按发射数、限时关按秒清除；单目标和多目标救援均禁用。；C03 动态棋盘遮挡可与基础机制及除多精灵救援外的新增机制共存。
C0245,双机制,2,bud,花苞球机制,level.specialEntities[]: reactive_ball/bud,board_occlusion,动态棋盘遮挡机制,level.boardOcclusionPlan,1,bud,花苞球,level.specialEntities[]: reactive_ball/bud,,,,,,,normal,shot_limited,5,中,F 固定/系统排期,0,391,机制熟悉后的遮挡组合,50,按31关后遮挡覆盖策略；同一组合至少间隔50关,权重为0，不进入普通随机池，必须由对应模式或系统策略显式排期。,G01|G02|N09|M01|C03,G01 同关最多2种机制、3种特殊球类型；特殊实体ID与坐标必须唯一，且只能配置在layout的空位'.'。；G02 组合表只判定机制类型能否共存；具体行列、数量、颜色、通道和目标仍必须通过LevelConfigLoader及专项校验器。；N09 花苞球必须位于合法特殊实体空位，并保留可触发的相邻消除路径。；M01 动态遮挡不能覆盖特殊实体；限球关按发射数、限时关按秒清除；单目标和多目标救援均禁用。；C03 动态棋盘遮挡可与基础机制及除多精灵救援外的新增机制共存。
C0246,双机制,2,color_cloud,彩云机制,level.colorClouds[],board_occlusion,动态棋盘遮挡机制,level.boardOcclusionPlan,0,,,,,,,,,,normal,shot_limited,5,中,F 固定/系统排期,0,421,机制熟悉后的遮挡组合,50,按31关后遮挡覆盖策略；同一组合至少间隔50关,权重为0，不进入普通随机池，必须由对应模式或系统策略显式排期。,G01|G02|N11|M01|C03,G01 同关最多2种机制、3种特殊球类型；特殊实体ID与坐标必须唯一，且只能配置在layout的空位'.'。；G02 组合表只判定机制类型能否共存；具体行列、数量、颜色、通道和目标仍必须通过LevelConfigLoader及专项校验器。；N11 彩云必须完整配置visible、position、hitDispearTime、startTime、speed、color六字段，且color属于本关颜色或RAINBOW。；M01 动态遮挡不能覆盖特殊实体；限球关按发射数、限时关按秒清除；单目标和多目标救援均禁用。；C03 动态棋盘遮挡可与基础机制及除多精灵救援外的新增机制共存。
C0247,双机制,2,spider,蜘蛛机制,level.spiderRows[],board_occlusion,动态棋盘遮挡机制,level.boardOcclusionPlan,0,,,,,,,,,,normal,shot_limited,6,高,F 固定/系统排期,0,431,机制熟悉后的遮挡组合,50,按31关后遮挡覆盖策略；同一组合至少间隔50关,权重为0，不进入普通随机池，必须由对应模式或系统策略显式排期。,G01|G02|N12|M01|C03,G01 同关最多2种机制、3种特殊球类型；特殊实体ID与坐标必须唯一，且只能配置在layout的空位'.'。；G02 组合表只判定机制类型能否共存；具体行列、数量、颜色、通道和目标仍必须通过LevelConfigLoader及专项校验器。；N12 蜘蛛锚点必须是普通球，不得与特殊实体或附件重叠；同排蜘蛛共用lockRowId且lockRowId不得跨行。；M01 动态遮挡不能覆盖特殊实体；限球关按发射数、限时关按秒清除；单目标和多目标救援均禁用。；C03 动态棋盘遮挡可与基础机制及除多精灵救援外的新增机制共存。
C0248,双机制,2,wind_tunnel,风眼机制,level.specialEntities[]: reactive_ball/wind_tunnel_entrance + wind_tunnel_exit,board_occlusion,动态棋盘遮挡机制,level.boardOcclusionPlan,2,wind_tunnel_entrance,风眼入口,level.specialEntities[]: reactive_ball/wind_tunnel_entrance,wind_tunnel_exit,风眼出口,level.specialEntities[]: reactive_ball/wind_tunnel_exit,,,,normal,shot_limited,6,高,F 固定/系统排期,0,441,机制熟悉后的遮挡组合,50,按31关后遮挡覆盖策略；同一组合至少间隔50关,权重为0，不进入普通随机池，必须由对应模式或系统策略显式排期。,G01|G02|N13|M01|C03,G01 同关最多2种机制、3种特殊球类型；特殊实体ID与坐标必须唯一，且只能配置在layout的空位'.'。；G02 组合表只判定机制类型能否共存；具体行列、数量、颜色、通道和目标仍必须通过LevelConfigLoader及专项校验器。；N13 风眼必须恰好1个入口且至少2个出口；入口可命中，出口坐标有效且不得与其他特殊实体重叠。；M01 动态遮挡不能覆盖特殊实体；限球关按发射数、限时关按秒清除；单目标和多目标救援均禁用。；C03 动态棋盘遮挡可与基础机制及除多精灵救援外的新增机制共存。
C0249,双机制,2,rainbow_prism,彩虹棱镜球机制,level.initialPowerups.rainbow_prism_ball,board_occlusion,动态棋盘遮挡机制,level.boardOcclusionPlan,0,,,,,,,,,,normal,shot_limited,5,中,F 固定/系统排期,0,451,机制熟悉后的遮挡组合,50,按31关后遮挡覆盖策略；同一组合至少间隔50关,权重为0，不进入普通随机池，必须由对应模式或系统策略显式排期。,G01|G02|N14|M01|C03,G01 同关最多2种机制、3种特殊球类型；特殊实体ID与坐标必须唯一，且只能配置在layout的空位'.'。；G02 组合表只判定机制类型能否共存；具体行列、数量、颜色、通道和目标仍必须通过LevelConfigLoader及专项校验器。；N14 彩虹棱镜球通过initialPowerups.rainbow_prism_ball配置，不写入棋盘specialEntities。；M01 动态遮挡不能覆盖特殊实体；限球关按发射数、限时关按秒清除；单目标和多目标救援均禁用。；C03 动态棋盘遮挡可与基础机制及除多精灵救援外的新增机制共存。
C0250,双机制,2,board_occlusion,动态棋盘遮挡机制,level.boardOcclusionPlan,timed_mode,限时模式,level.levelType + level.playMode + level.timeBonusBalls[],1,time_bonus_ball,加时球,level.timeBonusBalls[],,,,,,,special_floating_island,timed_infinite_shots,6,高,F 固定/系统排期,0,40,限时关搭档轮换,50,限时模式每10关；同一搭档至少间隔50关,权重为0，不进入普通随机池，必须由对应模式或系统策略显式排期。,G01|G02|M01|M02|C04,G01 同关最多2种机制、3种特殊球类型；特殊实体ID与坐标必须唯一，且只能配置在layout的空位'.'。；G02 组合表只判定机制类型能否共存；具体行列、数量、颜色、通道和目标仍必须通过LevelConfigLoader及专项校验器。；M01 动态遮挡不能覆盖特殊实体；限球关按发射数、限时关按秒清除；单目标和多目标救援均禁用。；M02 限时模式固定special_floating_island/timed_infinite_shots，必须配置2至5个加时球，每个bonusSeconds固定为5。；C04 限时模式只与基础机制或动态棋盘遮挡组合。
