"levelId","code","levelType","playMode","passed","simulatorError","attempt","seed","state","shotLimit","shotsFired","clearRemainingShots","timeLimitSeconds","remainingTimeSeconds","score","boardCells","sourceName","errorMessage"
"1","L001_CLUSTER_FUNDAMENTALS","normal","shot_limited","true","false","1","451515583","won_settlement_pending","12","4","8","","","18858","0","level_001.json",""
"2","L002_CLUSTER_FUNDAMENTALS","normal","shot_limited","true","false","1","3098549868","won_settlement_pending","15","11","4","","","5827","0","level_002.json",""
"3","L003_CLUSTER_FUNDAMENTALS","normal","shot_limited","true","false","1","1584955421","won_settlement_pending","11","5","6","","","23580","0","level_003.json",""
"4","L004_CLUSTER_FUNDAMENTALS","normal","shot_limited","true","false","1","4228058058","won_settlement_pending","10","9","1","","","9366","0","level_004.json",""
"5","L005_CLUSTER_FUNDAMENTALS","normal","shot_limited","true","false","1","2479590779","won_settlement_pending","10","4","6","","","7287","0","level_005.json",""
"6","L006_CLUSTER_FUNDAMENTALS","normal","shot_limited","true","false","1","831665960","won_settlement_pending","14","13","1","","","8465","0","level_006.json",""
"7","L007_CLUSTER_FUNDAMENTALS","normal","shot_limited","true","false","1","3613048537","won_settlement_pending","10","5","5","","","12476","0","level_007.json",""
"8","L008_CLUSTER_FUNDAMENTALS","normal","shot_limited","true","false","1","1969561734","won_settlement_pending","13","7","6","","","33440","0","level_008.json",""
"9","L009_CLUSTER_FUNDAMENTALS","normal","shot_limited","true","false","1","187542071","won_settlement_pending","23","7","16","","","22567","0","level_009.json",""
"10","L010_LEGACY_SKILL_INTRO","special_floating_island","timed_infinite_shots","true","false","1","2868129252","won","","10","","90","79.45","7942","0","level_010.json",""
"11","L011_LEGACY_SKILL_INTRO","normal","shot_limited","true","false","1","1220335509","won_settlement_pending","10","8","2","","","9398","0","levels_pack_011_100.json#level_011",""
"12","L012_LEGACY_SKILL_INTRO","normal","shot_limited","true","false","1","3997653314","won_settlement_pending","12","4","8","","","19500","0","levels_pack_011_100.json#level_012",""
"13","L013_LEGACY_SKILL_INTRO","normal","shot_limited","false","false","1","2349842675","out_of_shots_add_ball_prompt","12","12","0","","","3803","13","levels_pack_011_100.json#level_013",""
"14","L014_LEGACY_SKILL_INTRO","normal","shot_limited","true","false","1","601246368","won_settlement_pending","10","8","2","","","7766","0","levels_pack_011_100.json#level_014",""
"15","L015_LEGACY_SKILL_INTRO","normal","shot_limited","true","false","2","1336054472","won_settlement_pending","17","6","11","","","12896","0","levels_pack_011_100.json#level_015",""
"16","L016_ICE_ROUTE_TRAINING","normal","shot_limited","true","false","1","1739159070","won_settlement_pending","21","6","15","","","20661","0","levels_pack_011_100.json#level_016",""
"17","L017_ICE_ROUTE_TRAINING","normal","shot_limited","true","false","1","91355599","won_settlement_pending","10","10","0","","","14706","0","levels_pack_011_100.json#level_017",""
"18","L018_ICE_ROUTE_TRAINING","normal","shot_limited","true","false","1","2604163964","won_settlement_pending","24","7","17","","","15964","0","levels_pack_011_100.json#level_018",""
"19","L019_ICE_ROUTE_TRAINING","normal","shot_limited","true","false","1","985720109","won_settlement_pending","24","7","17","","","35663","0","levels_pack_011_100.json#level_019",""
"20","L020_ICE_ROUTE_TRAINING","special_floating_island","timed_infinite_shots","true","false","1","3633016026","won","","21","","90","63.05","9669","0","levels_pack_011_100.json#level_020",""
"21","L021_ICE_ROUTE_TRAINING","normal","shot_limited","true","false","1","2119308939","won_settlement_pending","17","12","5","","","9818","0","levels_pack_011_100.json#level_021",""
"22","L022_ICE_ROUTE_TRAINING","normal","shot_limited","true","false","1","471504952","won_settlement_pending","12","10","2","","","13051","0","levels_pack_011_100.json#level_022",""
"23","L023_ICE_ROUTE_TRAINING","normal","shot_limited","true","false","2","1008295280","won_settlement_pending","24","8","16","","","37239","0","levels_pack_011_100.json#level_023",""
"24","L024_ICE_ROUTE_TRAINING","normal","shot_limited","true","false","1","1374520726","won_settlement_pending","16","14","2","","","8526","0","levels_pack_011_100.json#level_024",""
"25","L025_TRAPPED_SPRITE_RESCUE","trapped_sprite_rescue","shot_limited","false","true","1","4155772743","simulator_error","34","5","29","","","690","69","levels_pack_011_100.json#level_025","Trapped sprite rescue bubble impact requires an attachment cell."
"26","L026_ICE_ROUTE_TRAINING","normal","shot_limited","true","false","1","2507978484","won_settlement_pending","13","10","3","","","10885","0","levels_pack_011_100.json#level_026",""
"27","L027_ICE_ROUTE_TRAINING","normal","shot_limited","true","false","1","721893541","won_settlement_pending","25","11","14","","","16509","0","levels_pack_011_100.json#level_027",""
"28","L028_ICE_ROUTE_TRAINING","normal","shot_limited","false","false","1","3402605138","lost_objective","23","11","12","","","4422","0","levels_pack_011_100.json#level_028",""
"29","L029_ICE_ROUTE_TRAINING","normal","shot_limited","true","false","1","1754670083","won_settlement_pending","18","14","4","","","16390","0","levels_pack_011_100.json#level_029",""
"30","L030_ICE_ROUTE_TRAINING","special_floating_island","timed_infinite_shots","true","false","1","241086384","won","","18","","90","64.55","10795","0","levels_pack_011_100.json#level_030",""
"31","L031_ICE_ROUTE_TRAINING","normal","shot_limited","true","false","1","2892583265","won_settlement_pending","11","7","4","","","23374","0","levels_pack_011_100.json#level_031",""
"32","L032_ICE_ROUTE_TRAINING","normal","shot_limited","true","false","2","3423438263","won_settlement_pending","11","10","1","","","29384","0","levels_pack_011_100.json#level_032",""
"33","L033_ICE_ROUTE_TRAINING","normal","shot_limited","true","false","1","3791143647","won_settlement_pending","20","10","10","","","17247","0","levels_pack_011_100.json#level_033",""
"34","L034_ICE_ROUTE_TRAINING","normal","shot_limited","true","false","1","2273363084","won_settlement_pending","20","20","0","","","7551","0","levels_pack_011_100.json#level_034",""
"35","L035_ICE_ROUTE_TRAINING","normal","shot_limited","true","false","1","625692221","won_settlement_pending","22","18","4","","","15342","0","levels_pack_011_100.json#level_035",""
"36","L036_ICE_ROUTE_TRAINING","normal","shot_limited","true","false","1","3138646506","won_settlement_pending","23","8","15","","","38345","0","levels_pack_011_100.json#level_036",""
"37","L037_ICE_ROUTE_TRAINING","normal","shot_limited","true","false","2","3571852546","won_settlement_pending","12","11","1","","","12634","0","levels_pack_011_100.json#level_037",""
"38","L038_ICE_ROUTE_TRAINING","normal","shot_limited","true","false","1","4175625544","won_settlement_pending","25","21","4","","","10741","0","levels_pack_011_100.json#level_038",""
"39","L039_ICE_ROUTE_TRAINING","normal","shot_limited","false","false","1","2662163705","out_of_shots_add_ball_prompt","16","16","0","","","4955","39","levels_pack_011_100.json#level_039",""
"40","L040_ICE_ROUTE_TRAINING","special_floating_island","timed_infinite_shots","true","false","1","1014361766","won","","27","","90","51.95","12385","0","levels_pack_011_100.json#level_040",""
"41","L041_MOLOTOV_INTRO","normal","shot_limited","true","false","1","3527184471","won_settlement_pending","20","6","14","","","32405","0","levels_pack_011_100.json#level_041",""
"42","L042_TRAPPED_SPRITE_RESCUE","trapped_sprite_rescue","shot_limited","true","false","1","1908873732","won_settlement_pending","31","17","14","","","14901","0","levels_pack_011_100.json#level_042",""
"43","L043_MOLOTOV_INTRO","normal","shot_limited","true","false","1","395287989","won_settlement_pending","19","13","6","","","20123","0","levels_pack_011_100.json#level_043",""
"44","L044_MOLOTOV_INTRO","normal","shot_limited","false","false","1","3042314082","lost_objective","13","9","4","","","5079","0","levels_pack_011_100.json#level_044",""
"45","L045_MOLOTOV_INTRO","normal","shot_limited","true","false","1","1260292371","won_settlement_pending","11","9","2","","","32132","0","levels_pack_011_100.json#level_045",""
"46","L046_MOLOTOV_INTRO","normal","shot_limited","true","false","1","3911790784","won_settlement_pending","13","7","6","","","36423","0","levels_pack_011_100.json#level_046",""
"47","L047_MOLOTOV_INTRO","normal","shot_limited","true","false","1","2297543281","won_settlement_pending","19","11","8","","","10274","0","levels_pack_011_100.json#level_047",""
"48","L048_MOLOTOV_INTRO","normal","shot_limited","true","false","1","783825982","won_settlement_pending","12","7","5","","","30275","0","levels_pack_011_100.json#level_048",""
"49","L049_MOLOTOV_INTRO","normal","shot_limited","false","false","2","1115486582","out_of_shots_add_ball_prompt","13","13","0","","","18223","45","levels_pack_011_100.json#level_049",""
"50","L050_MOLOTOV_INTRO","special_floating_island","timed_infinite_shots","true","false","1","1644898716","won","","14","","90","71.4","20538","0","levels_pack_011_100.json#level_050",""
"51","L051_MOLOTOV_INTRO","normal","shot_limited","true","false","1","30659405","won_settlement_pending","11","7","4","","","28680","0","levels_pack_011_100.json#level_051",""
"52","L052_MOLOTOV_INTRO","normal","shot_limited","true","false","1","2811910906","won_settlement_pending","15","14","1","","","8993","0","levels_pack_011_100.json#level_052",""
"53","L053_MOLOTOV_INTRO","normal","shot_limited","true","false","1","1168301227","won_settlement_pending","18","15","3","","","35486","2","levels_pack_011_100.json#level_053",""
"54","L054_MOLOTOV_INTRO","normal","shot_limited","true","false","2","1431378113","won_settlement_pending","20","15","5","","","19687","2","levels_pack_011_100.json#level_054",""
"55","L055_MOLOTOV_INTRO","normal","shot_limited","true","false","1","2033567753","won_settlement_pending","18","12","6","","","35212","0","levels_pack_011_100.json#level_055",""
"56","L056_MOLOTOV_INTRO","normal","shot_limited","true","false","1","419197878","won_settlement_pending","19","17","2","","","18781","0","levels_pack_011_100.json#level_056",""
"57","L057_MOLOTOV_INTRO","normal","shot_limited","true","false","2","817409022","won_settlement_pending","17","15","2","","","19852","0","levels_pack_011_100.json#level_057",""
"58","L058_MOLOTOV_INTRO","normal","shot_limited","true","false","1","1548713748","won_settlement_pending","13","7","6","","","17223","0","levels_pack_011_100.json#level_058",""
"59","L059_MOLOTOV_INTRO","normal","shot_limited","true","false","1","4061652677","won_settlement_pending","28","16","12","","","27413","2","levels_pack_011_100.json#level_059",""
"60","L060_MOLOTOV_INTRO","special_floating_island","timed_infinite_shots","true","false","1","2447272050","won","","17","","90","59.4","10893","2","levels_pack_011_100.json#level_060",""
"61","L061_SPLITTER_INTRO","normal","shot_limited","true","false","1","938021411","won_settlement_pending","25","11","14","","","17026","0","levels_pack_011_100.json#level_061",""
"62","L062_SPLITTER_INTRO","normal","shot_limited","true","false","2","1536019273","won_settlement_pending","14","10","4","","","22245","0","levels_pack_011_100.json#level_062",""
"63","L063_TRAPPED_SPRITE_RESCUE","trapped_sprite_rescue","shot_limited","true","false","1","1803034497","won_settlement_pending","37","8","29","","","89969","0","levels_pack_011_100.json#level_063",""
"64","L064_SPLITTER_INTRO","normal","shot_limited","false","false","2","2268913623","out_of_shots_add_ball_prompt","20","20","0","","","4325","62","levels_pack_011_100.json#level_064",""
"65","L065_SPLITTER_INTRO","normal","shot_limited","true","false","2","653743718","won_settlement_pending","16","16","0","","","8048","0","levels_pack_011_100.json#level_065",""
"66","L066_SPLITTER_INTRO","normal","shot_limited","true","false","1","1318302380","won_settlement_pending","17","14","3","","","15135","0","levels_pack_011_100.json#level_066",""
"67","L067_SPLITTER_INTRO","normal","shot_limited","false","false","1","3965334621","lost_objective","15","12","3","","","4119","0","levels_pack_011_100.json#level_067",""
"68","L068_SPLITTER_INTRO","normal","shot_limited","true","false","1","2187509258","won_settlement_pending","25","21","4","","","15171","0","levels_pack_011_100.json#level_068",""
"69","L069_SPLITTER_INTRO","normal","shot_limited","true","false","1","539828667","won_settlement_pending","18","18","0","","","10664","2","levels_pack_011_100.json#level_069",""
"70","L070_SPLITTER_INTRO","special_floating_island","timed_infinite_shots","true","false","2","1237972465","won","","19","","90","57.55","11679","2","levels_pack_011_100.json#level_070",""
"71","L071_SPLITTER_INTRO","normal","shot_limited","false","false","1","1706831129","out_of_shots_add_ball_prompt","16","16","0","","","8764","36","levels_pack_011_100.json#level_071",""
"72","L072_SPLITTER_INTRO","normal","shot_limited","true","false","1","4215592134","won_settlement_pending","19","19","0","","","10537","0","levels_pack_011_100.json#level_072",""
"73","L073_SPLITTER_INTRO","normal","shot_limited","true","false","1","2567921271","won_settlement_pending","29","26","3","","","17619","0","levels_pack_011_100.json#level_073",""
"74","L074_SPLITTER_INTRO","normal","shot_limited","false","false","1","953663524","out_of_shots_add_ball_prompt","18","18","0","","","20773","13","levels_pack_011_100.json#level_074",""
"75","L075_SPLITTER_INTRO","normal","shot_limited","true","false","1","3734916053","won_settlement_pending","25","8","17","","","25196","0","levels_pack_011_100.json#level_075",""
"76","L076_SPLITTER_INTRO","normal","shot_limited","false","false","1","2091306370","lost_objective","24","18","6","","","5136","0","levels_pack_011_100.json#level_076",""
"77","L077_SPLITTER_INTRO","normal","shot_limited","true","false","2","2622302634","won_settlement_pending","15","13","2","","","18563","0","levels_pack_011_100.json#level_077",""
"78","L078_SPLITTER_INTRO","normal","shot_limited","true","false","2","1040556153","won_settlement_pending","28","19","9","","","14667","0","levels_pack_011_100.json#level_078",""
"79","L079_SPLITTER_INTRO","normal","shot_limited","false","false","2","3657186824","out_of_shots_add_ball_prompt","20","20","0","","","638","93","levels_pack_011_100.json#level_079",""
"80","L080_SPLITTER_INTRO","special_floating_island","timed_infinite_shots","true","false","1","4119390814","won","","24","","90","48.1","10244","2","levels_pack_011_100.json#level_080",""
"81","L081_LOCK_KEY_INTRO","normal","shot_limited","true","false","1","2337500175","won_settlement_pending","25","25","0","","","9111","0","levels_pack_011_100.json#level_081",""
"82","L082_LOCK_KEY_INTRO","normal","shot_limited","false","false","1","689575868","out_of_shots_add_ball_prompt","20","20","0","","","6251","32","levels_pack_011_100.json#level_082",""
"83","L083_LOCK_KEY_INTRO","normal","shot_limited","true","false","1","3475151213","won_settlement_pending","32","27","5","","","10132","0","levels_pack_011_100.json#level_083",""
"84","L084_LOCK_KEY_INTRO","normal","shot_limited","true","false","1","1861026586","won_settlement_pending","20","19","1","","","15789","2","levels_pack_011_100.json#level_084",""
"85","L085_LOCK_KEY_INTRO","normal","shot_limited","true","false","1","213224139","won_settlement_pending","22","20","2","","","24671","0","levels_pack_011_100.json#level_085",""
"86","L086_TRAPPED_SPRITE_RESCUE","trapped_sprite_rescue","shot_limited","false","false","2","742413025","out_of_shots_add_ball_prompt","34","34","0","","","16808","4","levels_pack_011_100.json#level_086",""
"87","L087_LOCK_KEY_INTRO","normal","shot_limited","true","false","2","3459836080","won_settlement_pending","25","22","3","","","20726","2","levels_pack_011_100.json#level_087",""
"88","L088_LOCK_KEY_INTRO","normal","shot_limited","false","false","2","1777559375","lost_objective","33","21","12","","","5593","2","levels_pack_011_100.json#level_088",""
"89","L089_LOCK_KEY_INTRO","normal","shot_limited","false","false","2","195820830","out_of_shots_add_ball_prompt","21","21","0","","","4656","76","levels_pack_011_100.json#level_089",""
"90","L090_LOCK_KEY_INTRO","special_floating_island","timed_infinite_shots","true","false","1","459154740","won","","29","","90","32.95","12415","2","levels_pack_011_100.json#level_090",""
"91","L091_LOCK_KEY_INTRO","normal","shot_limited","true","false","1","3110513893","won_settlement_pending","20","19","1","","","13236","0","levels_pack_011_100.json#level_091",""
"92","L092_LOCK_KEY_INTRO","normal","shot_limited","true","false","1","1597068946","won_settlement_pending","35","14","21","","","9467","0","levels_pack_011_100.json#level_092",""
"93","L093_LOCK_KEY_INTRO","normal","shot_limited","true","false","2","1891993306","won_settlement_pending","22","19","3","","","12475","0","levels_pack_011_100.json#level_093",""
"94","L094_LOCK_KEY_INTRO","normal","shot_limited","false","false","1","2625651696","lost_objective","22","7","15","","","4576","2","levels_pack_011_100.json#level_094",""
"95","L095_LOCK_KEY_INTRO","normal","shot_limited","true","false","1","843629985","won_settlement_pending","24","15","9","","","14111","0","levels_pack_011_100.json#level_095",""
"96","L096_LOCK_KEY_INTRO","normal","shot_limited","true","false","1","3490926446","won_settlement_pending","36","27","9","","","15969","0","levels_pack_011_100.json#level_096",""
"97","L097_LOCK_KEY_INTRO","normal","shot_limited","true","false","1","2010902815","won_settlement_pending","20","11","9","","","17417","2","levels_pack_011_100.json#level_097",""
"98","L098_LOCK_KEY_INTRO","normal","shot_limited","false","false","2","2615027285","lost_objective","20","19","1","","","6557","2","levels_pack_011_100.json#level_098",""
"99","L099_TRAPPED_SPRITE_RESCUE","trapped_sprite_rescue","shot_limited","true","false","1","2880103037","won_settlement_pending","39","26","13","","","17490","0","levels_pack_011_100.json#level_099",""
"100","L100_LOCK_KEY_INTRO","special_floating_island","timed_infinite_shots","true","false","1","1232430122","won","","12","","90","63.85","18548","2","levels_pack_011_100.json#level_100",""
"101","L101_MOLOTOV_SPLITTER_COMBO","normal","shot_limited","true","false","2","1627500866","won_settlement_pending","20","16","4","","","11424","0","levels_pack_101_200.json#level_101",""
"102","L102_MOLOTOV_SPLITTER_COMBO","normal","shot_limited","true","false","1","2395246984","won_settlement_pending","28","12","16","","","22459","0","levels_pack_101_200.json#level_102",""
"103","L103_MOLOTOV_SPLITTER_COMBO","normal","shot_limited","true","false","2","2729657760","won_settlement_pending","18","16","2","","","11148","0","levels_pack_101_200.json#level_103",""
"104","L104_MOLOTOV_SPLITTER_COMBO","normal","shot_limited","true","false","2","1282137215","won_settlement_pending","18","17","1","","","10791","2","levels_pack_101_200.json#level_104",""
"105","L105_MOLOTOV_SPLITTER_COMBO","normal","shot_limited","true","false","2","3995228686","won_settlement_pending","18","18","0","","","8164","0","levels_pack_101_200.json#level_105",""
"106","L106_MOLOTOV_SPLITTER_COMBO","normal","shot_limited","true","false","1","103190084","won_settlement_pending","20","13","7","","","14911","0","levels_pack_101_200.json#level_106",""
"107","L107_MOLOTOV_SPLITTER_COMBO","normal","shot_limited","true","false","2","734883692","won_settlement_pending","18","18","0","","","11508","2","levels_pack_101_200.json#level_107",""
"108","L108_MOLOTOV_SPLITTER_COMBO","normal","shot_limited","false","false","1","1002027938","out_of_shots_add_ball_prompt","18","18","0","","","8277","32","levels_pack_101_200.json#level_108",""
"109","L109_MOLOTOV_SPLITTER_COMBO","normal","shot_limited","true","false","1","3644865875","won_settlement_pending","27","10","17","","","27708","2","levels_pack_101_200.json#level_109",""
"110","L110_MOLOTOV_SPLITTER_COMBO","special_floating_island","timed_infinite_shots","true","false","1","2131273472","won","","28","","90","29.75","11283","2","levels_pack_101_200.json#level_110",""
"111","L111_MOLOTOV_SPLITTER_COMBO","normal","shot_limited","true","false","1","517156529","won_settlement_pending","23","20","3","","","21699","0","levels_pack_101_200.json#level_111",""
"112","L112_MOLOTOV_SPLITTER_COMBO","normal","shot_limited","false","false","2","849841895","out_of_shots_add_ball_prompt","20","20","0","","","10873","17","levels_pack_101_200.json#level_112",""
"113","L113_MOLOTOV_SPLITTER_COMBO","normal","shot_limited","false","false","1","1386371631","out_of_shots_add_ball_prompt","18","18","0","","","30527","27","levels_pack_101_200.json#level_113",""
"114","L114_MOLOTOV_SPLITTER_COMBO","normal","shot_limited","false","false","1","4033535452","out_of_shots_add_ball_prompt","18","18","0","","","16754","31","levels_pack_101_200.json#level_114",""
"115","L115_MOLOTOV_SPLITTER_COMBO","normal","shot_limited","false","false","1","2520074125","out_of_shots_add_ball_prompt","20","20","0","","","9498","48","levels_pack_101_200.json#level_115",""
"116","L116_MOLOTOV_SPLITTER_COMBO","normal","shot_limited","true","false","1","905824570","won_settlement_pending","35","15","20","","","18336","0","levels_pack_101_200.json#level_116",""
"117","L117_MOLOTOV_SPLITTER_COMBO","normal","shot_limited","true","false","1","3414454507","won_settlement_pending","19","19","0","","","17803","2","levels_pack_101_200.json#level_117",""
"118","L118_MOLOTOV_SPLITTER_COMBO","normal","shot_limited","false","false","1","1766652568","out_of_shots_add_ball_prompt","21","21","0","","","10949","31","levels_pack_101_200.json#level_118",""
"119","L119_MOLOTOV_SPLITTER_COMBO","normal","shot_limited","true","false","2","2167087824","won_settlement_pending","27","26","1","","","9563","2","levels_pack_101_200.json#level_119",""
"120","L120_MOLOTOV_SPLITTER_COMBO","special_floating_island","timed_infinite_shots","true","false","1","2933909494","won","","25","","90","35.45","16656","2","levels_pack_101_200.json#level_120",""
"121","L121_MOLOTOV_SPLITTER_COMBO","normal","shot_limited","true","false","1","1290168743","won_settlement_pending","18","10","8","","","30476","0","levels_pack_101_200.json#level_121",""
"122","L122_MOLOTOV_SPLITTER_COMBO","normal","shot_limited","true","false","1","3803255636","won_settlement_pending","34","15","19","","","21374","0","levels_pack_101_200.json#level_122",""
"123","L123_MOLOTOV_SPLITTER_COMBO","normal","shot_limited","true","false","1","2155451653","won_settlement_pending","18","13","5","","","25974","0","levels_pack_101_200.json#level_123",""
"124","L124_MOLOTOV_SPLITTER_COMBO","normal","shot_limited","true","false","1","637541554","won_settlement_pending","20","14","6","","","12630","2","levels_pack_101_200.json#level_124",""
"125","L125_TRAPPED_SPRITE_RESCUE","trapped_sprite_rescue","shot_limited","true","false","2","1274337530","won_settlement_pending","39","12","27","","","13208","0","levels_pack_101_200.json#level_125",""
"126","L126_MOLOTOV_SPLITTER_COMBO","normal","shot_limited","true","false","1","1536362512","won_settlement_pending","24","12","12","","","12065","0","levels_pack_101_200.json#level_126",""
"127","L127_MOLOTOV_SPLITTER_COMBO","normal","shot_limited","true","false","2","2003299672","won_settlement_pending","23","11","12","","","17058","2","levels_pack_101_200.json#level_127",""
"128","L128_MOLOTOV_SPLITTER_COMBO","normal","shot_limited","true","false","2","291400471","won_settlement_pending","26","12","14","","","28425","2","levels_pack_101_200.json#level_128",""
"129","L129_MOLOTOV_SPLITTER_COMBO","normal","shot_limited","true","false","1","1026211647","won_settlement_pending","20","14","6","","","15698","2","levels_pack_101_200.json#level_129",""
"130","L130_MOLOTOV_SPLITTER_COMBO","special_floating_island","timed_infinite_shots","true","false","1","3707053804","won","","7","","90","74.5","15056","2","levels_pack_101_200.json#level_130",""
"131","L131_MOLOTOV_SPLITTER_COMBO","normal","shot_limited","true","false","1","1925032093","won_settlement_pending","23","15","8","","","18025","0","levels_pack_101_200.json#level_131",""
"132","L132_MOLOTOV_SPLITTER_COMBO","normal","shot_limited","true","false","1","272912970","won_settlement_pending","20","15","5","","","14966","0","levels_pack_101_200.json#level_132",""
"133","L133_MOLOTOV_SPLITTER_COMBO","normal","shot_limited","true","false","1","3054294523","won_settlement_pending","18","14","4","","","20307","0","levels_pack_101_200.json#level_133",""
"134","L134_MOLOTOV_SPLITTER_COMBO","normal","shot_limited","true","false","1","1440178088","won_settlement_pending","24","12","12","","","23984","2","levels_pack_101_200.json#level_134",""
"135","L135_MOLOTOV_SPLITTER_COMBO","normal","shot_limited","false","false","1","3953115481","lost_objective","27","5","22","","","6936","0","levels_pack_101_200.json#level_135",""
"136","L136_MOLOTOV_SPLITTER_COMBO","normal","shot_limited","true","false","1","2309376774","won_settlement_pending","19","14","5","","","9460","0","levels_pack_101_200.json#level_136",""
"137","L137_MOLOTOV_SPLITTER_COMBO","normal","shot_limited","false","false","1","795800247","out_of_shots_add_ball_prompt","25","25","0","","","12486","24","levels_pack_101_200.json#level_137",""
"138","L138_MOLOTOV_SPLITTER_COMBO","normal","shot_limited","true","false","2","1124412157","won_settlement_pending","22","14","8","","","13156","2","levels_pack_101_200.json#level_138",""
"139","L139_MOLOTOV_SPLITTER_COMBO","normal","shot_limited","false","false","2","3808272524","out_of_shots_add_ball_prompt","22","22","0","","","7079","15","levels_pack_101_200.json#level_139",""
"140","L140_MOLOTOV_SPLITTER_COMBO","special_floating_island","timed_infinite_shots","true","false","1","42492354","won","","16","","90","53.5","10695","2","levels_pack_101_200.json#level_140",""
"141","L141_SPLITTER_LOCK_COMBO","normal","shot_limited","true","false","1","2689657715","won_settlement_pending","24","15","9","","","12099","0","levels_pack_101_200.json#level_141",""
"142","L142_TRAPPED_SPRITE_RESCUE","trapped_sprite_rescue","shot_limited","true","false","2","3358012345","won_settlement_pending","39","28","11","","","14054","0","levels_pack_101_200.json#level_142",""
"143","L143_SPLITTER_LOCK_COMBO","normal","shot_limited","true","false","1","3827438801","won_settlement_pending","28","14","14","","","17421","0","levels_pack_101_200.json#level_143",""
"144","L144_SPLITTER_LOCK_COMBO","normal","shot_limited","false","false","1","2078973598","out_of_shots_add_ball_prompt","18","18","0","","","6767","30","levels_pack_101_200.json#level_144",""
"145","L145_SPLITTER_LOCK_COMBO","normal","shot_limited","true","false","2","2542362326","won_settlement_pending","24","18","6","","","9275","0","levels_pack_101_200.json#level_145",""
"146","L146_SPLITTER_LOCK_COMBO","normal","shot_limited","true","false","1","3212676092","won_settlement_pending","28","28","0","","","11182","0","levels_pack_101_200.json#level_146",""
"147","L147_SPLITTER_LOCK_COMBO","normal","shot_limited","false","false","1","1560546733","out_of_shots_add_ball_prompt","26","26","0","","","8291","45","levels_pack_101_200.json#level_147",""
"148","L148_SPLITTER_LOCK_COMBO","normal","shot_limited","true","false","1","4241274714","won_settlement_pending","23","14","9","","","42777","2","levels_pack_101_200.json#level_148",""
"149","L149_SPLITTER_LOCK_COMBO","normal","shot_limited","false","false","2","480995218","out_of_shots_add_ball_prompt","38","38","0","","","8587","16","levels_pack_101_200.json#level_149",""
"150","L150_SPLITTER_LOCK_COMBO","special_floating_island","timed_infinite_shots","true","false","1","811573432","won","","21","","90","52.35","10289","2","levels_pack_101_200.json#level_150",""
"151","L151_SPLITTER_LOCK_COMBO","normal","shot_limited","true","false","1","3597019753","won_settlement_pending","18","13","5","","","14889","0","levels_pack_101_200.json#level_151",""
"152","L152_SPLITTER_LOCK_COMBO","normal","shot_limited","true","false","1","1949215766","won_settlement_pending","32","9","23","","","42978","0","levels_pack_101_200.json#level_152",""
"153","L153_SPLITTER_LOCK_COMBO","normal","shot_limited","true","false","1","200890311","won_settlement_pending","27","13","14","","","16152","0","levels_pack_101_200.json#level_153",""
"154","L154_SPLITTER_LOCK_COMBO","normal","shot_limited","true","false","2","666732525","won_settlement_pending","35","23","12","","","23621","2","levels_pack_101_200.json#level_154",""
"155","L155_SPLITTER_LOCK_COMBO","normal","shot_limited","false","false","1","1330135845","out_of_shots_add_ball_prompt","25","25","0","","","4370","25","levels_pack_101_200.json#level_155",""
"156","L156_SPLITTER_LOCK_COMBO","normal","shot_limited","true","false","2","1663865931","won_settlement_pending","32","28","4","","","10817","0","levels_pack_101_200.json#level_156",""
"157","L157_SPLITTER_LOCK_COMBO","normal","shot_limited","true","false","1","2363182211","won_settlement_pending","32","18","14","","","28810","2","levels_pack_101_200.json#level_157",""
"158","L158_SPLITTER_LOCK_COMBO","normal","shot_limited","false","false","1","585365040","lost_objective","26","23","3","","","5071","2","levels_pack_101_200.json#level_158",""
"159","L159_SPLITTER_LOCK_COMBO","normal","shot_limited","true","false","2","1318463352","won_settlement_pending","38","31","7","","","13116","2","levels_pack_101_200.json#level_159",""
"160","L160_SPLITTER_LOCK_COMBO","special_floating_island","timed_infinite_shots","false","false","2","3897474359","lost_objective","","41","","90","0","8983","25","levels_pack_101_200.json#level_160",""
"161","L161_SPLITTER_LOCK_COMBO","normal","shot_limited","true","false","1","71132511","won_settlement_pending","24","18","6","","","18518","0","levels_pack_101_200.json#level_161",""
"162","L162_SPLITTER_LOCK_COMBO","normal","shot_limited","true","false","1","2613440268","won_settlement_pending","35","28","7","","","10118","0","levels_pack_101_200.json#level_162",""
"163","L163_TRAPPED_SPRITE_RESCUE","trapped_sprite_rescue","shot_limited","true","false","2","3081816100","won_settlement_pending","39","12","27","","","62190","0","levels_pack_101_200.json#level_163",""
"164","L164_SPLITTER_LOCK_COMBO","normal","shot_limited","false","false","2","1365985011","out_of_shots_add_ball_prompt","26","26","0","","","4484","46","levels_pack_101_200.json#level_164",""
"165","L165_SPLITTER_LOCK_COMBO","normal","shot_limited","false","false","1","2099216923","lost_objective","36","20","16","","","7606","0","levels_pack_101_200.json#level_165",""
"166","L166_SPLITTER_LOCK_COMBO","normal","shot_limited","true","false","2","2635750225","won_settlement_pending","22","16","6","","","15298","0","levels_pack_101_200.json#level_166",""
"167","L167_SPLITTER_LOCK_COMBO","normal","shot_limited","true","false","1","3001978745","won_settlement_pending","36","32","4","","","11678","2","levels_pack_101_200.json#level_167",""
"168","L168_SPLITTER_LOCK_COMBO","normal","shot_limited","false","false","1","1354314022","out_of_shots_add_ball_prompt","29","29","0","","","6884","42","levels_pack_101_200.json#level_168",""
"169","L169_SPLITTER_LOCK_COMBO","normal","shot_limited","false","false","2","2021516878","out_of_shots_add_ball_prompt","29","29","0","","","4990","47","levels_pack_101_200.json#level_169",""
"170","L170_SPLITTER_LOCK_COMBO","special_floating_island","timed_infinite_shots","true","false","2","439647261","won","","31","","90","22.55","8912","2","levels_pack_101_200.json#level_170",""
"171","L171_SPLITTER_LOCK_COMBO","normal","shot_limited","true","false","2","2783771308","won_settlement_pending","35","29","6","","","8433","0","levels_pack_101_200.json#level_171",""
"172","L172_SPLITTER_LOCK_COMBO","normal","shot_limited","true","false","1","3382390754","won_settlement_pending","35","26","9","","","9279","0","levels_pack_101_200.json#level_172",""
"173","L173_SPLITTER_LOCK_COMBO","normal","shot_limited","true","false","1","1873006995","won_settlement_pending","35","28","7","","","10272","0","levels_pack_101_200.json#level_173",""
"174","L174_SPLITTER_LOCK_COMBO","normal","shot_limited","false","false","1","225073984","out_of_shots_add_ball_prompt","35","35","0","","","4017","32","levels_pack_101_200.json#level_174",""
"175","L175_SPLITTER_LOCK_COMBO","normal","shot_limited","true","false","2","755932264","won_settlement_pending","28","26","2","","","23246","0","levels_pack_101_200.json#level_175",""
"176","L176_SPLITTER_LOCK_COMBO","normal","shot_limited","false","false","2","3435207207","out_of_shots_add_ball_prompt","21","21","0","","","10025","25","levels_pack_101_200.json#level_176",""
"177","L177_SPLITTER_LOCK_COMBO","normal","shot_limited","true","false","1","3766865519","won_settlement_pending","32","20","12","","","18141","2","levels_pack_101_200.json#level_177",""
"178","L178_SPLITTER_LOCK_COMBO","normal","shot_limited","true","false","1","2253156380","won_settlement_pending","19","16","3","","","14947","2","levels_pack_101_200.json#level_178",""
"179","L179_SPLITTER_LOCK_COMBO","normal","shot_limited","false","false","1","605354957","out_of_shots_add_ball_prompt","20","20","0","","","4358","23","levels_pack_101_200.json#level_179",""
"180","L180_SPLITTER_LOCK_COMBO","special_floating_island","timed_infinite_shots","false","false","2","904078307","lost_objective","","41","","90","0","7634","22","levels_pack_101_200.json#level_180",""
"181","L181_FULL_REACTIVE_EXAM","normal","shot_limited","false","false","1","1508370219","out_of_shots_add_ball_prompt","24","24","0","","","4712","26","levels_pack_101_200.json#level_181",""
"182","L182_FULL_REACTIVE_EXAM","normal","shot_limited","false","false","1","4289621720","out_of_shots_add_ball_prompt","19","19","0","","","8435","15","levels_pack_101_200.json#level_182",""
"183","L183_FULL_REACTIVE_EXAM","normal","shot_limited","false","false","1","2641957001","out_of_shots_add_ball_prompt","25","25","0","","","9145","27","levels_pack_101_200.json#level_183",""
"184","L184_FULL_REACTIVE_EXAM","normal","shot_limited","true","false","1","855743030","won_settlement_pending","27","21","6","","","9628","2","levels_pack_101_200.json#level_184",""
"185","L185_FULL_REACTIVE_EXAM","normal","shot_limited","true","false","2","1559511934","won_settlement_pending","33","22","11","","","15341","0","levels_pack_101_200.json#level_185",""
"186","L186_TRAPPED_SPRITE_RESCUE","trapped_sprite_rescue","shot_limited","true","false","1","1888520084","won_settlement_pending","39","19","20","","","32646","0","levels_pack_101_200.json#level_186",""
"187","L187_FULL_REACTIVE_EXAM","normal","shot_limited","true","false","2","2556909532","won_settlement_pending","29","9","20","","","19067","2","levels_pack_101_200.json#level_187",""
"188","L188_FULL_REACTIVE_EXAM","normal","shot_limited","true","false","1","3026432242","won_settlement_pending","28","20","8","","","11688","2","levels_pack_101_200.json#level_188",""
"189","L189_FULL_REACTIVE_EXAM","normal","shot_limited","false","false","2","3289801786","out_of_shots_add_ball_prompt","34","34","0","","","5508","37","levels_pack_101_200.json#level_189",""
"190","L190_FULL_REACTIVE_EXAM","special_floating_island","timed_infinite_shots","true","false","1","3924999248","won","","38","","90","18.05","9375","2","levels_pack_101_200.json#level_190",""
"191","L191_FULL_REACTIVE_EXAM","normal","shot_limited","true","false","1","2411537921","won_settlement_pending","20","13","7","","","10526","0","levels_pack_101_200.json#level_191",""
"192","L192_FULL_REACTIVE_EXAM","normal","shot_limited","true","false","1","759540174","won_settlement_pending","29","8","21","","","29633","0","levels_pack_101_200.json#level_192",""
"193","L193_FULL_REACTIVE_EXAM","normal","shot_limited","false","false","2","1294994918","out_of_shots_add_ball_prompt","24","24","0","","","4663","39","levels_pack_101_200.json#level_193",""
"194","L194_FULL_REACTIVE_EXAM","normal","shot_limited","true","false","1","1658115372","won_settlement_pending","36","27","9","","","19498","2","levels_pack_101_200.json#level_194",""
"195","L195_FULL_REACTIVE_EXAM","normal","shot_limited","true","false","1","10443997","won_settlement_pending","26","12","14","","","17310","0","levels_pack_101_200.json#level_195",""
"196","L196_FULL_REACTIVE_EXAM","normal","shot_limited","true","false","1","2796013194","won_settlement_pending","18","14","4","","","21423","0","levels_pack_101_200.json#level_196",""
"197","L197_FULL_REACTIVE_EXAM","normal","shot_limited","true","false","1","1148078139","won_settlement_pending","21","10","11","","","15607","2","levels_pack_101_200.json#level_197",""
"198","L198_FULL_REACTIVE_EXAM","normal","shot_limited","false","false","1","3661034472","lost_objective","33","15","18","","","8435","2","levels_pack_101_200.json#level_198",""
"199","L199_TRAPPED_SPRITE_RESCUE","trapped_sprite_rescue","shot_limited","true","false","2","4160563968","won_settlement_pending","41","19","22","","","36639","0","levels_pack_101_200.json#level_199",""
"200","L200_FULL_REACTIVE_EXAM","special_floating_island","timed_infinite_shots","false","false","1","529137478","lost_objective","","41","","90","0","3179","55","levels_pack_101_200.json#level_200",""
"201","L201_BLAST_CHAIN_ROUTES","normal","shot_limited","true","false","1","3176163063","won_settlement_pending","20","15","5","","","13293","0","levels_pack_201_300.json#level_201",""
"202","L202_BLAST_CHAIN_ROUTES","normal","shot_limited","true","false","1","1394141348","won_settlement_pending","35","18","17","","","22913","0","levels_pack_201_300.json#level_202",""
"203","L203_BLAST_CHAIN_ROUTES","normal","shot_limited","true","false","1","4045640277","won_settlement_pending","35","27","8","","","17116","0","levels_pack_201_300.json#level_203",""
"204","L204_BLAST_CHAIN_ROUTES","normal","shot_limited","true","false","2","517360283","won_settlement_pending","20","18","2","","","22779","2","levels_pack_201_300.json#level_204",""
"205","L205_BLAST_CHAIN_ROUTES","normal","shot_limited","false","false","1","917675955","out_of_shots_add_ball_prompt","23","23","0","","","11773","34","levels_pack_201_300.json#level_205",""
"206","L206_BLAST_CHAIN_ROUTES","normal","shot_limited","false","false","1","3564962144","out_of_shots_add_ball_prompt","18","18","0","","","10080","42","levels_pack_201_300.json#level_206",""
"207","L207_BLAST_CHAIN_ROUTES","normal","shot_limited","false","false","2","3828995464","out_of_shots_add_ball_prompt","19","19","0","","","4447","37","levels_pack_201_300.json#level_207",""
"208","L208_BLAST_CHAIN_ROUTES","normal","shot_limited","true","false","2","2280680519","won_settlement_pending","24","16","8","","","23854","2","levels_pack_201_300.json#level_208",""
"209","L209_BLAST_CHAIN_ROUTES","normal","shot_limited","false","false","2","564718102","out_of_shots_add_ball_prompt","20","20","0","","","1397","80","levels_pack_201_300.json#level_209",""
"210","L210_BLAST_CHAIN_ROUTES","special_floating_island","timed_infinite_shots","true","false","2","3278069925","won","","27","","90","30.9","11915","4","levels_pack_201_300.json#level_210",""
"211","L211_BLAST_CHAIN_ROUTES","normal","shot_limited","true","false","1","3815219693","won_settlement_pending","28","15","13","","","12768","0","levels_pack_201_300.json#level_211",""
"212","L212_BLAST_CHAIN_ROUTES","normal","shot_limited","true","false","1","2167286682","won_settlement_pending","25","25","0","","","10357","0","levels_pack_201_300.json#level_212",""
"213","L213_BLAST_CHAIN_ROUTES","normal","shot_limited","false","false","1","553037131","out_of_shots_add_ball_prompt","20","20","0","","","25253","11","levels_pack_201_300.json#level_213",""
"214","L214_BLAST_CHAIN_ROUTES","normal","shot_limited","true","false","1","3330364664","won_settlement_pending","20","13","7","","","12474","2","levels_pack_201_300.json#level_214",""
"215","L215_BLAST_CHAIN_ROUTES","normal","shot_limited","true","false","1","1682562729","won_settlement_pending","26","19","7","","","16997","0","levels_pack_201_300.json#level_215",""
"216","L216_BLAST_CHAIN_ROUTES","normal","shot_limited","false","false","2","1949048527","out_of_shots_add_ball_prompt","18","18","0","","","3817","45","levels_pack_201_300.json#level_216",""
"217","L217_BLAST_CHAIN_ROUTES","normal","shot_limited","true","false","1","2581121543","won_settlement_pending","26","12","14","","","17464","2","levels_pack_201_300.json#level_217",""
"218","L218_BLAST_CHAIN_ROUTES","normal","shot_limited","true","false","1","1071861172","won_settlement_pending","28","17","11","","","18128","2","levels_pack_201_300.json#level_218",""
"219","L219_BLAST_CHAIN_ROUTES","normal","shot_limited","false","false","2","1402448380","out_of_shots_add_ball_prompt","35","35","0","","","8266","36","levels_pack_201_300.json#level_219",""
"220","L220_BLAST_CHAIN_ROUTES","special_floating_island","timed_infinite_shots","true","false","1","1936881938","won","","38","","90","28.4","17924","4","levels_pack_201_300.json#level_220",""
"221","L221_BLAST_CHAIN_ROUTES","normal","shot_limited","true","false","1","289071299","won_settlement_pending","35","23","12","","","11206","0","levels_pack_201_300.json#level_221",""
"222","L222_BLAST_CHAIN_ROUTES","normal","shot_limited","true","false","1","2965727856","won_settlement_pending","26","13","13","","","31572","0","levels_pack_201_300.json#level_222",""
"223","L223_BLAST_CHAIN_ROUTES","normal","shot_limited","false","false","2","3635524280","out_of_shots_add_ball_prompt","18","18","0","","","12425","24","levels_pack_201_300.json#level_223",""
"224","L224_BLAST_CHAIN_ROUTES","normal","shot_limited","true","false","2","2053687671","won_settlement_pending","35","15","20","","","18172","2","levels_pack_201_300.json#level_224",""
"225","L225_TRAPPED_SPRITE_RESCUE","trapped_sprite_rescue","shot_limited","false","true","2","69420806","simulator_error","39","6","33","","","345","88","levels_pack_201_300.json#level_225","Trapped sprite rescue bubble impact requires an attachment cell."
"226","L226_BLAST_CHAIN_ROUTES","normal","shot_limited","true","false","1","673678156","won_settlement_pending","19","13","6","","","13961","0","levels_pack_201_300.json#level_226",""
"227","L227_BLAST_CHAIN_ROUTES","normal","shot_limited","false","false","1","3488484093","out_of_shots_add_ball_prompt","20","20","0","","","9673","13","levels_pack_201_300.json#level_227",""
"228","L228_BLAST_CHAIN_ROUTES","normal","shot_limited","true","false","1","1840680106","won_settlement_pending","25","17","8","","","11023","2","levels_pack_201_300.json#level_228",""
"229","L229_BLAST_CHAIN_ROUTES","normal","shot_limited","false","false","1","54605403","out_of_shots_add_ball_prompt","24","24","0","","","7572","17","levels_pack_201_300.json#level_229",""
"230","L230_BLAST_CHAIN_ROUTES","special_floating_island","timed_infinite_shots","false","false","2","792061585","lost_objective","","44","","90","0","5879","75","levels_pack_201_300.json#level_230",""
"231","L231_BLAST_CHAIN_ROUTES","normal","shot_limited","true","false","1","1087382457","won_settlement_pending","29","12","17","","","35060","0","levels_pack_201_300.json#level_231",""
"232","L232_BLAST_CHAIN_ROUTES","normal","shot_limited","true","false","1","3868763494","won_settlement_pending","24","14","10","","","9913","0","levels_pack_201_300.json#level_232",""
"233","L233_BLAST_CHAIN_ROUTES","normal","shot_limited","false","false","2","178221454","out_of_shots_add_ball_prompt","18","18","0","","","12002","25","levels_pack_201_300.json#level_233",""
"234","L234_BLAST_CHAIN_ROUTES","normal","shot_limited","true","false","1","443274948","won_settlement_pending","22","22","0","","","13932","2","levels_pack_201_300.json#level_234",""
"235","L235_BLAST_CHAIN_ROUTES","normal","shot_limited","true","false","1","3090307189","won_settlement_pending","28","19","9","","","13835","0","levels_pack_201_300.json#level_235",""
"236","L236_BLAST_CHAIN_ROUTES","normal","shot_limited","true","false","1","1610269218","won_settlement_pending","33","20","13","","","20896","0","levels_pack_201_300.json#level_236",""
"237","L237_BLAST_CHAIN_ROUTES","normal","shot_limited","false","false","2","1941510986","out_of_shots_add_ball_prompt","19","19","0","","","6896","20","levels_pack_201_300.json#level_237",""
"238","L238_BLAST_CHAIN_ROUTES","normal","shot_limited","true","false","1","2471350144","won_settlement_pending","36","34","2","","","12394","2","levels_pack_201_300.json#level_238",""
"239","L239_BLAST_CHAIN_ROUTES","normal","shot_limited","true","false","2","3207081896","won_settlement_pending","28","18","10","","","15769","4","levels_pack_201_300.json#level_239",""
"240","L240_BLAST_CHAIN_ROUTES","special_floating_island","timed_infinite_shots","false","false","2","1591780967","lost_objective","","43","","90","0","2853","57","levels_pack_201_300.json#level_240",""
"241","L241_BLAST_CHAIN_ROUTES","normal","shot_limited","true","false","1","1994875567","won_settlement_pending","32","22","10","","","25152","0","levels_pack_201_300.json#level_241",""
"242","L242_TRAPPED_SPRITE_RESCUE","trapped_sprite_rescue","shot_limited","true","false","1","347071580","won_settlement_pending","39","29","10","","","20052","0","levels_pack_201_300.json#level_242",""
"243","L243_BLAST_CHAIN_ROUTES","normal","shot_limited","true","false","2","608841876","won_settlement_pending","18","12","6","","","15943","0","levels_pack_201_300.json#level_243",""
"244","L244_BLAST_CHAIN_ROUTES","normal","shot_limited","false","false","1","1208029626","out_of_shots_add_ball_prompt","24","24","0","","","7690","29","levels_pack_201_300.json#level_244",""
"245","L245_BLAST_CHAIN_ROUTES","normal","shot_limited","true","false","1","4022967147","won_settlement_pending","32","12","20","","","44270","0","levels_pack_201_300.json#level_245",""
"246","L246_BLAST_CHAIN_ROUTES","normal","shot_limited","true","false","2","61621121","won_settlement_pending","35","30","5","","","12242","0","levels_pack_201_300.json#level_246",""
"247","L247_BLAST_CHAIN_ROUTES","normal","shot_limited","true","false","1","593003721","won_settlement_pending","30","28","2","","","9150","2","levels_pack_201_300.json#level_247",""
"248","L248_BLAST_CHAIN_ROUTES","normal","shot_limited","true","false","1","3244494454","won_settlement_pending","34","16","18","","","32545","2","levels_pack_201_300.json#level_248",""
"249","L249_BLAST_CHAIN_ROUTES","normal","shot_limited","false","false","1","1730916391","lost_objective","35","21","14","","","8394","4","levels_pack_201_300.json#level_249",""
"250","L250_BLAST_CHAIN_ROUTES","special_floating_island","timed_infinite_shots","true","false","1","116538324","won","","16","","90","55.15","15002","4","levels_pack_201_300.json#level_250",""
"251","L251_BLAST_CHAIN_ROUTES","normal","shot_limited","true","false","2","713483036","won_settlement_pending","26","22","4","","","15243","0","levels_pack_201_300.json#level_251",""
"252","L252_BLAST_CHAIN_ROUTES","normal","shot_limited","true","false","1","977610546","won_settlement_pending","22","21","1","","","31479","0","levels_pack_201_300.json#level_252",""
"253","L253_BLAST_CHAIN_ROUTES","normal","shot_limited","true","false","1","3624775395","won_settlement_pending","35","12","23","","","13911","0","levels_pack_201_300.json#level_253",""
"254","L254_BLAST_CHAIN_ROUTES","normal","shot_limited","false","false","2","4058517001","out_of_shots_add_ball_prompt","30","30","0","","","15972","10","levels_pack_201_300.json#level_254",""
"255","L255_BLAST_CHAIN_ROUTES","normal","shot_limited","true","false","1","496818753","won_settlement_pending","24","11","13","","","14254","0","levels_pack_201_300.json#level_255",""
"256","L256_BLAST_CHAIN_ROUTES","normal","shot_limited","false","false","2","1033568919","out_of_shots_add_ball_prompt","23","23","0","","","16317","11","levels_pack_201_300.json#level_256",""
"257","L257_BLAST_CHAIN_ROUTES","normal","shot_limited","true","false","1","1366280127","won_settlement_pending","34","27","7","","","11567","2","levels_pack_201_300.json#level_257",""
"258","L258_BLAST_CHAIN_ROUTES","normal","shot_limited","false","false","1","4147530092","out_of_shots_add_ball_prompt","32","32","0","","","7484","37","levels_pack_201_300.json#level_258",""
"259","L259_BLAST_CHAIN_ROUTES","normal","shot_limited","true","false","2","415411588","won_settlement_pending","19","12","7","","","13785","4","levels_pack_201_300.json#level_259",""
"260","L260_BLAST_CHAIN_ROUTES","special_floating_island","timed_infinite_shots","true","false","1","881425098","won","","17","","90","52.3","17455","4","levels_pack_201_300.json#level_260",""
"261","L261_BLAST_CHAIN_ROUTES","normal","shot_limited","false","false","2","1148035810","out_of_shots_add_ball_prompt","19","19","0","","","4705","59","levels_pack_201_300.json#level_261",""
"262","L262_BLAST_CHAIN_ROUTES","normal","shot_limited","true","false","2","3861133489","won_settlement_pending","28","22","6","","","16286","0","levels_pack_201_300.json#level_262",""
"263","L263_TRAPPED_SPRITE_RESCUE","trapped_sprite_rescue","shot_limited","true","false","1","237038041","won_settlement_pending","40","31","9","","","11763","0","levels_pack_201_300.json#level_263",""
"264","L264_BLAST_CHAIN_ROUTES","normal","shot_limited","true","false","1","2917897094","won_settlement_pending","34","25","9","","","16005","2","levels_pack_201_300.json#level_264",""
"265","L265_BLAST_CHAIN_ROUTES","normal","shot_limited","true","false","1","1135744311","won_settlement_pending","25","16","9","","","25496","0","levels_pack_201_300.json#level_265",""
"266","L266_BLAST_CHAIN_ROUTES","normal","shot_limited","false","false","2","1866908285","out_of_shots_add_ball_prompt","19","19","0","","","22837","23","levels_pack_201_300.json#level_266",""
"267","L267_BLAST_CHAIN_ROUTES","normal","shot_limited","true","false","2","154753036","won_settlement_pending","35","30","5","","","16875","2","levels_pack_201_300.json#level_267",""
"268","L268_BLAST_CHAIN_ROUTES","normal","shot_limited","false","false","2","2834421467","lost_objective","34","20","14","","","6686","2","levels_pack_201_300.json#level_268",""
"269","L269_BLAST_CHAIN_ROUTES","normal","shot_limited","false","false","1","3298046963","out_of_shots_add_ball_prompt","23","23","0","","","3094","65","levels_pack_201_300.json#level_269",""
"270","L270_BLAST_CHAIN_ROUTES","special_floating_island","timed_infinite_shots","true","false","1","1516025248","won","","19","","90","53.45","16956","4","levels_pack_201_300.json#level_270",""
"271","L271_BLAST_CHAIN_ROUTES","normal","shot_limited","true","false","1","4167515985","won_settlement_pending","18","13","5","","","21125","0","levels_pack_201_300.json#level_271",""
"272","L272_BLAST_CHAIN_ROUTES","normal","shot_limited","true","false","1","2653921566","won_settlement_pending","33","9","24","","","24882","0","levels_pack_201_300.json#level_272",""
"273","L273_BLAST_CHAIN_ROUTES","normal","shot_limited","true","false","1","1039542479","won_settlement_pending","35","34","1","","","8902","0","levels_pack_201_300.json#level_273",""
"274","L274_BLAST_CHAIN_ROUTES","normal","shot_limited","true","false","1","3552498300","won_settlement_pending","23","22","1","","","15267","2","levels_pack_201_300.json#level_274",""
"275","L275_BLAST_CHAIN_ROUTES","normal","shot_limited","true","false","1","1900631085","won_settlement_pending","35","23","12","","","24592","0","levels_pack_201_300.json#level_275",""
"276","L276_BLAST_CHAIN_ROUTES","normal","shot_limited","true","false","2","2569896259","won_settlement_pending","35","35","0","","","9849","0","levels_pack_201_300.json#level_276",""
"277","L277_BLAST_CHAIN_ROUTES","normal","shot_limited","false","false","2","954474258","out_of_shots_add_ball_prompt","20","20","0","","","7484","26","levels_pack_201_300.json#level_277",""
"278","L278_BLAST_CHAIN_ROUTES","normal","shot_limited","true","false","2","3671889313","won_settlement_pending","25","11","14","","","15554","2","levels_pack_201_300.json#level_278",""
"279","L279_BLAST_CHAIN_ROUTES","normal","shot_limited","false","false","1","3937104617","out_of_shots_add_ball_prompt","23","23","0","","","5615","34","levels_pack_201_300.json#level_279",""
"280","L280_BLAST_CHAIN_ROUTES","special_floating_island","timed_infinite_shots","true","false","1","2289300630","won","","41","","90","6.65","11647","4","levels_pack_201_300.json#level_280",""
"281","L281_BLAST_CHAIN_ROUTES","normal","shot_limited","true","false","1","775585351","won_settlement_pending","23","16","7","","","30287","0","levels_pack_201_300.json#level_281",""
"282","L282_BLAST_CHAIN_ROUTES","normal","shot_limited","true","false","2","1140768621","won_settlement_pending","20","20","0","","","7293","0","levels_pack_201_300.json#level_282",""
"283","L283_BLAST_CHAIN_ROUTES","normal","shot_limited","false","false","1","1670212517","lost_objective","29","7","22","","","7089","0","levels_pack_201_300.json#level_283",""
"284","L284_BLAST_CHAIN_ROUTES","normal","shot_limited","true","false","1","22408530","won_settlement_pending","26","22","4","","","7987","2","levels_pack_201_300.json#level_284",""
"285","L285_BLAST_CHAIN_ROUTES","normal","shot_limited","true","false","1","2803668739","won_settlement_pending","35","30","5","","","12894","0","levels_pack_201_300.json#level_285",""
"286","L286_TRAPPED_SPRITE_RESCUE","trapped_sprite_rescue","shot_limited","true","false","2","3407560745","won_settlement_pending","39","10","29","","","51861","0","levels_pack_201_300.json#level_286",""
"287","L287_BLAST_CHAIN_ROUTES","normal","shot_limited","true","false","1","3840901217","won_settlement_pending","31","10","21","","","50048","2","levels_pack_201_300.json#level_287",""
"288","L288_BLAST_CHAIN_ROUTES","normal","shot_limited","false","false","1","2058750510","out_of_shots_add_ball_prompt","21","21","0","","","5754","35","levels_pack_201_300.json#level_288",""
"289","L289_BLAST_CHAIN_ROUTES","normal","shot_limited","false","false","1","410947039","out_of_shots_add_ball_prompt","23","23","0","","","6909","49","levels_pack_201_300.json#level_289",""
"290","L290_BLAST_CHAIN_ROUTES","special_floating_island","timed_infinite_shots","true","false","1","3188275084","won","","30","","90","25.2","11046","4","levels_pack_201_300.json#level_290",""
"291","L291_BLAST_CHAIN_ROUTES","normal","shot_limited","true","false","2","3555583908","won_settlement_pending","22","22","0","","","24756","0","levels_pack_201_300.json#level_291",""
"292","L292_BLAST_CHAIN_ROUTES","normal","shot_limited","true","false","1","4086833386","won_settlement_pending","22","11","11","","","12190","0","levels_pack_201_300.json#level_292",""
"293","L293_BLAST_CHAIN_ROUTES","normal","shot_limited","true","false","1","2443225755","won_settlement_pending","18","15","3","","","13207","0","levels_pack_201_300.json#level_293",""
"294","L294_BLAST_CHAIN_ROUTES","normal","shot_limited","false","false","1","929770568","out_of_shots_add_ball_prompt","25","25","0","","","8572","10","levels_pack_201_300.json#level_294",""
"295","L295_BLAST_CHAIN_ROUTES","normal","shot_limited","true","false","1","3576944633","won_settlement_pending","35","19","16","","","27127","0","levels_pack_201_300.json#level_295",""
"296","L296_BLAST_CHAIN_ROUTES","normal","shot_limited","true","false","1","1962564006","won_settlement_pending","20","14","6","","","18860","0","levels_pack_201_300.json#level_296",""
"297","L297_BLAST_CHAIN_ROUTES","normal","shot_limited","true","false","1","176341847","won_settlement_pending","33","24","9","","","17892","2","levels_pack_201_300.json#level_297",""
"298","L298_BLAST_CHAIN_ROUTES","normal","shot_limited","true","false","2","644946845","won_settlement_pending","23","20","3","","","17236","2","levels_pack_201_300.json#level_298",""
"299","L299_TRAPPED_SPRITE_RESCUE","trapped_sprite_rescue","shot_limited","true","false","1","1310051509","won_settlement_pending","41","23","18","","","14432","0","levels_pack_201_300.json#level_299",""
"300","L300_BLAST_CHAIN_ROUTES","special_floating_island","timed_infinite_shots","false","false","2","1675634939","lost_objective","","42","","90","7.25","8796","4","levels_pack_201_300.json#level_300",""
"301","L301_GROWTH_AND_KEYS","normal","shot_limited","true","false","1","2212821011","won_settlement_pending","42","30","12","","","10875","0","levels_pack_301_400.json#level_301",""
"302","L302_GROWTH_AND_KEYS","normal","shot_limited","true","false","1","565142464","won_settlement_pending","42","27","15","","","28983","0","levels_pack_301_400.json#level_302",""
"303","L303_GROWTH_AND_KEYS","normal","shot_limited","true","false","1","3346523505","won_settlement_pending","42","41","1","","","12786","0","levels_pack_301_400.json#level_303",""
"304","L304_GROWTH_AND_KEYS","normal","shot_limited","true","false","1","1698590526","won_settlement_pending","42","33","9","","","13429","2","levels_pack_301_400.json#level_304",""
"305","L305_GROWTH_AND_KEYS","normal","shot_limited","true","false","1","80287471","won_settlement_pending","42","30","12","","","17127","0","levels_pack_301_400.json#level_305",""
"306","L306_GROWTH_AND_KEYS","normal","shot_limited","false","false","1","2593233052","lost_objective","44","20","24","","","9347","0","levels_pack_301_400.json#level_306",""
"307","L307_GROWTH_AND_KEYS","normal","shot_limited","false","false","2","3060030676","lost_objective","45","27","18","","","9151","2","levels_pack_301_400.json#level_307",""
"308","L308_GROWTH_AND_KEYS","normal","shot_limited","true","false","2","1348262755","won_settlement_pending","45","39","6","","","14085","2","levels_pack_301_400.json#level_308",""
"309","L309_GROWTH_AND_KEYS","normal","shot_limited","false","false","1","2083196843","lost_objective","46","39","7","","","6366","4","levels_pack_301_400.json#level_309",""
"310","L310_GROWTH_AND_KEYS","special_floating_island","timed_infinite_shots","false","false","2","2647650241","lost_objective","","43","","90","0","4561","40","levels_pack_301_400.json#level_310",""
"311","L311_GROWTH_AND_KEYS","normal","shot_limited","true","false","1","2981772041","won_settlement_pending","42","14","28","","","24266","0","levels_pack_301_400.json#level_311",""
"312","L312_GROWTH_AND_KEYS","normal","shot_limited","true","false","2","3648977967","won_settlement_pending","42","17","25","","","39310","0","levels_pack_301_400.json#level_312",""
"313","L313_GROWTH_AND_KEYS","normal","shot_limited","true","false","1","4111279207","won_settlement_pending","42","26","16","","","14076","0","levels_pack_301_400.json#level_313",""
"314","L314_GROWTH_AND_KEYS","normal","shot_limited","true","false","2","451539085","won_settlement_pending","42","37","5","","","14844","2","levels_pack_301_400.json#level_314",""
"315","L315_GROWTH_AND_KEYS","normal","shot_limited","false","false","2","2761953116","lost_objective","42","32","10","","","7763","0","levels_pack_301_400.json#level_315",""
"316","L316_GROWTH_AND_KEYS","normal","shot_limited","true","false","1","3366247282","won_settlement_pending","44","36","8","","","19056","0","levels_pack_301_400.json#level_316",""
"317","L317_GROWTH_AND_KEYS","normal","shot_limited","true","false","2","3763536826","won_settlement_pending","45","27","18","","","22811","2","levels_pack_301_400.json#level_317",""
"318","L318_GROWTH_AND_KEYS","normal","shot_limited","false","false","2","2181798473","lost_objective","45","39","6","","","8126","2","levels_pack_301_400.json#level_318",""
"319","L319_GROWTH_AND_KEYS","normal","shot_limited","true","false","2","767692824","won_settlement_pending","46","16","30","","","33352","4","levels_pack_301_400.json#level_319",""
"320","L320_GROWTH_AND_KEYS","special_floating_island","timed_infinite_shots","true","false","2","3485118167","won","","39","","90","12.4","9914","4","levels_pack_301_400.json#level_320",""
"321","L321_GROWTH_AND_KEYS","normal","shot_limited","true","false","1","3880877055","won_settlement_pending","42","18","24","","","27504","0","levels_pack_301_400.json#level_321",""
"322","L322_GROWTH_AND_KEYS","normal","shot_limited","true","false","1","2233073068","won_settlement_pending","42","28","14","","","14640","0","levels_pack_301_400.json#level_322",""
"323","L323_GROWTH_AND_KEYS","normal","shot_limited","false","false","2","2501654980","lost_objective","42","25","17","","","7659","0","levels_pack_301_400.json#level_323",""
"324","L324_GROWTH_AND_KEYS","normal","shot_limited","true","false","2","886355859","won_settlement_pending","42","15","27","","","25437","2","levels_pack_301_400.json#level_324",""
"325","L325_TRAPPED_SPRITE_RESCUE","trapped_sprite_rescue","shot_limited","false","true","1","1488163003","simulator_error","40","20","20","","","7808","45","levels_pack_301_400.json#level_325","Trapped sprite rescue bubble impact requires an attachment cell."
"326","L326_GROWTH_AND_KEYS","normal","shot_limited","false","false","1","4269415016","out_of_shots_add_ball_prompt","44","44","0","","","8106","11","levels_pack_301_400.json#level_326",""
"327","L327_GROWTH_AND_KEYS","normal","shot_limited","true","false","1","2617416729","won_settlement_pending","45","29","16","","","21908","2","levels_pack_301_400.json#level_327",""
"328","L328_GROWTH_AND_KEYS","normal","shot_limited","false","false","2","3186710879","lost_objective","45","27","18","","","9678","2","levels_pack_301_400.json#level_328",""
"329","L329_GROWTH_AND_KEYS","normal","shot_limited","false","false","1","3516238199","out_of_shots_add_ball_prompt","46","46","0","","","7203","33","levels_pack_301_400.json#level_329",""
"330","L330_GROWTH_AND_KEYS","special_floating_island","timed_infinite_shots","false","false","2","4183846333","lost_objective","","42","","90","0","3589","69","levels_pack_301_400.json#level_330",""
"331","L331_GROWTH_AND_KEYS","normal","shot_limited","true","false","1","358922965","won_settlement_pending","42","20","22","","","27086","0","levels_pack_301_400.json#level_331",""
"332","L332_GROWTH_AND_KEYS","normal","shot_limited","true","false","1","2871999618","won_settlement_pending","42","31","11","","","16257","0","levels_pack_301_400.json#level_332",""
"333","L333_GROWTH_AND_KEYS","normal","shot_limited","true","false","1","1257743923","won_settlement_pending","42","24","18","","","13818","0","levels_pack_301_400.json#level_333",""
"334","L334_GROWTH_AND_KEYS","normal","shot_limited","true","false","2","1719826297","won_settlement_pending","42","24","18","","","20345","2","levels_pack_301_400.json#level_334",""
"335","L335_GROWTH_AND_KEYS","normal","shot_limited","true","false","1","2387006353","won_settlement_pending","42","14","28","","","15631","0","levels_pack_301_400.json#level_335",""
"336","L336_GROWTH_AND_KEYS","normal","shot_limited","true","false","1","739333470","won_settlement_pending","44","14","30","","","27160","0","levels_pack_301_400.json#level_336",""
"337","L337_GROWTH_AND_KEYS","normal","shot_limited","true","false","2","1306886550","won_settlement_pending","45","24","21","","","18616","2","levels_pack_301_400.json#level_337",""
"338","L338_GROWTH_AND_KEYS","normal","shot_limited","false","false","1","1642088124","lost_objective","45","24","21","","","9961","2","levels_pack_301_400.json#level_338",""
"339","L339_GROWTH_AND_KEYS","normal","shot_limited","false","false","2","2308216564","out_of_shots_add_ball_prompt","46","46","0","","","3227","75","levels_pack_301_400.json#level_339",""
"340","L340_GROWTH_AND_KEYS","special_floating_island","timed_infinite_shots","true","false","1","2775806490","won","","28","","90","32.2","14956","4","levels_pack_301_400.json#level_340",""
"341","L341_GROWTH_AND_KEYS","normal","shot_limited","true","false","2","3037178706","won_settlement_pending","42","22","20","","","18467","0","levels_pack_301_400.json#level_341",""
"342","L342_TRAPPED_SPRITE_RESCUE","trapped_sprite_rescue","shot_limited","true","false","1","3670179704","won_settlement_pending","40","21","19","","","18469","0","levels_pack_301_400.json#level_342",""
"343","L343_GROWTH_AND_KEYS","normal","shot_limited","true","false","1","2022367529","won_settlement_pending","42","29","13","","","20568","0","levels_pack_301_400.json#level_343",""
"344","L344_GROWTH_AND_KEYS","normal","shot_limited","true","false","1","508913878","won_settlement_pending","42","16","26","","","35751","2","levels_pack_301_400.json#level_344",""
"345","L345_GROWTH_AND_KEYS","normal","shot_limited","true","false","1","3155956359","won_settlement_pending","42","27","15","","","32391","0","levels_pack_301_400.json#level_345",""
"346","L346_GROWTH_AND_KEYS","normal","shot_limited","true","false","1","1378128948","won_settlement_pending","44","17","27","","","23882","0","levels_pack_301_400.json#level_346",""
"347","L347_GROWTH_AND_KEYS","normal","shot_limited","true","false","1","4058980325","won_settlement_pending","45","36","9","","","17561","2","levels_pack_301_400.json#level_347",""
"348","L348_GROWTH_AND_KEYS","normal","shot_limited","true","false","1","2545385874","won_settlement_pending","45","29","16","","","14573","2","levels_pack_301_400.json#level_348",""
"349","L349_GROWTH_AND_KEYS","normal","shot_limited","false","false","1","897452867","out_of_shots_add_ball_prompt","46","46","0","","","4274","57","levels_pack_301_400.json#level_349",""
"350","L350_GROWTH_AND_KEYS","special_floating_island","timed_infinite_shots","false","false","1","3406213872","lost_objective","","45","","90","0","1826","85","levels_pack_301_400.json#level_350",""
"351","L351_GROWTH_AND_KEYS","normal","shot_limited","true","false","1","1792095393","won_settlement_pending","42","16","26","","","24292","0","levels_pack_301_400.json#level_351",""
"352","L352_GROWTH_AND_KEYS","normal","shot_limited","true","false","2","2259017975","won_settlement_pending","42","29","13","","","13280","0","levels_pack_301_400.json#level_352",""
"353","L353_GROWTH_AND_KEYS","normal","shot_limited","true","false","1","2929729567","won_settlement_pending","42","35","7","","","10910","0","levels_pack_301_400.json#level_353",""
"354","L354_GROWTH_AND_KEYS","normal","shot_limited","false","false","2","3260347733","lost_objective","42","25","17","","","8775","2","levels_pack_301_400.json#level_354",""
"355","L355_GROWTH_AND_KEYS","normal","shot_limited","true","false","1","3795004797","won_settlement_pending","42","20","22","","","24896","0","levels_pack_301_400.json#level_355",""
"356","L356_GROWTH_AND_KEYS","normal","shot_limited","true","false","1","2180765482","won_settlement_pending","44","17","27","","","39485","0","levels_pack_301_400.json#level_356",""
"357","L357_GROWTH_AND_KEYS","normal","shot_limited","true","false","1","662855387","won_settlement_pending","45","40","5","","","12778","2","levels_pack_301_400.json#level_357",""
"358","L358_GROWTH_AND_KEYS","normal","shot_limited","true","false","1","3310010504","won_settlement_pending","45","34","11","","","15928","2","levels_pack_301_400.json#level_358",""
"359","L359_GROWTH_AND_KEYS","normal","shot_limited","true","false","1","1528121913","won_settlement_pending","46","12","34","","","42773","4","levels_pack_301_400.json#level_359",""
"360","L360_GROWTH_AND_KEYS","special_floating_island","timed_infinite_shots","false","false","1","4208840166","lost_objective","","44","","90","0","3474","80","levels_pack_301_400.json#level_360",""
"361","L361_GROWTH_AND_KEYS","normal","shot_limited","true","false","1","2565109655","won_settlement_pending","42","17","25","","","21321","0","levels_pack_301_400.json#level_361",""
"362","L362_GROWTH_AND_KEYS","normal","shot_limited","false","false","2","2962270173","lost_objective","42","21","21","","","7810","0","levels_pack_301_400.json#level_362",""
"363","L363_TRAPPED_SPRITE_RESCUE","trapped_sprite_rescue","shot_limited","true","false","1","3698811125","won_settlement_pending","40","23","17","","","38456","0","levels_pack_301_400.json#level_363",""
"364","L364_GROWTH_AND_KEYS","normal","shot_limited","true","false","1","1916791458","won_settlement_pending","42","26","16","","","15711","2","levels_pack_301_400.json#level_364",""
"365","L365_GROWTH_AND_KEYS","normal","shot_limited","true","false","2","2683974346","won_settlement_pending","42","32","10","","","14785","0","levels_pack_301_400.json#level_365",""
"366","L366_GROWTH_AND_KEYS","normal","shot_limited","true","false","2","967657625","won_settlement_pending","44","41","3","","","11052","0","levels_pack_301_400.json#level_366",""
"367","L367_GROWTH_AND_KEYS","normal","shot_limited","true","false","1","1431935409","won_settlement_pending","45","14","31","","","19154","2","levels_pack_301_400.json#level_367",""
"368","L368_GROWTH_AND_KEYS","normal","shot_limited","false","false","1","3948938110","lost_objective","45","17","28","","","7580","2","levels_pack_301_400.json#level_368",""
"369","L369_GROWTH_AND_KEYS","normal","shot_limited","true","false","1","2301134127","won_settlement_pending","46","28","18","","","13839","4","levels_pack_301_400.json#level_369",""
"370","L370_GROWTH_AND_KEYS","special_floating_island","timed_infinite_shots","false","false","2","2798604869","lost_objective","","40","","90","0","5791","61","levels_pack_301_400.json#level_370",""
"371","L371_GROWTH_AND_KEYS","normal","shot_limited","true","false","2","1082648596","won_settlement_pending","42","29","13","","","10519","0","levels_pack_301_400.json#level_371",""
"372","L372_GROWTH_AND_KEYS","normal","shot_limited","true","false","1","1816279098","won_settlement_pending","42","6","36","","","34239","0","levels_pack_301_400.json#level_372",""
"373","L373_GROWTH_AND_KEYS","normal","shot_limited","true","false","1","34251755","won_settlement_pending","42","40","2","","","9334","0","levels_pack_301_400.json#level_373",""
"374","L374_GROWTH_AND_KEYS","normal","shot_limited","true","false","1","2715100568","won_settlement_pending","42","38","4","","","12919","2","levels_pack_301_400.json#level_374",""
"375","L375_GROWTH_AND_KEYS","normal","shot_limited","false","false","1","1201516361","lost_objective","42","34","8","","","5434","0","levels_pack_301_400.json#level_375",""
"376","L376_GROWTH_AND_KEYS","normal","shot_limited","true","false","2","1805125743","won_settlement_pending","44","24","20","","","17766","0","levels_pack_301_400.json#level_376",""
"377","L377_GROWTH_AND_KEYS","normal","shot_limited","true","false","1","2070730919","won_settlement_pending","45","30","15","","","17415","2","levels_pack_301_400.json#level_377",""
"378","L378_GROWTH_AND_KEYS","normal","shot_limited","true","false","1","423051860","won_settlement_pending","45","22","23","","","22253","2","levels_pack_301_400.json#level_378",""
"379","L379_GROWTH_AND_KEYS","normal","shot_limited","false","false","2","918788764","out_of_shots_add_ball_prompt","46","46","0","","","9545","45","levels_pack_301_400.json#level_379",""
"380","L380_GROWTH_AND_KEYS","special_floating_island","timed_infinite_shots","false","false","1","1585860530","lost_objective","","44","","90","0","4486","62","levels_pack_301_400.json#level_380",""
"381","L381_GROWTH_AND_KEYS","normal","shot_limited","true","false","1","4233032035","won_settlement_pending","42","22","20","","","21306","0","levels_pack_301_400.json#level_381",""
"382","L382_GROWTH_AND_KEYS","normal","shot_limited","true","false","2","472196489","won_settlement_pending","42","32","10","","","19957","0","levels_pack_301_400.json#level_382",""
"383","L383_GROWTH_AND_KEYS","normal","shot_limited","false","false","1","807527105","lost_objective","42","28","14","","","7558","0","levels_pack_301_400.json#level_383",""
"384","L384_GROWTH_AND_KEYS","normal","shot_limited","false","false","2","1507080727","lost_objective","42","35","7","","","7778","2","levels_pack_301_400.json#level_384",""
"385","L385_GROWTH_AND_KEYS","normal","shot_limited","true","false","1","1974529599","won_settlement_pending","42","35","7","","","11887","0","levels_pack_301_400.json#level_385",""
"386","L386_TRAPPED_SPRITE_RESCUE","trapped_sprite_rescue","shot_limited","true","false","2","2236075893","won_settlement_pending","40","27","13","","","13582","0","levels_pack_301_400.json#level_386",""
"387","L387_GROWTH_AND_KEYS","normal","shot_limited","true","false","1","2835487645","won_settlement_pending","45","34","11","","","18744","2","levels_pack_301_400.json#level_387",""
"388","L388_GROWTH_AND_KEYS","normal","shot_limited","true","false","1","1221238090","won_settlement_pending","45","40","5","","","11470","2","levels_pack_301_400.json#level_388",""
"389","L389_GROWTH_AND_KEYS","normal","shot_limited","false","false","2","1621711458","lost_objective","46","30","16","","","7561","4","levels_pack_301_400.json#level_389",""
"390","L390_GROWTH_AND_KEYS","special_floating_island","timed_infinite_shots","true","false","2","39964721","won","","31","","90","24.35","9710","4","levels_pack_301_400.json#level_390",""
"391","L391_GROWTH_AND_KEYS","normal","shot_limited","true","false","2","2891476672","won_settlement_pending","42","16","26","","","17558","0","levels_pack_301_400.json#level_391",""
"392","L392_GROWTH_AND_KEYS","normal","shot_limited","true","false","1","3224156678","won_settlement_pending","42","10","32","","","35434","0","levels_pack_301_400.json#level_392",""
"393","L393_GROWTH_AND_KEYS","normal","shot_limited","true","false","1","1744256439","won_settlement_pending","42","34","8","","","10756","0","levels_pack_301_400.json#level_393",""
"394","L394_GROWTH_AND_KEYS","normal","shot_limited","true","false","1","96446308","won_settlement_pending","42","20","22","","","20629","2","levels_pack_301_400.json#level_394",""
"395","L395_GROWTH_AND_KEYS","normal","shot_limited","false","false","1","2605066517","lost_objective","42","28","14","","","8605","0","levels_pack_301_400.json#level_395",""
"396","L396_GROWTH_AND_KEYS","normal","shot_limited","false","false","2","3073543771","lost_objective","44","13","31","","","6093","0","levels_pack_301_400.json#level_396",""
"397","L397_GROWTH_AND_KEYS","normal","shot_limited","false","false","1","3638123123","lost_objective","45","41","4","","","8737","2","levels_pack_301_400.json#level_397",""
"398","L398_GROWTH_AND_KEYS","normal","shot_limited","false","false","1","2128731168","lost_objective","45","30","15","","","9873","2","levels_pack_301_400.json#level_398",""
"399","L399_TRAPPED_SPRITE_RESCUE","trapped_sprite_rescue","shot_limited","true","false","2","2459179336","won_settlement_pending","42","15","27","","","27258","0","levels_pack_301_400.json#level_399",""
"400","L400_GROWTH_AND_KEYS","special_floating_island","timed_infinite_shots","false","false","2","1011652359","lost_objective","","42","","90","0","3018","83","levels_pack_301_400.json#level_400",""
"401","L401_SYMBOLIC_PATTERNS","normal","shot_limited","true","false","1","1346073423","won_settlement_pending","40","18","22","","","21163","0","levels_pack_401_500.json#level_401",""
"402","L402_SYMBOLIC_PATTERNS","normal","shot_limited","true","false","1","4156816124","won_settlement_pending","41","10","31","","","23855","0","levels_pack_401_500.json#level_402",""
"403","L403_SYMBOLIC_PATTERNS","normal","shot_limited","true","false","2","464921140","won_settlement_pending","40","17","23","","","24010","0","levels_pack_401_500.json#level_403",""
"404","L404_SYMBOLIC_PATTERNS","normal","shot_limited","true","false","1","726853210","won_settlement_pending","41","19","22","","","41449","2","levels_pack_401_500.json#level_404",""
"405","L405_SYMBOLIC_PATTERNS","normal","shot_limited","true","false","1","3374147595","won_settlement_pending","41","16","25","","","37376","0","levels_pack_401_500.json#level_405",""
"406","L406_SYMBOLIC_PATTERNS","normal","shot_limited","true","false","1","1864635320","won_settlement_pending","41","25","16","","","11981","0","levels_pack_401_500.json#level_406",""
"407","L407_SYMBOLIC_PATTERNS","normal","shot_limited","true","false","2","2161167344","won_settlement_pending","42","40","2","","","9899","4","levels_pack_401_500.json#level_407",""
"408","L408_SYMBOLIC_PATTERNS","normal","shot_limited","true","false","2","579551631","won_settlement_pending","43","21","22","","","14049","4","levels_pack_401_500.json#level_408",""
"409","L409_SYMBOLIC_PATTERNS","normal","shot_limited","true","false","1","1115653831","won_settlement_pending","43","38","5","","","11727","4","levels_pack_401_500.json#level_409",""
"410","L410_SYMBOLIC_PATTERNS","special_floating_island","timed_infinite_shots","true","false","1","3758491764","won","","26","","90","37.65","17767","4","levels_pack_401_500.json#level_410",""
"411","L411_SYMBOLIC_PATTERNS","normal","shot_limited","true","false","2","166915260","won_settlement_pending","40","13","27","","","37033","0","levels_pack_401_500.json#level_411",""
"412","L412_SYMBOLIC_PATTERNS","normal","shot_limited","true","false","1","630797778","won_settlement_pending","41","15","26","","","35083","0","levels_pack_401_500.json#level_412",""
"413","L413_SYMBOLIC_PATTERNS","normal","shot_limited","true","false","1","3147939715","won_settlement_pending","40","15","25","","","31823","0","levels_pack_401_500.json#level_413",""
"414","L414_SYMBOLIC_PATTERNS","normal","shot_limited","true","false","1","1499996464","won_settlement_pending","41","27","14","","","17497","2","levels_pack_401_500.json#level_414",""
"415","L415_SYMBOLIC_PATTERNS","normal","shot_limited","true","false","1","4281379041","won_settlement_pending","41","25","16","","","24890","0","levels_pack_401_500.json#level_415",""
"416","L416_SYMBOLIC_PATTERNS","normal","shot_limited","true","false","1","2667270830","won_settlement_pending","41","26","15","","","16036","0","levels_pack_401_500.json#level_416",""
"417","L417_SYMBOLIC_PATTERNS","normal","shot_limited","true","false","1","1015272543","won_settlement_pending","42","35","7","","","22989","4","levels_pack_401_500.json#level_417",""
"418","L418_SYMBOLIC_PATTERNS","normal","shot_limited","false","false","1","3528089100","lost_objective","43","21","22","","","9566","4","levels_pack_401_500.json#level_418",""
"419","L419_SYMBOLIC_PATTERNS","normal","shot_limited","false","false","1","1880277437","lost_objective","43","31","12","","","5368","4","levels_pack_401_500.json#level_419",""
"420","L420_SYMBOLIC_PATTERNS","special_floating_island","timed_infinite_shots","true","false","1","400378730","won","","19","","90","45.65","11822","4","levels_pack_401_500.json#level_420",""
"421","L421_SYMBOLIC_PATTERNS","normal","shot_limited","true","false","1","3051736347","won_settlement_pending","40","26","14","","","21947","0","levels_pack_401_500.json#level_421",""
"422","L422_SYMBOLIC_PATTERNS","normal","shot_limited","true","false","1","1269593288","won_settlement_pending","41","15","26","","","48174","0","levels_pack_401_500.json#level_422",""
"423","L423_SYMBOLIC_PATTERNS","normal","shot_limited","true","false","1","3916758649","won_settlement_pending","40","40","0","","","8886","0","levels_pack_401_500.json#level_423",""
"424","L424_SYMBOLIC_PATTERNS","normal","shot_limited","true","false","1","2403295270","won_settlement_pending","41","25","16","","","16390","2","levels_pack_401_500.json#level_424",""
"425","L425_TRAPPED_SPRITE_RESCUE","trapped_sprite_rescue","shot_limited","true","false","1","784853975","won_settlement_pending","40","11","29","","","47663","0","levels_pack_401_500.json#level_425",""
"426","L426_SYMBOLIC_PATTERNS","normal","shot_limited","false","false","1","3431886212","lost_objective","41","23","18","","","8802","0","levels_pack_401_500.json#level_426",""
"427","L427_SYMBOLIC_PATTERNS","normal","shot_limited","false","false","2","3966060972","lost_objective","42","34","8","","","8284","4","levels_pack_401_500.json#level_427",""
"428","L428_SYMBOLIC_PATTERNS","normal","shot_limited","false","false","1","6397666","lost_objective","43","39","4","","","8961","4","levels_pack_401_500.json#level_428",""
"429","L429_SYMBOLIC_PATTERNS","normal","shot_limited","false","false","1","2787639443","out_of_shots_add_ball_prompt","43","43","0","","","6460","45","levels_pack_401_500.json#level_429",""
"430","L430_SYMBOLIC_PATTERNS","special_floating_island","timed_infinite_shots","true","false","1","1173391936","won","","39","","90","11.4","11631","4","levels_pack_401_500.json#level_430",""
"431","L431_SYMBOLIC_PATTERNS","normal","shot_limited","true","false","1","3686469105","won_settlement_pending","40","14","26","","","22817","0","levels_pack_401_500.json#level_431",""
"432","L432_SYMBOLIC_PATTERNS","normal","shot_limited","true","false","1","2034481086","won_settlement_pending","41","28","13","","","14810","0","levels_pack_401_500.json#level_432",""
"433","L433_SYMBOLIC_PATTERNS","normal","shot_limited","true","false","2","2436261878","won_settlement_pending","40","29","11","","","13866","0","levels_pack_401_500.json#level_433",""
"434","L434_SYMBOLIC_PATTERNS","normal","shot_limited","true","false","1","3201475356","won_settlement_pending","41","28","13","","","18899","2","levels_pack_401_500.json#level_434",""
"435","L435_SYMBOLIC_PATTERNS","normal","shot_limited","true","false","1","1553803981","won_settlement_pending","41","31","10","","","22546","0","levels_pack_401_500.json#level_435",""
"436","L436_SYMBOLIC_PATTERNS","normal","shot_limited","true","false","1","4070943866","won_settlement_pending","41","10","31","","","18998","0","levels_pack_401_500.json#level_436",""
"437","L437_SYMBOLIC_PATTERNS","normal","shot_limited","true","false","1","2423019051","won_settlement_pending","42","32","10","","","11206","4","levels_pack_401_500.json#level_437",""
"438","L438_SYMBOLIC_PATTERNS","normal","shot_limited","false","false","2","3087566657","out_of_shots_add_ball_prompt","43","43","0","","","3640","66","levels_pack_401_500.json#level_438",""
"439","L439_SYMBOLIC_PATTERNS","normal","shot_limited","false","false","1","3590275977","lost_objective","43","32","11","","","7058","4","levels_pack_401_500.json#level_439",""
"440","L440_SYMBOLIC_PATTERNS","special_floating_island","timed_infinite_shots","true","false","1","1804059958","won","","30","","90","22.8","10296","4","levels_pack_401_500.json#level_440",""
"441","L441_SYMBOLIC_PATTERNS","normal","shot_limited","true","false","1","156126439","won_settlement_pending","40","7","33","","","32521","0","levels_pack_401_500.json#level_441",""
"442","L442_TRAPPED_SPRITE_RESCUE","trapped_sprite_rescue","shot_limited","false","true","1","2937517716","simulator_error","40","6","34","","","3396","38","levels_pack_401_500.json#level_442","Trapped sprite rescue bubble impact requires an attachment cell."
"443","L443_SYMBOLIC_PATTERNS","normal","shot_limited","true","false","2","3273467612","won_settlement_pending","40","19","21","","","11870","0","levels_pack_401_500.json#level_443",""
"444","L444_SYMBOLIC_PATTERNS","normal","shot_limited","true","false","1","3974751218","won_settlement_pending","41","26","15","","","24190","2","levels_pack_401_500.json#level_444",""
"445","L445_SYMBOLIC_PATTERNS","normal","shot_limited","false","false","2","210516794","lost_objective","41","30","11","","","7845","0","levels_pack_401_500.json#level_445",""
"446","L446_SYMBOLIC_PATTERNS","normal","shot_limited","false","false","2","2923737545","lost_objective","41","18","23","","","8425","0","levels_pack_401_500.json#level_446",""
"447","L447_SYMBOLIC_PATTERNS","normal","shot_limited","true","false","1","3322122497","won_settlement_pending","42","24","18","","","16747","4","levels_pack_401_500.json#level_447",""
"448","L448_SYMBOLIC_PATTERNS","normal","shot_limited","true","false","1","1707743438","won_settlement_pending","43","41","2","","","10157","4","levels_pack_401_500.json#level_448",""
"449","L449_SYMBOLIC_PATTERNS","normal","shot_limited","false","false","2","1974394086","lost_objective","43","39","4","","","6174","4","levels_pack_401_500.json#level_449",""
"450","L450_SYMBOLIC_PATTERNS","special_floating_island","timed_infinite_shots","false","false","1","2573009964","lost_objective","","42","","90","0","8170","31","levels_pack_401_500.json#level_450",""
"451","L451_SYMBOLIC_PATTERNS","normal","shot_limited","true","false","1","1063620573","won_settlement_pending","40","34","6","","","13920","0","levels_pack_401_500.json#level_451",""
"452","L452_SYMBOLIC_PATTERNS","normal","shot_limited","true","false","2","1393585939","won_settlement_pending","41","8","33","","","53863","0","levels_pack_401_500.json#level_452",""
"453","L453_SYMBOLIC_PATTERNS","normal","shot_limited","true","false","1","2096413499","won_settlement_pending","40","25","15","","","16178","0","levels_pack_401_500.json#level_453",""
"454","L454_SYMBOLIC_PATTERNS","normal","shot_limited","true","false","1","314516200","won_settlement_pending","41","8","33","","","22796","2","levels_pack_401_500.json#level_454",""
"455","L455_SYMBOLIC_PATTERNS","normal","shot_limited","true","false","2","1048312320","won_settlement_pending","41","27","14","","","17867","0","levels_pack_401_500.json#level_455",""
"456","L456_SYMBOLIC_PATTERNS","normal","shot_limited","true","false","1","1443769926","won_settlement_pending","41","40","1","","","11199","0","levels_pack_401_500.json#level_456",""
"457","L457_SYMBOLIC_PATTERNS","normal","shot_limited","true","false","1","4124496375","won_settlement_pending","42","24","18","","","21467","4","levels_pack_401_500.json#level_457",""
"458","L458_SYMBOLIC_PATTERNS","normal","shot_limited","true","false","1","2346802084","won_settlement_pending","43","11","32","","","29827","4","levels_pack_401_500.json#level_458",""
"459","L459_SYMBOLIC_PATTERNS","normal","shot_limited","false","false","1","698998101","out_of_shots_add_ball_prompt","43","43","0","","","9606","22","levels_pack_401_500.json#level_459",""
"460","L460_SYMBOLIC_PATTERNS","special_floating_island","timed_infinite_shots","true","false","1","3480241922","won","","23","","90","40.8","14022","4","levels_pack_401_500.json#level_460",""
"461","L461_SYMBOLIC_PATTERNS","normal","shot_limited","true","false","1","1832439475","won_settlement_pending","40","26","14","","","15803","0","levels_pack_401_500.json#level_461",""
"462","L462_SYMBOLIC_PATTERNS","normal","shot_limited","true","false","1","214134880","won_settlement_pending","41","30","11","","","16461","0","levels_pack_401_500.json#level_462",""
"463","L463_TRAPPED_SPRITE_RESCUE","trapped_sprite_rescue","shot_limited","true","false","2","750232712","won_settlement_pending","40","27","13","","","19834","0","levels_pack_401_500.json#level_463",""
"464","L464_SYMBOLIC_PATTERNS","normal","shot_limited","true","false","1","1079147998","won_settlement_pending","41","31","10","","","19286","2","levels_pack_401_500.json#level_464",""
"465","L465_SYMBOLIC_PATTERNS","normal","shot_limited","true","false","1","3860522895","won_settlement_pending","41","20","21","","","18789","0","levels_pack_401_500.json#level_465",""
"466","L466_SYMBOLIC_PATTERNS","normal","shot_limited","true","false","1","2217044284","won_settlement_pending","41","20","21","","","22436","0","levels_pack_401_500.json#level_466",""
"467","L467_SYMBOLIC_PATTERNS","normal","shot_limited","true","false","2","2513456756","won_settlement_pending","42","28","14","","","20351","4","levels_pack_401_500.json#level_467",""
"468","L468_SYMBOLIC_PATTERNS","normal","shot_limited","false","false","2","931709955","lost_objective","43","24","19","","","8406","4","levels_pack_401_500.json#level_468",""
"469","L469_SYMBOLIC_PATTERNS","normal","shot_limited","true","false","1","1602165835","won_settlement_pending","43","35","8","","","12342","4","levels_pack_401_500.json#level_469",""
"470","L470_SYMBOLIC_PATTERNS","special_floating_island","timed_infinite_shots","false","false","1","4245129208","lost_objective","","27","","90","33.6","8541","4","levels_pack_401_500.json#level_470",""
"471","L471_SYMBOLIC_PATTERNS","normal","shot_limited","true","false","1","2630748585","won_settlement_pending","40","26","14","","","12850","0","levels_pack_401_500.json#level_471",""
"472","L472_SYMBOLIC_PATTERNS","normal","shot_limited","true","false","2","3165318607","won_settlement_pending","41","38","3","","","11213","0","levels_pack_401_500.json#level_472",""
"473","L473_SYMBOLIC_PATTERNS","normal","shot_limited","true","false","1","3500225799","won_settlement_pending","40","39","1","","","10596","0","levels_pack_401_500.json#level_473",""
"474","L474_SYMBOLIC_PATTERNS","normal","shot_limited","true","false","1","1986641076","won_settlement_pending","41","16","25","","","25478","2","levels_pack_401_500.json#level_474",""
"475","L475_SYMBOLIC_PATTERNS","normal","shot_limited","true","false","1","338699877","won_settlement_pending","41","14","27","","","30387","0","levels_pack_401_500.json#level_475",""
"476","L476_SYMBOLIC_PATTERNS","normal","shot_limited","true","false","1","2885199890","won_settlement_pending","41","16","25","","","19593","0","levels_pack_401_500.json#level_476",""
"477","L477_SYMBOLIC_PATTERNS","normal","shot_limited","true","false","2","3351186778","won_settlement_pending","42","30","12","","","16594","4","levels_pack_401_500.json#level_477",""
"478","L478_SYMBOLIC_PATTERNS","normal","shot_limited","true","false","2","1635224553","won_settlement_pending","43","20","23","","","16863","4","levels_pack_401_500.json#level_478",""
"479","L479_SYMBOLIC_PATTERNS","normal","shot_limited","false","false","2","53346744","lost_objective","43","34","9","","","7758","4","levels_pack_401_500.json#level_479",""
"480","L480_SYMBOLIC_PATTERNS","special_floating_island","timed_infinite_shots","true","false","1","752535278","won","","33","","90","24.7","11762","4","levels_pack_401_500.json#level_480",""
"481","L481_SYMBOLIC_PATTERNS","normal","shot_limited","true","false","1","3269806239","won_settlement_pending","40","24","16","","","25933","0","levels_pack_401_500.json#level_481",""
"482","L482_SYMBOLIC_PATTERNS","normal","shot_limited","true","false","1","1622012492","won_settlement_pending","41","28","13","","","12283","0","levels_pack_401_500.json#level_482",""
"483","L483_SYMBOLIC_PATTERNS","normal","shot_limited","false","false","2","2286431076","lost_objective","40","26","14","","","6026","0","levels_pack_401_500.json#level_483",""
"484","L484_SYMBOLIC_PATTERNS","normal","shot_limited","true","false","1","2755461034","won_settlement_pending","41","10","31","","","25300","2","levels_pack_401_500.json#level_484",""
"485","L485_SYMBOLIC_PATTERNS","normal","shot_limited","true","false","1","1002922331","won_settlement_pending","41","18","23","","","29059","0","levels_pack_401_500.json#level_485",""
"486","L486_TRAPPED_SPRITE_RESCUE","trapped_sprite_rescue","shot_limited","false","true","1","3650087688","simulator_error","40","18","22","","","3869","57","levels_pack_401_500.json#level_486","Trapped sprite rescue bubble impact requires an attachment cell."
"487","L487_SYMBOLIC_PATTERNS","normal","shot_limited","true","false","1","2136380089","won_settlement_pending","42","25","17","","","20300","4","levels_pack_401_500.json#level_487",""
"488","L488_SYMBOLIC_PATTERNS","normal","shot_limited","false","false","2","2472364799","lost_objective","43","36","7","","","7784","4","levels_pack_401_500.json#level_488",""
"489","L489_SYMBOLIC_PATTERNS","normal","shot_limited","false","false","1","3005849111","lost_objective","43","31","12","","","7172","4","levels_pack_401_500.json#level_489",""
"490","L490_SYMBOLIC_PATTERNS","special_floating_island","timed_infinite_shots","true","false","1","1391460804","won","","31","","90","28.1","11323","4","levels_pack_401_500.json#level_490",""
"491","L491_SYMBOLIC_PATTERNS","normal","shot_limited","true","false","1","4038626165","won_settlement_pending","40","22","18","","","15927","0","levels_pack_401_500.json#level_491",""
"492","L492_SYMBOLIC_PATTERNS","normal","shot_limited","true","false","1","2520976674","won_settlement_pending","41","19","22","","","15490","0","levels_pack_401_500.json#level_492",""
"493","L493_SYMBOLIC_PATTERNS","normal","shot_limited","true","false","1","873182419","won_settlement_pending","40","20","20","","","18752","0","levels_pack_401_500.json#level_493",""
"494","L494_SYMBOLIC_PATTERNS","normal","shot_limited","true","false","1","3419553408","won_settlement_pending","41","22","19","","","35584","2","levels_pack_401_500.json#level_494",""
"495","L495_SYMBOLIC_PATTERNS","normal","shot_limited","true","false","2","3886481064","won_settlement_pending","41","23","18","","","26594","0","levels_pack_401_500.json#level_495",""
"496","L496_SYMBOLIC_PATTERNS","normal","shot_limited","true","false","1","262482942","won_settlement_pending","41","11","30","","","47210","0","levels_pack_401_500.json#level_496",""
"497","L497_SYMBOLIC_PATTERNS","normal","shot_limited","true","false","1","2909646255","won_settlement_pending","42","18","24","","","14257","4","levels_pack_401_500.json#level_497",""
"498","L498_SYMBOLIC_PATTERNS","normal","shot_limited","true","false","1","1127503708","won_settlement_pending","43","42","1","","","10532","4","levels_pack_401_500.json#level_498",""
"499","L499_TRAPPED_SPRITE_RESCUE","trapped_sprite_rescue","shot_limited","false","true","2","1824556948","simulator_error","42","16","26","","","6156","64","levels_pack_401_500.json#level_499","Trapped sprite rescue bubble impact requires an attachment cell."
"500","L500_SYMBOLIC_PATTERNS","special_floating_island","timed_infinite_shots","true","false","1","2156347578","won","","39","","90","5.7","10635","4","levels_pack_401_500.json#level_500",""
"501","L501_FULL_SYSTEM_MASTERY","normal","shot_limited","true","false","1","642763371","won_settlement_pending","41","20","21","","","27704","0","levels_pack_501_600.json#level_501",""
"502","L502_FULL_SYSTEM_MASTERY","normal","shot_limited","true","false","1","3289795608","won_settlement_pending","42","25","17","","","29837","0","levels_pack_501_600.json#level_502",""
"503","L503_FULL_SYSTEM_MASTERY","normal","shot_limited","false","false","1","1541339081","lost_objective","42","9","33","","","6036","0","levels_pack_501_600.json#level_503",""
"504","L504_FULL_SYSTEM_MASTERY","normal","shot_limited","true","false","2","2010458095","won_settlement_pending","42","24","18","","","11936","2","levels_pack_501_600.json#level_504",""
"505","L505_FULL_SYSTEM_MASTERY","normal","shot_limited","true","false","1","2679235367","won_settlement_pending","42","39","3","","","12165","0","levels_pack_501_600.json#level_505",""
"506","L506_FULL_SYSTEM_MASTERY","normal","shot_limited","true","false","1","1031301844","won_settlement_pending","43","36","7","","","17248","0","levels_pack_501_600.json#level_506",""
"507","L507_FULL_SYSTEM_MASTERY","normal","shot_limited","true","false","2","1564258844","won_settlement_pending","43","32","11","","","23218","4","levels_pack_501_600.json#level_507",""
"508","L508_FULL_SYSTEM_MASTERY","normal","shot_limited","false","false","2","4244097195","out_of_shots_add_ball_prompt","44","44","0","","","8824","16","levels_pack_501_600.json#level_508",""
"509","L509_FULL_SYSTEM_MASTERY","normal","shot_limited","false","false","2","2662221690","lost_objective","45","26","19","","","7439","4","levels_pack_501_600.json#level_509",""
"510","L510_FULL_SYSTEM_MASTERY","special_floating_island","timed_infinite_shots","false","false","2","946265353","lost_objective","","47","","90","0","24860","36","levels_pack_501_600.json#level_510",""
"511","L511_FULL_SYSTEM_MASTERY","normal","shot_limited","true","false","1","1415906625","won_settlement_pending","41","27","14","","","47955","0","levels_pack_501_600.json#level_511",""
"512","L512_FULL_SYSTEM_MASTERY","normal","shot_limited","true","false","2","1678889367","won_settlement_pending","42","28","14","","","23350","0","levels_pack_501_600.json#level_512",""
"513","L513_FULL_SYSTEM_MASTERY","normal","shot_limited","false","false","1","2314483391","lost_objective","42","35","7","","","8166","0","levels_pack_501_600.json#level_513",""
"514","L514_FULL_SYSTEM_MASTERY","normal","shot_limited","true","false","1","800897132","won_settlement_pending","42","32","10","","","17092","2","levels_pack_501_600.json#level_514",""
"515","L515_FULL_SYSTEM_MASTERY","normal","shot_limited","false","false","2","1132166276","lost_objective","42","37","5","","","8650","0","levels_pack_501_600.json#level_515",""
"516","L516_FULL_SYSTEM_MASTERY","normal","shot_limited","true","false","1","1661969866","won_settlement_pending","43","12","31","","","17279","0","levels_pack_501_600.json#level_516",""
"517","L517_FULL_SYSTEM_MASTERY","normal","shot_limited","true","false","1","47591291","won_settlement_pending","43","43","0","","","13855","4","levels_pack_501_600.json#level_517",""
"518","L518_FULL_SYSTEM_MASTERY","normal","shot_limited","false","false","1","2694762792","out_of_shots_add_ball_prompt","44","44","0","","","7708","54","levels_pack_501_600.json#level_518",""
"519","L519_FULL_SYSTEM_MASTERY","normal","shot_limited","true","false","2","3365209664","won_settlement_pending","45","41","4","","","12775","4","levels_pack_501_600.json#level_519",""
"520","L520_FULL_SYSTEM_MASTERY","special_floating_island","timed_infinite_shots","false","false","2","1783471135","lost_objective","","43","","90","0","10307","35","levels_pack_501_600.json#level_520",""
"521","L521_FULL_SYSTEM_MASTERY","normal","shot_limited","true","false","1","2050507831","won_settlement_pending","41","14","27","","","24777","0","levels_pack_501_600.json#level_521",""
"522","L522_FULL_SYSTEM_MASTERY","normal","shot_limited","true","false","1","432066532","won_settlement_pending","42","30","12","","","18973","0","levels_pack_501_600.json#level_522",""
"523","L523_FULL_SYSTEM_MASTERY","normal","shot_limited","true","false","2","834088716","won_settlement_pending","42","20","22","","","21178","0","levels_pack_501_600.json#level_523",""
"524","L524_FULL_SYSTEM_MASTERY","normal","shot_limited","true","false","1","1565784898","won_settlement_pending","42","33","9","","","37452","2","levels_pack_501_600.json#level_524",""
"525","L525_TRAPPED_SPRITE_RESCUE","trapped_sprite_rescue","shot_limited","false","true","2","2099657834","simulator_error","41","26","15","","","5852","12","levels_pack_501_600.json#level_525","Trapped sprite rescue bubble impact requires an attachment cell."
"526","L526_FULL_SYSTEM_MASTERY","normal","shot_limited","false","false","1","2434983072","lost_objective","43","7","36","","","5336","0","levels_pack_501_600.json#level_526",""
"527","L527_FULL_SYSTEM_MASTERY","normal","shot_limited","false","false","1","820866641","lost_objective","43","42","1","","","8497","4","levels_pack_501_600.json#level_527",""
"528","L528_FULL_SYSTEM_MASTERY","normal","shot_limited","true","false","2","1485328007","won_settlement_pending","44","34","10","","","13742","4","levels_pack_501_600.json#level_528",""
"529","L529_FULL_SYSTEM_MASTERY","normal","shot_limited","false","false","1","1954323407","lost_objective","45","38","7","","","8290","4","levels_pack_501_600.json#level_529",""
"530","L530_FULL_SYSTEM_MASTERY","special_floating_island","timed_infinite_shots","false","false","1","168238460","lost_objective","","49","","90","0","9361","44","levels_pack_501_600.json#level_530",""
"531","L531_FULL_SYSTEM_MASTERY","normal","shot_limited","true","false","1","2848950061","won_settlement_pending","41","25","16","","","22501","0","levels_pack_501_600.json#level_531",""
"532","L532_FULL_SYSTEM_MASTERY","normal","shot_limited","true","false","1","1335234266","won_settlement_pending","42","30","12","","","14623","0","levels_pack_501_600.json#level_532",""
"533","L533_FULL_SYSTEM_MASTERY","normal","shot_limited","false","false","1","3982405771","lost_objective","42","24","18","","","7322","0","levels_pack_501_600.json#level_533",""
"534","L534_FULL_SYSTEM_MASTERY","normal","shot_limited","true","false","1","2204711480","won_settlement_pending","42","34","8","","","20486","2","levels_pack_501_600.json#level_534",""
"535","L535_FULL_SYSTEM_MASTERY","normal","shot_limited","true","false","1","556908009","won_settlement_pending","42","17","25","","","29845","0","levels_pack_501_600.json#level_535",""
"536","L536_FULL_SYSTEM_MASTERY","normal","shot_limited","true","false","1","3237488534","won_settlement_pending","43","43","0","","","13942","0","levels_pack_501_600.json#level_536",""
"537","L537_FULL_SYSTEM_MASTERY","normal","shot_limited","true","false","1","1719707975","won_settlement_pending","43","20","23","","","28337","4","levels_pack_501_600.json#level_537",""
"538","L538_FULL_SYSTEM_MASTERY","normal","shot_limited","false","false","2","2323058285","out_of_shots_add_ball_prompt","44","44","0","","","8273","31","levels_pack_501_600.json#level_538",""
"539","L539_FULL_SYSTEM_MASTERY","normal","shot_limited","false","false","1","2584992421","out_of_shots_add_ball_prompt","45","45","0","","","6925","38","levels_pack_501_600.json#level_539",""
"540","L540_FULL_SYSTEM_MASTERY","special_floating_island","timed_infinite_shots","false","false","1","970611794","lost_objective","","42","","90","0","12963","27","levels_pack_501_600.json#level_540",""
"541","L541_FULL_SYSTEM_MASTERY","normal","shot_limited","false","false","1","3756180995","lost_objective","41","9","32","","","7748","0","levels_pack_501_600.json#level_541",""
"542","L542_TRAPPED_SPRITE_RESCUE","trapped_sprite_rescue","shot_limited","true","false","2","4086372137","won_settlement_pending","41","26","15","","","18112","0","levels_pack_501_600.json#level_542",""
"543","L543_FULL_SYSTEM_MASTERY","normal","shot_limited","true","false","2","2638851576","won_settlement_pending","42","27","15","","","20628","0","levels_pack_501_600.json#level_543",""
"544","L544_FULL_SYSTEM_MASTERY","normal","shot_limited","true","false","1","2973529390","won_settlement_pending","42","22","20","","","22410","2","levels_pack_501_600.json#level_544",""
"545","L545_FULL_SYSTEM_MASTERY","normal","shot_limited","true","false","1","1355087071","won_settlement_pending","42","17","25","","","26801","0","levels_pack_501_600.json#level_545",""
"546","L546_FULL_SYSTEM_MASTERY","normal","shot_limited","true","false","1","4136593036","won_settlement_pending","43","19","24","","","43883","0","levels_pack_501_600.json#level_546",""
"547","L547_FULL_SYSTEM_MASTERY","normal","shot_limited","false","false","2","443266724","out_of_shots_add_ball_prompt","43","43","0","","","8776","16","levels_pack_501_600.json#level_547",""
"548","L548_FULL_SYSTEM_MASTERY","normal","shot_limited","false","false","2","2753744243","out_of_shots_add_ball_prompt","44","44","0","","","7751","22","levels_pack_501_600.json#level_548",""
"549","L549_FULL_SYSTEM_MASTERY","normal","shot_limited","true","false","2","1175800578","won_settlement_pending","45","27","18","","","15209","4","levels_pack_501_600.json#level_549",""
"550","L550_FULL_SYSTEM_MASTERY","special_floating_island","timed_infinite_shots","true","false","2","3788358097","won","","15","","90","59.45","26512","4","levels_pack_501_600.json#level_550",""
"551","L551_FULL_SYSTEM_MASTERY","normal","shot_limited","true","false","1","230164217","won_settlement_pending","41","8","33","","","36039","0","levels_pack_501_600.json#level_551",""
"552","L552_FULL_SYSTEM_MASTERY","normal","shot_limited","true","false","2","763156031","won_settlement_pending","42","42","0","","","11844","0","levels_pack_501_600.json#level_552",""
"553","L553_FULL_SYSTEM_MASTERY","normal","shot_limited","true","false","2","3476516046","won_settlement_pending","42","34","8","","","17090","0","levels_pack_501_600.json#level_553",""
"554","L554_FULL_SYSTEM_MASTERY","normal","shot_limited","true","false","1","3771970564","won_settlement_pending","42","20","22","","","17417","2","levels_pack_501_600.json#level_554",""
"555","L555_FULL_SYSTEM_MASTERY","normal","shot_limited","true","false","1","2258255797","won_settlement_pending","42","14","28","","","12934","0","levels_pack_501_600.json#level_555",""
"556","L556_FULL_SYSTEM_MASTERY","normal","shot_limited","true","false","1","614637922","won_settlement_pending","43","33","10","","","13202","0","levels_pack_501_600.json#level_556",""
"557","L557_FULL_SYSTEM_MASTERY","normal","shot_limited","true","false","1","3127716627","won_settlement_pending","43","33","10","","","13055","4","levels_pack_501_600.json#level_557",""
"558","L558_FULL_SYSTEM_MASTERY","normal","shot_limited","false","false","1","1479922368","out_of_shots_add_ball_prompt","44","44","0","","","4638","79","levels_pack_501_600.json#level_558",""
"559","L559_FULL_SYSTEM_MASTERY","normal","shot_limited","false","false","1","4294726769","lost_objective","45","13","32","","","8153","4","levels_pack_501_600.json#level_559",""
"560","L560_FULL_SYSTEM_MASTERY","special_floating_island","timed_infinite_shots","true","false","2","330858663","won","","21","","90","41.2","17429","4","levels_pack_501_600.json#level_560",""
"561","L561_FULL_SYSTEM_MASTERY","normal","shot_limited","true","false","2","3178438518","won_settlement_pending","41","16","25","","","67486","0","levels_pack_501_600.json#level_561",""
"562","L562_FULL_SYSTEM_MASTERY","normal","shot_limited","true","false","1","3507997596","won_settlement_pending","42","21","21","","","19249","0","levels_pack_501_600.json#level_562",""
"563","L563_TRAPPED_SPRITE_RESCUE","trapped_sprite_rescue","shot_limited","true","false","2","4276229076","won_settlement_pending","41","34","7","","","18989","0","levels_pack_501_600.json#level_563",""
"564","L564_FULL_SYSTEM_MASTERY","normal","shot_limited","true","false","1","384234746","won_settlement_pending","42","31","11","","","12572","2","levels_pack_501_600.json#level_564",""
"565","L565_FULL_SYSTEM_MASTERY","normal","shot_limited","true","false","1","3031531179","won_settlement_pending","42","25","17","","","19732","0","levels_pack_501_600.json#level_565",""
"566","L566_FULL_SYSTEM_MASTERY","normal","shot_limited","true","false","2","3292905153","won_settlement_pending","43","37","6","","","11800","0","levels_pack_501_600.json#level_566",""
"567","L567_FULL_SYSTEM_MASTERY","normal","shot_limited","true","false","1","3892341257","won_settlement_pending","43","27","16","","","22253","4","levels_pack_501_600.json#level_567",""
"568","L568_FULL_SYSTEM_MASTERY","normal","shot_limited","true","false","1","2412309942","won_settlement_pending","44","37","7","","","13173","4","levels_pack_501_600.json#level_568",""
"569","L569_FULL_SYSTEM_MASTERY","normal","shot_limited","false","false","1","764647271","out_of_shots_add_ball_prompt","45","45","0","","","11250","41","levels_pack_501_600.json#level_569",""
"570","L570_FULL_SYSTEM_MASTERY","special_floating_island","timed_infinite_shots","true","false","1","3277461780","won","","29","","90","29.55","14937","4","levels_pack_501_600.json#level_570",""
"571","L571_FULL_SYSTEM_MASTERY","normal","shot_limited","true","false","2","4015971932","won_settlement_pending","41","24","17","","","18720","0","levels_pack_501_600.json#level_571",""
"572","L572_FULL_SYSTEM_MASTERY","normal","shot_limited","true","false","1","120392306","won_settlement_pending","42","32","10","","","15093","0","levels_pack_501_600.json#level_572",""
"573","L573_FULL_SYSTEM_MASTERY","normal","shot_limited","true","false","1","2801110051","won_settlement_pending","42","37","5","","","10108","0","levels_pack_501_600.json#level_573",""
"574","L574_FULL_SYSTEM_MASTERY","normal","shot_limited","true","false","1","1153185744","won_settlement_pending","42","18","24","","","44956","2","levels_pack_501_600.json#level_574",""
"575","L575_FULL_SYSTEM_MASTERY","normal","shot_limited","true","false","1","3661937025","won_settlement_pending","42","32","10","","","21645","0","levels_pack_501_600.json#level_575",""
"576","L576_FULL_SYSTEM_MASTERY","normal","shot_limited","false","false","1","2014257998","lost_objective","43","20","23","","","7249","0","levels_pack_501_600.json#level_576",""
"577","L577_FULL_SYSTEM_MASTERY","normal","shot_limited","true","false","1","534227711","won_settlement_pending","43","43","0","","","15781","4","levels_pack_501_600.json#level_577",""
"578","L578_FULL_SYSTEM_MASTERY","normal","shot_limited","true","false","1","3181259948","won_settlement_pending","44","18","26","","","29169","4","levels_pack_501_600.json#level_578",""
"579","L579_FULL_SYSTEM_MASTERY","normal","shot_limited","false","false","2","3717892292","lost_objective","45","24","21","","","10256","4","levels_pack_501_600.json#level_579",""
"580","L580_FULL_SYSTEM_MASTERY","special_floating_island","timed_infinite_shots","false","false","2","2135754387","lost_objective","","48","","90","0","13757","58","levels_pack_501_600.json#level_580",""
"581","L581_FULL_SYSTEM_MASTERY","normal","shot_limited","true","false","1","2537145275","won_settlement_pending","41","14","27","","","33886","0","levels_pack_501_600.json#level_581",""
"582","L582_FULL_SYSTEM_MASTERY","normal","shot_limited","false","false","1","918570344","out_of_shots_add_ball_prompt","42","42","0","","","10454","13","levels_pack_501_600.json#level_582",""
"583","L583_FULL_SYSTEM_MASTERY","normal","shot_limited","false","false","2","1521783168","lost_objective","42","12","30","","","7736","0","levels_pack_501_600.json#level_583",""
"584","L584_FULL_SYSTEM_MASTERY","normal","shot_limited","true","false","2","3832490079","won_settlement_pending","42","31","11","","","21897","2","levels_pack_501_600.json#level_584",""
"585","L585_FULL_SYSTEM_MASTERY","normal","shot_limited","true","false","1","136050807","won_settlement_pending","42","14","28","","","15513","0","levels_pack_501_600.json#level_585",""
"586","L586_TRAPPED_SPRITE_RESCUE","trapped_sprite_rescue","shot_limited","true","false","1","2921488932","won_settlement_pending","42","16","26","","","78511","0","levels_pack_501_600.json#level_586",""
"587","L587_FULL_SYSTEM_MASTERY","normal","shot_limited","true","false","1","1307239893","won_settlement_pending","43","30","13","","","34096","4","levels_pack_501_600.json#level_587",""
"588","L588_FULL_SYSTEM_MASTERY","normal","shot_limited","true","false","1","3820318594","won_settlement_pending","44","40","4","","","19311","4","levels_pack_501_600.json#level_588",""
"589","L589_FULL_SYSTEM_MASTERY","normal","shot_limited","true","false","1","2172391731","won_settlement_pending","45","39","6","","","19379","4","levels_pack_501_600.json#level_589",""
"590","L590_FULL_SYSTEM_MASTERY","special_floating_island","timed_infinite_shots","false","false","1","654612704","lost_objective","","42","","90","0","12292","26","levels_pack_501_600.json#level_590",""
"591","L591_FULL_SYSTEM_MASTERY","normal","shot_limited","true","false","2","1223908360","won_settlement_pending","41","22","19","","","14323","0","levels_pack_501_600.json#level_591",""
"592","L592_FULL_SYSTEM_MASTERY","normal","shot_limited","true","false","1","1687651422","won_settlement_pending","42","14","28","","","24269","0","levels_pack_501_600.json#level_592",""
"593","L593_FULL_SYSTEM_MASTERY","normal","shot_limited","false","false","2","1952600214","lost_objective","42","32","10","","","7151","0","levels_pack_501_600.json#level_593",""
"594","L594_FULL_SYSTEM_MASTERY","normal","shot_limited","true","false","1","2556867004","won_settlement_pending","42","31","11","","","29299","2","levels_pack_501_600.json#level_594",""
"595","L595_FULL_SYSTEM_MASTERY","normal","shot_limited","false","false","2","2953668084","lost_objective","42","20","22","","","8943","0","levels_pack_501_600.json#level_595",""
"596","L596_FULL_SYSTEM_MASTERY","normal","shot_limited","true","false","1","3724131610","won_settlement_pending","43","21","22","","","15881","0","levels_pack_501_600.json#level_596",""
"597","L597_FULL_SYSTEM_MASTERY","normal","shot_limited","true","false","2","4256987730","won_settlement_pending","43","31","12","","","13666","4","levels_pack_501_600.json#level_597",""
"598","L598_FULL_SYSTEM_MASTERY","normal","shot_limited","true","false","1","289975928","won_settlement_pending","44","39","5","","","24376","4","levels_pack_501_600.json#level_598",""
"599","L599_TRAPPED_SPRITE_RESCUE","trapped_sprite_rescue","shot_limited","true","false","2","959385264","won_settlement_pending","43","38","5","","","16207","0","levels_pack_501_600.json#level_599",""
"600","L600_FULL_SYSTEM_MASTERY","special_floating_island","timed_infinite_shots","true","false","2","3639051599","won","","30","","90","19.6","12941","4","levels_pack_501_600.json#level_600",""
"601","L601_BLAST_CHAIN_ROUTES","normal","shot_limited","true","false","1","4108475783","won_settlement_pending","41","20","21","","","17759","0","levels_pack_601_700.json#level_601",""
"602","L602_BLAST_CHAIN_ROUTES","normal","shot_limited","true","false","1","2326447924","won_settlement_pending","42","24","18","","","27156","0","levels_pack_601_700.json#level_602",""
"603","L603_BLAST_CHAIN_ROUTES","normal","shot_limited","true","false","1","678776549","won_settlement_pending","42","22","20","","","16526","0","levels_pack_601_700.json#level_603",""
"604","L604_BLAST_CHAIN_ROUTES","normal","shot_limited","true","false","1","3460165778","won_settlement_pending","42","17","25","","","26758","2","levels_pack_601_700.json#level_604",""
"605","L605_BLAST_CHAIN_ROUTES","normal","shot_limited","true","false","1","1841592899","won_settlement_pending","42","37","5","","","11328","0","levels_pack_601_700.json#level_605",""
"606","L606_BLAST_CHAIN_ROUTES","normal","shot_limited","true","false","1","59571696","won_settlement_pending","42","20","22","","","33788","0","levels_pack_601_700.json#level_606",""
"607","L607_BLAST_CHAIN_ROUTES","normal","shot_limited","true","false","2","795556152","won_settlement_pending","44","13","31","","","58672","4","levels_pack_601_700.json#level_607",""
"608","L608_BLAST_CHAIN_ROUTES","normal","shot_limited","true","false","1","1193273710","won_settlement_pending","43","21","22","","","14760","4","levels_pack_601_700.json#level_608",""
"609","L609_BLAST_CHAIN_ROUTES","normal","shot_limited","false","false","2","1796918662","out_of_shots_add_ball_prompt","45","45","0","","","12882","24","levels_pack_601_700.json#level_609",""
"610","L610_BLAST_CHAIN_ROUTES","special_floating_island","timed_infinite_shots","false","false","1","2230393548","lost_objective","","42","","90","0","5115","69","levels_pack_601_700.json#level_610",""
"611","L611_BLAST_CHAIN_ROUTES","normal","shot_limited","true","false","1","448371837","won_settlement_pending","41","14","27","","","65181","0","levels_pack_601_700.json#level_611",""
"612","L612_BLAST_CHAIN_ROUTES","normal","shot_limited","true","false","1","3091203626","won_settlement_pending","42","21","21","","","17582","0","levels_pack_601_700.json#level_612",""
"613","L613_BLAST_CHAIN_ROUTES","normal","shot_limited","true","false","1","1577617883","won_settlement_pending","42","23","19","","","26435","0","levels_pack_601_700.json#level_613",""
"614","L614_BLAST_CHAIN_ROUTES","normal","shot_limited","true","false","1","4258476936","won_settlement_pending","42","22","20","","","25165","2","levels_pack_601_700.json#level_614",""
"615","L615_BLAST_CHAIN_ROUTES","normal","shot_limited","true","false","1","2476455225","won_settlement_pending","42","25","17","","","32327","0","levels_pack_601_700.json#level_615",""
"616","L616_BLAST_CHAIN_ROUTES","normal","shot_limited","true","false","1","832716006","won_settlement_pending","42","20","22","","","33356","0","levels_pack_601_700.json#level_616",""
"617","L617_BLAST_CHAIN_ROUTES","normal","shot_limited","true","false","2","1498871822","won_settlement_pending","44","30","14","","","14225","4","levels_pack_601_700.json#level_617",""
"618","L618_BLAST_CHAIN_ROUTES","normal","shot_limited","false","false","2","4211701469","lost_objective","43","40","3","","","7905","4","levels_pack_601_700.json#level_618",""
"619","L619_BLAST_CHAIN_ROUTES","normal","shot_limited","false","false","1","352179189","lost_objective","45","38","7","","","7001","4","levels_pack_601_700.json#level_619",""
"620","L620_BLAST_CHAIN_ROUTES","special_floating_island","timed_infinite_shots","false","false","2","616041275","lost_objective","","46","","90","0","16053","33","levels_pack_601_700.json#level_620",""
"621","L621_BLAST_CHAIN_ROUTES","normal","shot_limited","true","false","1","1212997459","won_settlement_pending","41","33","8","","","13629","0","levels_pack_601_700.json#level_621",""
"622","L622_BLAST_CHAIN_ROUTES","normal","shot_limited","true","false","2","1613438873","won_settlement_pending","42","36","6","","","12218","0","levels_pack_601_700.json#level_622",""
"623","L623_BLAST_CHAIN_ROUTES","normal","shot_limited","true","false","2","65246760","won_settlement_pending","42","23","19","","","15553","0","levels_pack_601_700.json#level_623",""
"624","L624_BLAST_CHAIN_ROUTES","normal","shot_limited","true","false","1","602305150","won_settlement_pending","42","17","25","","","42202","2","levels_pack_601_700.json#level_624",""
"625","L625_TRAPPED_SPRITE_RESCUE","trapped_sprite_rescue","shot_limited","false","true","1","3249468463","simulator_error","41","28","13","","","5011","37","levels_pack_601_700.json#level_625","Trapped sprite rescue bubble impact requires an attachment cell."
"626","L626_BLAST_CHAIN_ROUTES","normal","shot_limited","true","false","1","1736015836","won_settlement_pending","42","34","8","","","22085","0","levels_pack_601_700.json#level_626",""
"627","L627_BLAST_CHAIN_ROUTES","normal","shot_limited","true","false","1","84009357","won_settlement_pending","44","20","24","","","28745","4","levels_pack_601_700.json#level_627",""
"628","L628_BLAST_CHAIN_ROUTES","normal","shot_limited","true","false","1","2764598074","won_settlement_pending","43","32","11","","","20517","4","levels_pack_601_700.json#level_628",""
"629","L629_BLAST_CHAIN_ROUTES","normal","shot_limited","false","false","1","982717163","lost_objective","45","31","14","","","9716","4","levels_pack_601_700.json#level_629",""
"630","L630_BLAST_CHAIN_ROUTES","special_floating_island","timed_infinite_shots","true","false","1","3629880472","won","","12","","90","65.1","16257","4","levels_pack_601_700.json#level_630",""
"631","L631_BLAST_CHAIN_ROUTES","normal","shot_limited","true","false","2","4032708816","won_settlement_pending","41","10","31","","","26944","0","levels_pack_601_700.json#level_631",""
"632","L632_BLAST_CHAIN_ROUTES","normal","shot_limited","true","false","1","472547830","won_settlement_pending","42","17","25","","","42849","0","levels_pack_601_700.json#level_632",""
"633","L633_BLAST_CHAIN_ROUTES","normal","shot_limited","true","false","2","1036604734","won_settlement_pending","42","39","3","","","19039","0","levels_pack_601_700.json#level_633",""
"634","L634_BLAST_CHAIN_ROUTES","normal","shot_limited","true","false","1","1371376980","won_settlement_pending","42","42","0","","","9546","2","levels_pack_601_700.json#level_634",""
"635","L635_BLAST_CHAIN_ROUTES","normal","shot_limited","true","false","1","4148442885","won_settlement_pending","42","16","26","","","40580","0","levels_pack_601_700.json#level_635",""
"636","L636_BLAST_CHAIN_ROUTES","normal","shot_limited","true","false","1","2500640434","won_settlement_pending","42","16","26","","","43304","0","levels_pack_601_700.json#level_636",""
"637","L637_BLAST_CHAIN_ROUTES","normal","shot_limited","true","false","1","886513763","won_settlement_pending","44","25","19","","","31201","4","levels_pack_601_700.json#level_637",""
"638","L638_BLAST_CHAIN_ROUTES","normal","shot_limited","true","false","1","3399461392","won_settlement_pending","43","26","17","","","13014","4","levels_pack_601_700.json#level_638",""
"639","L639_BLAST_CHAIN_ROUTES","normal","shot_limited","false","false","2","3868881752","out_of_shots_add_ball_prompt","45","45","0","","","16756","32","levels_pack_601_700.json#level_639",""
"640","L640_BLAST_CHAIN_ROUTES","special_floating_island","timed_infinite_shots","false","false","2","2152892695","lost_objective","","41","","90","0","13757","65","levels_pack_601_700.json#level_640",""
"641","L641_BLAST_CHAIN_ROUTES","normal","shot_limited","true","false","1","2889439551","won_settlement_pending","41","18","23","","","16527","0","levels_pack_601_700.json#level_641",""
"642","L642_TRAPPED_SPRITE_RESCUE","trapped_sprite_rescue","shot_limited","true","false","1","1136771308","won_settlement_pending","41","26","15","","","31223","0","levels_pack_601_700.json#level_642",""
"643","L643_BLAST_CHAIN_ROUTES","normal","shot_limited","true","false","1","3783805597","won_settlement_pending","42","22","20","","","16514","0","levels_pack_601_700.json#level_643",""
"644","L644_BLAST_CHAIN_ROUTES","normal","shot_limited","true","false","1","2270219338","won_settlement_pending","42","10","32","","","19400","2","levels_pack_601_700.json#level_644",""
"645","L645_BLAST_CHAIN_ROUTES","normal","shot_limited","true","false","1","622557179","won_settlement_pending","42","29","13","","","13466","0","levels_pack_601_700.json#level_645",""
"646","L646_BLAST_CHAIN_ROUTES","normal","shot_limited","true","false","1","3139697064","won_settlement_pending","42","28","14","","","13479","0","levels_pack_601_700.json#level_646",""
"647","L647_BLAST_CHAIN_ROUTES","normal","shot_limited","true","false","1","1525310297","won_settlement_pending","44","16","28","","","11340","4","levels_pack_601_700.json#level_647",""
"648","L648_BLAST_CHAIN_ROUTES","normal","shot_limited","true","false","1","4172473606","won_settlement_pending","43","26","17","","","17346","4","levels_pack_601_700.json#level_648",""
"649","L649_BLAST_CHAIN_ROUTES","normal","shot_limited","true","false","1","2659019959","won_settlement_pending","45","27","18","","","13980","4","levels_pack_601_700.json#level_649",""
"650","L650_BLAST_CHAIN_ROUTES","special_floating_island","timed_infinite_shots","false","false","2","2990033149","lost_objective","","46","","90","0","3516","88","levels_pack_601_700.json#level_650",""
"651","L651_BLAST_CHAIN_ROUTES","normal","shot_limited","true","false","1","3553400853","won_settlement_pending","41","25","16","","","29663","0","levels_pack_601_700.json#level_651",""
"652","L652_BLAST_CHAIN_ROUTES","normal","shot_limited","true","false","1","1905722306","won_settlement_pending","42","13","29","","","24351","0","levels_pack_601_700.json#level_652",""
"653","L653_BLAST_CHAIN_ROUTES","normal","shot_limited","true","false","1","392136051","won_settlement_pending","42","22","20","","","32017","0","levels_pack_601_700.json#level_653",""
"654","L654_BLAST_CHAIN_ROUTES","normal","shot_limited","true","false","1","3043364640","won_settlement_pending","42","25","17","","","31987","2","levels_pack_601_700.json#level_654",""
"655","L655_BLAST_CHAIN_ROUTES","normal","shot_limited","true","false","1","1261352657","won_settlement_pending","42","11","31","","","17290","0","levels_pack_601_700.json#level_655",""
"656","L656_BLAST_CHAIN_ROUTES","normal","shot_limited","true","false","1","3942201502","won_settlement_pending","42","29","13","","","12624","0","levels_pack_601_700.json#level_656",""
"657","L657_BLAST_CHAIN_ROUTES","normal","shot_limited","true","false","1","2290197071","won_settlement_pending","44","25","19","","","28982","4","levels_pack_601_700.json#level_657",""
"658","L658_BLAST_CHAIN_ROUTES","normal","shot_limited","true","false","1","776480252","won_settlement_pending","43","10","33","","","22999","4","levels_pack_601_700.json#level_658",""
"659","L659_BLAST_CHAIN_ROUTES","normal","shot_limited","false","false","1","3423645613","out_of_shots_add_ball_prompt","45","45","0","","","10453","33","levels_pack_601_700.json#level_659",""
"660","L660_BLAST_CHAIN_ROUTES","special_floating_island","timed_infinite_shots","true","false","2","3991343043","won","","42","","90","6.15","15634","4","levels_pack_601_700.json#level_660",""
"661","L661_BLAST_CHAIN_ROUTES","normal","shot_limited","true","false","1","31709963","won_settlement_pending","41","26","15","","","24665","0","levels_pack_601_700.json#level_661",""
"662","L662_BLAST_CHAIN_ROUTES","normal","shot_limited","true","false","1","2812953272","won_settlement_pending","42","24","18","","","23704","0","levels_pack_601_700.json#level_662",""
"663","L663_TRAPPED_SPRITE_RESCUE","trapped_sprite_rescue","shot_limited","true","false","2","3410926320","won_settlement_pending","41","34","7","","","16874","0","levels_pack_601_700.json#level_663",""
"664","L664_BLAST_CHAIN_ROUTES","normal","shot_limited","true","false","1","3678227990","won_settlement_pending","42","18","24","","","37244","2","levels_pack_601_700.json#level_664",""
"665","L665_BLAST_CHAIN_ROUTES","normal","shot_limited","true","false","1","2059792839","won_settlement_pending","42","15","27","","","19314","0","levels_pack_601_700.json#level_665",""
"666","L666_BLAST_CHAIN_ROUTES","normal","shot_limited","true","false","1","411859828","won_settlement_pending","42","23","19","","","12523","0","levels_pack_601_700.json#level_666",""
"667","L667_BLAST_CHAIN_ROUTES","normal","shot_limited","true","false","1","3193240869","won_settlement_pending","44","13","31","","","26358","4","levels_pack_601_700.json#level_667",""
"668","L668_BLAST_CHAIN_ROUTES","normal","shot_limited","true","false","1","1545561298","won_settlement_pending","43","27","16","","","20561","4","levels_pack_601_700.json#level_668",""
"669","L669_BLAST_CHAIN_ROUTES","normal","shot_limited","false","false","2","2082189338","out_of_shots_add_ball_prompt","45","45","0","","","9829","37","levels_pack_601_700.json#level_669",""
"670","L670_BLAST_CHAIN_ROUTES","special_floating_island","timed_infinite_shots","false","false","2","533909161","lost_objective","","28","","90","29.05","9477","4","levels_pack_601_700.json#level_670",""
"671","L671_BLAST_CHAIN_ROUTES","normal","shot_limited","true","false","1","934878177","won_settlement_pending","41","15","26","","","25441","0","levels_pack_601_700.json#level_671",""
"672","L672_BLAST_CHAIN_ROUTES","normal","shot_limited","true","false","1","3577847214","won_settlement_pending","42","27","15","","","15000","0","levels_pack_601_700.json#level_672",""
"673","L673_BLAST_CHAIN_ROUTES","normal","shot_limited","true","false","1","1795688287","won_settlement_pending","42","14","28","","","61480","0","levels_pack_601_700.json#level_673",""
"674","L674_BLAST_CHAIN_ROUTES","normal","shot_limited","true","false","1","181438732","won_settlement_pending","42","23","19","","","12846","2","levels_pack_601_700.json#level_674",""
"675","L675_BLAST_CHAIN_ROUTES","normal","shot_limited","true","false","1","2828742845","won_settlement_pending","42","24","18","","","17269","0","levels_pack_601_700.json#level_675",""
"676","L676_BLAST_CHAIN_ROUTES","normal","shot_limited","true","false","1","1319352938","won_settlement_pending","42","24","18","","","25921","0","levels_pack_601_700.json#level_676",""
"677","L677_BLAST_CHAIN_ROUTES","normal","shot_limited","true","false","1","3966385179","won_settlement_pending","44","14","30","","","20147","4","levels_pack_601_700.json#level_677",""
"678","L678_BLAST_CHAIN_ROUTES","normal","shot_limited","true","false","1","2184357832","won_settlement_pending","43","25","18","","","18777","4","levels_pack_601_700.json#level_678",""
"679","L679_BLAST_CHAIN_ROUTES","normal","shot_limited","false","false","2","2948691936","lost_objective","45","18","27","","","9479","4","levels_pack_601_700.json#level_679",""
"680","L680_BLAST_CHAIN_ROUTES","special_floating_island","timed_infinite_shots","true","false","2","1236897215","won","","33","","90","24.5","18096","4","levels_pack_601_700.json#level_680",""
"681","L681_BLAST_CHAIN_ROUTES","normal","shot_limited","true","false","1","1699502807","won_settlement_pending","41","26","15","","","12288","0","levels_pack_601_700.json#level_681",""
"682","L682_BLAST_CHAIN_ROUTES","normal","shot_limited","true","false","1","4212448388","won_settlement_pending","42","18","24","","","37045","0","levels_pack_601_700.json#level_682",""
"683","L683_BLAST_CHAIN_ROUTES","normal","shot_limited","true","false","2","350427308","won_settlement_pending","42","26","16","","","18811","0","levels_pack_601_700.json#level_683",""
"684","L684_BLAST_CHAIN_ROUTES","normal","shot_limited","true","false","1","954714594","won_settlement_pending","42","17","25","","","39069","2","levels_pack_601_700.json#level_684",""
"685","L685_BLAST_CHAIN_ROUTES","normal","shot_limited","true","false","1","3735974803","won_settlement_pending","42","23","19","","","18776","0","levels_pack_601_700.json#level_685",""
"686","L686_TRAPPED_SPRITE_RESCUE","trapped_sprite_rescue","shot_limited","true","false","1","2088170816","won_settlement_pending","41","23","18","","","34942","0","levels_pack_601_700.json#level_686",""
"687","L687_BLAST_CHAIN_ROUTES","normal","shot_limited","true","false","1","302087409","won_settlement_pending","44","23","21","","","19054","4","levels_pack_601_700.json#level_687",""
"688","L688_BLAST_CHAIN_ROUTES","normal","shot_limited","true","false","2","1073068071","won_settlement_pending","43","32","11","","","11820","4","levels_pack_601_700.json#level_688",""
"689","L689_BLAST_CHAIN_ROUTES","normal","shot_limited","false","false","1","1469081711","out_of_shots_add_ball_prompt","45","45","0","","","3738","95","levels_pack_601_700.json#level_689",""
"690","L690_BLAST_CHAIN_ROUTES","special_floating_island","timed_infinite_shots","false","false","2","2070367365","lost_objective","","43","","90","0","12534","69","levels_pack_601_700.json#level_690",""
"691","L691_BLAST_CHAIN_ROUTES","normal","shot_limited","true","false","1","2338559437","won_settlement_pending","41","24","17","","","22743","0","levels_pack_601_700.json#level_691",""
"692","L692_BLAST_CHAIN_ROUTES","normal","shot_limited","true","false","1","690626426","won_settlement_pending","42","27","15","","","30077","0","levels_pack_601_700.json#level_692",""
"693","L693_BLAST_CHAIN_ROUTES","normal","shot_limited","true","false","1","3371335979","won_settlement_pending","42","21","21","","","33762","0","levels_pack_601_700.json#level_693",""
"694","L694_BLAST_CHAIN_ROUTES","normal","shot_limited","true","false","2","3766572609","won_settlement_pending","42","20","22","","","10879","2","levels_pack_601_700.json#level_694",""
"695","L695_BLAST_CHAIN_ROUTES","normal","shot_limited","true","false","2","2189028368","won_settlement_pending","42","30","12","","","11595","0","levels_pack_601_700.json#level_695",""
"696","L696_BLAST_CHAIN_ROUTES","normal","shot_limited","true","false","2","741370543","won_settlement_pending","42","42","0","","","13107","0","levels_pack_601_700.json#level_696",""
"697","L697_BLAST_CHAIN_ROUTES","normal","shot_limited","true","false","1","1104461799","won_settlement_pending","44","25","19","","","30193","4","levels_pack_601_700.json#level_697",""
"698","L698_BLAST_CHAIN_ROUTES","normal","shot_limited","true","false","1","3885965716","won_settlement_pending","43","19","24","","","41788","4","levels_pack_601_700.json#level_698",""
"699","L699_TRAPPED_SPRITE_RESCUE","trapped_sprite_rescue","shot_limited","false","false","2","194770396","out_of_shots_add_ball_prompt","43","43","0","","","6547","53","levels_pack_601_700.json#level_699",""
"700","L700_BLAST_CHAIN_ROUTES","special_floating_island","timed_infinite_shots","true","false","1","460215026","won","","12","","90","60.9","13251","4","levels_pack_601_700.json#level_700",""
"701","L701_GROWTH_AND_KEYS","normal","shot_limited","true","false","1","3107378339","won_settlement_pending","43","15","28","","","35366","0","levels_pack_701_800.json#level_701",""
"702","L702_GROWTH_AND_KEYS","normal","shot_limited","true","false","1","1489067600","won_settlement_pending","44","40","4","","","10966","0","levels_pack_701_800.json#level_702",""
"703","L703_GROWTH_AND_KEYS","normal","shot_limited","false","false","2","1890950808","lost_objective","44","26","18","","","8581","0","levels_pack_701_800.json#level_703",""
"704","L704_GROWTH_AND_KEYS","normal","shot_limited","true","false","1","2622507982","won_settlement_pending","44","38","6","","","19355","2","levels_pack_701_800.json#level_704",""
"705","L705_GROWTH_AND_KEYS","normal","shot_limited","false","false","1","840486271","out_of_shots_add_ball_prompt","44","44","0","","","8524","39","levels_pack_701_800.json#level_705",""
"706","L706_GROWTH_AND_KEYS","normal","shot_limited","true","false","1","3491985196","won_settlement_pending","45","43","2","","","11176","0","levels_pack_701_800.json#level_706",""
"707","L707_GROWTH_AND_KEYS","normal","shot_limited","true","false","2","4191658052","won_settlement_pending","46","40","6","","","14577","4","levels_pack_701_800.json#level_707",""
"708","L708_GROWTH_AND_KEYS","normal","shot_limited","false","false","1","364011658","out_of_shots_add_ball_prompt","46","46","0","","","6424","72","levels_pack_701_800.json#level_708",""
"709","L709_GROWTH_AND_KEYS","normal","shot_limited","false","false","2","625390754","out_of_shots_add_ball_prompt","46","46","0","","","5545","72","levels_pack_701_800.json#level_709",""
"710","L710_GROWTH_AND_KEYS","special_floating_island","timed_infinite_shots","false","false","1","1225092584","lost_objective","","44","","90","0","2945","79","levels_pack_701_800.json#level_710",""
"711","L711_GROWTH_AND_KEYS","normal","shot_limited","false","false","1","3905689497","lost_objective","43","28","15","","","5982","0","levels_pack_701_800.json#level_711",""
"712","L712_GROWTH_AND_KEYS","normal","shot_limited","true","false","1","2392103238","won_settlement_pending","44","21","23","","","26522","0","levels_pack_701_800.json#level_712",""
"713","L713_GROWTH_AND_KEYS","normal","shot_limited","true","false","1","744423671","won_settlement_pending","44","34","10","","","16679","0","levels_pack_701_800.json#level_713",""
"714","L714_GROWTH_AND_KEYS","normal","shot_limited","false","false","2","1281086525","out_of_shots_add_ball_prompt","44","44","0","","","8212","20","levels_pack_701_800.json#level_714",""
"715","L715_GROWTH_AND_KEYS","normal","shot_limited","false","false","1","1613630549","lost_objective","45","38","7","","","9386","0","levels_pack_701_800.json#level_715",""
"716","L716_GROWTH_AND_KEYS","normal","shot_limited","true","false","1","133608962","won_settlement_pending","45","26","19","","","32949","0","levels_pack_701_800.json#level_716",""
"717","L717_GROWTH_AND_KEYS","normal","shot_limited","false","false","2","733833002","out_of_shots_add_ball_prompt","46","46","0","","","8976","31","levels_pack_701_800.json#level_717",""
"718","L718_GROWTH_AND_KEYS","normal","shot_limited","true","false","1","994681696","won_settlement_pending","46","35","11","","","20523","4","levels_pack_701_800.json#level_718",""
"719","L719_GROWTH_AND_KEYS","normal","shot_limited","false","false","1","3641713937","lost_objective","46","39","7","","","9338","4","levels_pack_701_800.json#level_719",""
"720","L720_GROWTH_AND_KEYS","special_floating_island","timed_infinite_shots","false","false","1","2027465950","lost_objective","","45","","90","0","3515","67","levels_pack_701_800.json#level_720",""
"721","L721_GROWTH_AND_KEYS","normal","shot_limited","true","false","2","2430535702","won_settlement_pending","43","35","8","","","18626","0","levels_pack_701_800.json#level_721",""
"722","L722_GROWTH_AND_KEYS","normal","shot_limited","true","false","2","848791205","won_settlement_pending","44","22","22","","","50219","0","levels_pack_701_800.json#level_722",""
"723","L723_GROWTH_AND_KEYS","normal","shot_limited","true","false","1","1383220205","won_settlement_pending","44","33","11","","","12719","0","levels_pack_701_800.json#level_723",""
"724","L724_GROWTH_AND_KEYS","normal","shot_limited","true","false","2","2114362115","won_settlement_pending","44","29","15","","","15060","2","levels_pack_701_800.json#level_724",""
"725","L725_TRAPPED_SPRITE_RESCUE","trapped_sprite_rescue","shot_limited","true","false","1","2546290507","won_settlement_pending","42","13","29","","","68543","0","levels_pack_701_800.json#level_725",""
"726","L726_GROWTH_AND_KEYS","normal","shot_limited","false","false","2","3148982369","out_of_shots_add_ball_prompt","45","45","0","","","2797","86","levels_pack_701_800.json#level_726",""
"727","L727_GROWTH_AND_KEYS","normal","shot_limited","true","false","1","3411310761","won_settlement_pending","46","30","16","","","14983","4","levels_pack_701_800.json#level_727",""
"728","L728_GROWTH_AND_KEYS","normal","shot_limited","true","false","1","1763500630","won_settlement_pending","46","37","9","","","18126","4","levels_pack_701_800.json#level_728",""
"729","L729_GROWTH_AND_KEYS","normal","shot_limited","false","false","1","254239751","out_of_shots_add_ball_prompt","46","46","0","","","4408","80","levels_pack_701_800.json#level_729",""
"730","L730_GROWTH_AND_KEYS","special_floating_island","timed_infinite_shots","false","false","1","2934960052","lost_objective","","45","","90","0","3746","74","levels_pack_701_800.json#level_730",""
"731","L731_GROWTH_AND_KEYS","normal","shot_limited","true","false","1","1287033189","won_settlement_pending","43","29","14","","","33270","0","levels_pack_701_800.json#level_731",""
"732","L732_GROWTH_AND_KEYS","normal","shot_limited","true","false","1","3795917586","won_settlement_pending","44","26","18","","","23798","0","levels_pack_701_800.json#level_732",""
"733","L733_GROWTH_AND_KEYS","normal","shot_limited","true","false","1","2148106947","won_settlement_pending","44","27","17","","","18844","0","levels_pack_701_800.json#level_733",""
"734","L734_GROWTH_AND_KEYS","normal","shot_limited","true","false","1","667944048","won_settlement_pending","44","37","7","","","15132","2","levels_pack_701_800.json#level_734",""
"735","L735_GROWTH_AND_KEYS","normal","shot_limited","true","false","1","3315109409","won_settlement_pending","44","38","6","","","26490","0","levels_pack_701_800.json#level_735",""
"736","L736_GROWTH_AND_KEYS","normal","shot_limited","false","false","1","1537421806","out_of_shots_add_ball_prompt","45","45","0","","","2354","77","levels_pack_701_800.json#level_736",""
"737","L737_GROWTH_AND_KEYS","normal","shot_limited","false","false","2","2002248966","out_of_shots_add_ball_prompt","46","46","0","","","8431","30","levels_pack_701_800.json#level_737",""
"738","L738_GROWTH_AND_KEYS","normal","shot_limited","true","false","1","2670869836","won_settlement_pending","46","24","22","","","23594","4","levels_pack_701_800.json#level_738",""
"739","L739_GROWTH_AND_KEYS","normal","shot_limited","false","false","2","2965830244","out_of_shots_add_ball_prompt","46","46","0","","","6263","46","levels_pack_701_800.json#level_739",""
"740","L740_GROWTH_AND_KEYS","special_floating_island","timed_infinite_shots","false","false","2","1387884595","lost_objective","","45","","90","0","3665","87","levels_pack_701_800.json#level_740",""
"741","L741_GROWTH_AND_KEYS","normal","shot_limited","true","false","2","4235300546","won_settlement_pending","43","32","11","","","14524","0","levels_pack_701_800.json#level_741",""
"742","L742_TRAPPED_SPRITE_RESCUE","trapped_sprite_rescue","shot_limited","false","false","1","269769224","out_of_shots_add_ball_prompt","42","42","0","","","12890","5","levels_pack_701_800.json#level_742",""
"743","L743_GROWTH_AND_KEYS","normal","shot_limited","true","false","2","971014944","won_settlement_pending","44","39","5","","","16704","0","levels_pack_701_800.json#level_743",""
"744","L744_GROWTH_AND_KEYS","normal","shot_limited","true","false","1","1441220454","won_settlement_pending","44","28","16","","","17385","2","levels_pack_701_800.json#level_744",""
"745","L745_GROWTH_AND_KEYS","normal","shot_limited","true","false","2","1704171406","won_settlement_pending","44","26","18","","","16713","0","levels_pack_701_800.json#level_745",""
"746","L746_GROWTH_AND_KEYS","normal","shot_limited","false","false","2","122302045","lost_objective","45","45","0","","","8926","0","levels_pack_701_800.json#level_746",""
"747","L747_GROWTH_AND_KEYS","normal","shot_limited","true","false","1","792656501","won_settlement_pending","46","31","15","","","16138","4","levels_pack_701_800.json#level_747",""
"748","L748_GROWTH_AND_KEYS","normal","shot_limited","false","false","1","3469311010","out_of_shots_add_ball_prompt","46","46","0","","","2777","67","levels_pack_701_800.json#level_748",""
"749","L749_GROWTH_AND_KEYS","normal","shot_limited","false","false","1","1821501395","out_of_shots_add_ball_prompt","46","46","0","","","6083","79","levels_pack_701_800.json#level_749",""
"750","L750_GROWTH_AND_KEYS","special_floating_island","timed_infinite_shots","false","false","1","39348608","lost_objective","","41","","90","0","6858","63","levels_pack_701_800.json#level_750",""
"751","L751_GROWTH_AND_KEYS","normal","shot_limited","true","false","1","2690847537","won_settlement_pending","43","6","37","","","48470","0","levels_pack_701_800.json#level_751",""
"752","L752_GROWTH_AND_KEYS","normal","shot_limited","true","false","1","1177262846","won_settlement_pending","44","29","15","","","17340","0","levels_pack_701_800.json#level_752",""
"753","L753_GROWTH_AND_KEYS","normal","shot_limited","true","false","1","3857849519","won_settlement_pending","44","32","12","","","20426","0","levels_pack_701_800.json#level_753",""
"754","L754_GROWTH_AND_KEYS","normal","shot_limited","true","false","2","4119255237","won_settlement_pending","44","41","3","","","20513","2","levels_pack_701_800.json#level_754",""
"755","L755_GROWTH_AND_KEYS","normal","shot_limited","true","false","1","423954445","won_settlement_pending","44","42","2","","","11560","0","levels_pack_701_800.json#level_755",""
"756","L756_GROWTH_AND_KEYS","normal","shot_limited","false","false","2","825355555","lost_objective","45","38","7","","","6302","0","levels_pack_701_800.json#level_756",""
"757","L757_GROWTH_AND_KEYS","normal","shot_limited","true","false","1","1590965611","won_settlement_pending","46","40","6","","","11899","4","levels_pack_701_800.json#level_757",""
"758","L758_GROWTH_AND_KEYS","normal","shot_limited","true","false","2","1923146113","won_settlement_pending","46","28","18","","","23798","4","levels_pack_701_800.json#level_758",""
"759","L759_GROWTH_AND_KEYS","normal","shot_limited","true","false","2","479950928","won_settlement_pending","46","32","14","","","20135","4","levels_pack_701_800.json#level_759",""
"760","L760_GROWTH_AND_KEYS","special_floating_island","timed_infinite_shots","false","false","2","3193173743","lost_objective","","41","","90","0","6481","66","levels_pack_701_800.json#level_760",""
"761","L761_GROWTH_AND_KEYS","normal","shot_limited","true","false","2","1477053630","won_settlement_pending","43","33","10","","","15374","0","levels_pack_701_800.json#level_761",""
"762","L762_GROWTH_AND_KEYS","normal","shot_limited","true","false","1","1979635156","won_settlement_pending","44","43","1","","","16106","0","levels_pack_701_800.json#level_762",""
"763","L763_TRAPPED_SPRITE_RESCUE","trapped_sprite_rescue","shot_limited","true","false","1","193552261","won_settlement_pending","42","24","18","","","69275","0","levels_pack_701_800.json#level_763",""
"764","L764_GROWTH_AND_KEYS","normal","shot_limited","true","false","1","2840707378","won_settlement_pending","44","7","37","","","68695","2","levels_pack_701_800.json#level_764",""
"765","L765_GROWTH_AND_KEYS","normal","shot_limited","true","false","2","3240367738","won_settlement_pending","44","33","11","","","15764","0","levels_pack_701_800.json#level_765",""
"766","L766_GROWTH_AND_KEYS","normal","shot_limited","true","false","1","3978359440","won_settlement_pending","45","22","23","","","18464","0","levels_pack_701_800.json#level_766",""
"767","L767_GROWTH_AND_KEYS","normal","shot_limited","false","false","2","47655640","out_of_shots_add_ball_prompt","46","46","0","","","4814","40","levels_pack_701_800.json#level_767",""
"768","L768_GROWTH_AND_KEYS","normal","shot_limited","false","false","2","2895093911","out_of_shots_add_ball_prompt","46","46","0","","","8504","21","levels_pack_701_800.json#level_768",""
"769","L769_GROWTH_AND_KEYS","normal","shot_limited","false","false","1","3229245887","out_of_shots_add_ball_prompt","46","46","0","","","6028","51","levels_pack_701_800.json#level_769",""
"770","L770_GROWTH_AND_KEYS","special_floating_island","timed_infinite_shots","false","false","1","1711467372","lost_objective","","44","","90","0","7511","34","levels_pack_701_800.json#level_770",""
"771","L771_GROWTH_AND_KEYS","normal","shot_limited","true","false","2","2347840388","won_settlement_pending","43","26","17","","","11535","0","levels_pack_701_800.json#level_771",""
"772","L772_GROWTH_AND_KEYS","normal","shot_limited","true","false","2","363350611","won_settlement_pending","44","24","20","","","19302","0","levels_pack_701_800.json#level_772",""
"773","L773_GROWTH_AND_KEYS","normal","shot_limited","true","false","1","962371195","won_settlement_pending","44","33","11","","","16948","0","levels_pack_701_800.json#level_773",""
"774","L774_GROWTH_AND_KEYS","normal","shot_limited","true","false","1","3748069416","won_settlement_pending","44","14","30","","","27912","2","levels_pack_701_800.json#level_774",""
"775","L775_GROWTH_AND_KEYS","normal","shot_limited","true","false","2","4078163264","won_settlement_pending","44","12","32","","","23779","0","levels_pack_701_800.json#level_775",""
"776","L776_GROWTH_AND_KEYS","normal","shot_limited","false","false","1","485887366","out_of_shots_add_ball_prompt","45","45","0","","","4327","54","levels_pack_701_800.json#level_776",""
"777","L777_GROWTH_AND_KEYS","normal","shot_limited","true","false","2","1015212462","won_settlement_pending","46","39","7","","","16627","4","levels_pack_701_800.json#level_777",""
"778","L778_GROWTH_AND_KEYS","normal","shot_limited","true","false","1","1346977508","won_settlement_pending","46","15","31","","","31103","4","levels_pack_701_800.json#level_778",""
"779","L779_GROWTH_AND_KEYS","normal","shot_limited","false","false","1","4128350357","out_of_shots_add_ball_prompt","46","46","0","","","3397","79","levels_pack_701_800.json#level_779",""
"780","L780_GROWTH_AND_KEYS","special_floating_island","timed_infinite_shots","false","false","2","467956955","lost_objective","","44","","90","0","3017","84","levels_pack_701_800.json#level_780",""
"781","L781_GROWTH_AND_KEYS","normal","shot_limited","true","false","1","736144883","won_settlement_pending","43","32","11","","","12058","0","levels_pack_701_800.json#level_781",""
"782","L782_GROWTH_AND_KEYS","normal","shot_limited","true","false","1","3383449504","won_settlement_pending","44","29","15","","","20041","0","levels_pack_701_800.json#level_782",""
"783","L783_GROWTH_AND_KEYS","normal","shot_limited","true","false","1","1869863249","won_settlement_pending","44","11","33","","","30991","0","levels_pack_701_800.json#level_783",""
"784","L784_GROWTH_AND_KEYS","normal","shot_limited","true","false","2","2198216071","won_settlement_pending","44","29","15","","","17795","2","levels_pack_701_800.json#level_784",""
"785","L785_GROWTH_AND_KEYS","normal","shot_limited","true","false","1","2898447055","won_settlement_pending","44","31","13","","","21269","0","levels_pack_701_800.json#level_785",""
"786","L786_TRAPPED_SPRITE_RESCUE","trapped_sprite_rescue","shot_limited","true","false","2","3434156773","won_settlement_pending","42","29","13","","","29251","0","levels_pack_701_800.json#level_786",""
"787","L787_GROWTH_AND_KEYS","normal","shot_limited","false","false","1","3763729965","out_of_shots_add_ball_prompt","46","46","0","","","6201","40","levels_pack_701_800.json#level_787",""
"788","L788_GROWTH_AND_KEYS","normal","shot_limited","true","false","1","2250013146","won_settlement_pending","46","35","11","","","18729","4","levels_pack_701_800.json#level_788",""
"789","L789_GROWTH_AND_KEYS","normal","shot_limited","false","false","1","606397323","out_of_shots_add_ball_prompt","46","46","0","","","8001","42","levels_pack_701_800.json#level_789",""
"790","L790_GROWTH_AND_KEYS","special_floating_island","timed_infinite_shots","false","false","2","903035809","lost_objective","","42","","90","0","3254","78","levels_pack_701_800.json#level_790",""
"791","L791_GROWTH_AND_KEYS","normal","shot_limited","true","false","1","1505225961","won_settlement_pending","43","31","12","","","10640","0","levels_pack_701_800.json#level_791",""
"792","L792_GROWTH_AND_KEYS","normal","shot_limited","true","false","1","4286486166","won_settlement_pending","44","34","10","","","13420","0","levels_pack_701_800.json#level_792",""
"793","L793_GROWTH_AND_KEYS","normal","shot_limited","false","false","2","322258654","lost_objective","44","27","17","","","8367","0","levels_pack_701_800.json#level_793",""
"794","L794_GROWTH_AND_KEYS","normal","shot_limited","true","false","2","3001933165","won_settlement_pending","44","34","10","","","11965","2","levels_pack_701_800.json#level_794",""
"795","L795_GROWTH_AND_KEYS","normal","shot_limited","true","false","1","3533178277","won_settlement_pending","44","44","0","","","12248","0","levels_pack_701_800.json#level_795",""
"796","L796_GROWTH_AND_KEYS","normal","shot_limited","true","false","2","4271690187","won_settlement_pending","45","40","5","","","14988","0","levels_pack_701_800.json#level_796",""
"797","L797_GROWTH_AND_KEYS","normal","shot_limited","false","false","1","376123651","lost_objective","46","37","9","","","8527","4","levels_pack_701_800.json#level_797",""
"798","L798_GROWTH_AND_KEYS","normal","shot_limited","false","false","2","974120489","out_of_shots_add_ball_prompt","46","46","0","","","4419","81","levels_pack_701_800.json#level_798",""
"799","L799_TRAPPED_SPRITE_RESCUE","trapped_sprite_rescue","shot_limited","true","false","1","1274684001","won_settlement_pending","44","13","31","","","51785","0","levels_pack_701_800.json#level_799",""
"800","L800_GROWTH_AND_KEYS","special_floating_island","timed_infinite_shots","false","false","2","1740569271","lost_objective","","46","","90","0","7970","81","levels_pack_701_800.json#level_800",""
"801","L801_SYMBOLIC_PATTERNS","normal","shot_limited","true","false","1","2404200415","won_settlement_pending","42","32","10","","","16476","0","levels_pack_801_900.json#level_801",""
"802","L802_SYMBOLIC_PATTERNS","normal","shot_limited","true","false","1","756404620","won_settlement_pending","42","19","23","","","35752","0","levels_pack_801_900.json#level_802",""
"803","L803_SYMBOLIC_PATTERNS","normal","shot_limited","true","false","1","3436993341","won_settlement_pending","42","25","17","","","23607","0","levels_pack_801_900.json#level_803",""
"804","L804_SYMBOLIC_PATTERNS","normal","shot_limited","true","false","1","1659159274","won_settlement_pending","42","31","11","","","14988","2","levels_pack_801_900.json#level_804",""
"805","L805_SYMBOLIC_PATTERNS","normal","shot_limited","true","false","1","11486363","won_settlement_pending","43","21","22","","","21253","0","levels_pack_801_900.json#level_805",""
"806","L806_SYMBOLIC_PATTERNS","normal","shot_limited","false","false","1","2792869448","out_of_shots_add_ball_prompt","43","43","0","","","25346","16","levels_pack_801_900.json#level_806",""
"807","L807_SYMBOLIC_PATTERNS","normal","shot_limited","false","false","1","1144943097","lost_objective","44","28","16","","","8388","4","levels_pack_801_900.json#level_807",""
"808","L808_SYMBOLIC_PATTERNS","normal","shot_limited","true","false","2","1442489663","won_settlement_pending","44","20","24","","","23299","4","levels_pack_801_900.json#level_808",""
"809","L809_SYMBOLIC_PATTERNS","normal","shot_limited","false","false","1","2039577943","out_of_shots_add_ball_prompt","44","44","0","","","8527","64","levels_pack_801_900.json#level_809",""
"810","L810_SYMBOLIC_PATTERNS","special_floating_island","timed_infinite_shots","true","false","2","2439362973","won","","34","","90","22.35","18001","4","levels_pack_801_900.json#level_810",""
"811","L811_SYMBOLIC_PATTERNS","normal","shot_limited","true","false","1","3177213621","won_settlement_pending","42","19","23","","","31122","0","levels_pack_801_900.json#level_811",""
"812","L812_SYMBOLIC_PATTERNS","normal","shot_limited","true","false","2","3709292283","won_settlement_pending","42","13","29","","","17298","0","levels_pack_801_900.json#level_812",""
"813","L813_SYMBOLIC_PATTERNS","normal","shot_limited","false","false","1","4076050963","lost_objective","42","36","6","","","8481","0","levels_pack_801_900.json#level_813",""
"814","L814_SYMBOLIC_PATTERNS","normal","shot_limited","true","false","2","512115545","won_settlement_pending","42","40","2","","","22262","2","levels_pack_801_900.json#level_814",""
"815","L815_SYMBOLIC_PATTERNS","normal","shot_limited","true","false","1","910329713","won_settlement_pending","43","30","13","","","25532","0","levels_pack_801_900.json#level_815",""
"816","L816_SYMBOLIC_PATTERNS","normal","shot_limited","true","false","1","3557624126","won_settlement_pending","43","30","13","","","11702","0","levels_pack_801_900.json#level_816",""
"817","L817_SYMBOLIC_PATTERNS","normal","shot_limited","true","false","1","1809166575","won_settlement_pending","44","39","5","","","11889","4","levels_pack_801_900.json#level_817",""
"818","L818_SYMBOLIC_PATTERNS","normal","shot_limited","true","false","2","2275435525","won_settlement_pending","44","28","16","","","16760","4","levels_pack_801_900.json#level_818",""
"819","L819_SYMBOLIC_PATTERNS","normal","shot_limited","false","false","2","563667668","out_of_shots_add_ball_prompt","44","44","0","","","4905","36","levels_pack_801_900.json#level_819",""
"820","L820_SYMBOLIC_PATTERNS","special_floating_island","timed_infinite_shots","false","false","2","3277027683","lost_objective","","43","","90","0","3318","59","levels_pack_801_900.json#level_820",""
"821","L821_SYMBOLIC_PATTERNS","normal","shot_limited","true","false","1","3812075947","won_settlement_pending","42","28","14","","","26343","0","levels_pack_801_900.json#level_821",""
"822","L822_SYMBOLIC_PATTERNS","normal","shot_limited","true","false","1","2197705560","won_settlement_pending","42","16","26","","","93980","0","levels_pack_801_900.json#level_822",""
"823","L823_SYMBOLIC_PATTERNS","normal","shot_limited","false","false","1","545707273","lost_objective","42","26","16","","","7496","0","levels_pack_801_900.json#level_823",""
"824","L824_SYMBOLIC_PATTERNS","normal","shot_limited","true","false","2","1215103535","won_settlement_pending","42","38","4","","","15550","2","levels_pack_801_900.json#level_824",""
"825","L825_TRAPPED_SPRITE_RESCUE","trapped_sprite_rescue","shot_limited","true","false","1","1679410791","won_settlement_pending","42","15","27","","","42566","0","levels_pack_801_900.json#level_825",""
"826","L826_SYMBOLIC_PATTERNS","normal","shot_limited","true","false","1","4196419604","won_settlement_pending","43","29","14","","","14472","0","levels_pack_801_900.json#level_826",""
"827","L827_SYMBOLIC_PATTERNS","normal","shot_limited","true","false","1","2582180805","won_settlement_pending","44","41","3","","","15730","4","levels_pack_801_900.json#level_827",""
"828","L828_SYMBOLIC_PATTERNS","normal","shot_limited","false","false","2","2978950123","out_of_shots_add_ball_prompt","44","44","0","","","13280","15","levels_pack_801_900.json#level_828",""
"829","L829_SYMBOLIC_PATTERNS","normal","shot_limited","false","false","1","3715890979","out_of_shots_add_ball_prompt","44","44","0","","","6462","59","levels_pack_801_900.json#level_829",""
"830","L830_SYMBOLIC_PATTERNS","special_floating_island","timed_infinite_shots","false","false","1","1929537232","lost_objective","","43","","90","0","2964","75","levels_pack_801_900.json#level_830",""
"831","L831_SYMBOLIC_PATTERNS","normal","shot_limited","true","false","2","2633414168","won_settlement_pending","42","27","15","","","20740","0","levels_pack_801_900.json#level_831",""
"832","L832_SYMBOLIC_PATTERNS","normal","shot_limited","true","false","2","1051315415","won_settlement_pending","42","27","15","","","21512","0","levels_pack_801_900.json#level_832",""
"833","L833_SYMBOLIC_PATTERNS","normal","shot_limited","true","false","1","1448875519","won_settlement_pending","42","33","9","","","18070","0","levels_pack_801_900.json#level_833",""
"834","L834_SYMBOLIC_PATTERNS","normal","shot_limited","true","false","1","4100235180","won_settlement_pending","42","21","21","","","20162","2","levels_pack_801_900.json#level_834",""
"835","L835_SYMBOLIC_PATTERNS","normal","shot_limited","false","false","2","68378564","out_of_shots_add_ball_prompt","43","43","0","","","2935","36","levels_pack_801_900.json#level_835",""
"836","L836_SYMBOLIC_PATTERNS","normal","shot_limited","true","false","2","2815153555","won_settlement_pending","43","23","20","","","24806","0","levels_pack_801_900.json#level_836",""
"837","L837_SYMBOLIC_PATTERNS","normal","shot_limited","true","false","1","3485348539","won_settlement_pending","44","21","23","","","19072","4","levels_pack_801_900.json#level_837",""
"838","L838_SYMBOLIC_PATTERNS","normal","shot_limited","false","false","2","3816483569","out_of_shots_add_ball_prompt","44","44","0","","","8527","52","levels_pack_801_900.json#level_838",""
"839","L839_SYMBOLIC_PATTERNS","normal","shot_limited","false","false","1","51461657","out_of_shots_add_ball_prompt","44","44","0","","","9575","57","levels_pack_801_900.json#level_839",""
"840","L840_SYMBOLIC_PATTERNS","special_floating_island","timed_infinite_shots","false","false","2","753270623","lost_objective","","46","","90","0","3597","80","levels_pack_801_900.json#level_840",""
"841","L841_SYMBOLIC_PATTERNS","normal","shot_limited","true","false","1","1088433015","won_settlement_pending","42","18","24","","","31582","0","levels_pack_801_900.json#level_841",""
"842","L842_TRAPPED_SPRITE_RESCUE","trapped_sprite_rescue","shot_limited","false","false","1","3869814052","out_of_shots_add_ball_prompt","42","42","0","","","29286","7","levels_pack_801_900.json#level_842",""
"843","L843_SYMBOLIC_PATTERNS","normal","shot_limited","false","false","1","2222150869","lost_objective","42","27","15","","","6536","0","levels_pack_801_900.json#level_843",""
"844","L844_SYMBOLIC_PATTERNS","normal","shot_limited","true","false","1","440131202","won_settlement_pending","42","25","17","","","54173","2","levels_pack_801_900.json#level_844",""
"845","L845_SYMBOLIC_PATTERNS","normal","shot_limited","true","false","2","939400874","won_settlement_pending","43","33","10","","","17605","0","levels_pack_801_900.json#level_845",""
"846","L846_SYMBOLIC_PATTERNS","normal","shot_limited","true","false","1","1602931680","won_settlement_pending","43","24","19","","","22826","0","levels_pack_801_900.json#level_846",""
"847","L847_SYMBOLIC_PATTERNS","normal","shot_limited","true","false","1","4250226065","won_settlement_pending","44","33","11","","","20793","4","levels_pack_801_900.json#level_847",""
"848","L848_SYMBOLIC_PATTERNS","normal","shot_limited","false","false","1","2468214622","out_of_shots_add_ball_prompt","44","44","0","","","5560","60","levels_pack_801_900.json#level_848",""
"849","L849_SYMBOLIC_PATTERNS","normal","shot_limited","false","false","2","3206031254","out_of_shots_add_ball_prompt","44","44","0","","","5390","55","levels_pack_801_900.json#level_849",""
"850","L850_SYMBOLIC_PATTERNS","special_floating_island","timed_infinite_shots","false","false","2","1590738469","lost_objective","","36","","90","15.45","9865","4","levels_pack_801_900.json#level_850",""
"851","L851_SYMBOLIC_PATTERNS","normal","shot_limited","false","false","1","1991731821","lost_objective","42","26","16","","","6353","0","levels_pack_801_900.json#level_851",""
"852","L852_SYMBOLIC_PATTERNS","normal","shot_limited","true","false","1","343927834","won_settlement_pending","43","20","23","","","32203","0","levels_pack_801_900.json#level_852",""
"853","L853_SYMBOLIC_PATTERNS","normal","shot_limited","false","false","1","2852558795","lost_objective","42","30","12","","","8143","0","levels_pack_801_900.json#level_853",""
"854","L854_SYMBOLIC_PATTERNS","normal","shot_limited","true","false","1","1238440312","won_settlement_pending","43","42","1","","","11134","2","levels_pack_801_900.json#level_854",""
"855","L855_SYMBOLIC_PATTERNS","normal","shot_limited","true","false","1","4019815209","won_settlement_pending","43","35","8","","","14277","0","levels_pack_801_900.json#level_855",""
"856","L856_SYMBOLIC_PATTERNS","normal","shot_limited","true","false","1","2376075990","won_settlement_pending","43","25","18","","","16525","0","levels_pack_801_900.json#level_856",""
"857","L857_SYMBOLIC_PATTERNS","normal","shot_limited","true","false","1","594054279","won_settlement_pending","44","31","13","","","15607","4","levels_pack_801_900.json#level_857",""
"858","L858_SYMBOLIC_PATTERNS","normal","shot_limited","true","false","1","3241358900","won_settlement_pending","44","26","18","","","24716","4","levels_pack_801_900.json#level_858",""
"859","L859_SYMBOLIC_PATTERNS","normal","shot_limited","false","false","2","4006078332","out_of_shots_add_ball_prompt","45","45","0","","","6914","61","levels_pack_801_900.json#level_859",""
"860","L860_SYMBOLIC_PATTERNS","special_floating_island","timed_infinite_shots","false","false","2","2294185227","lost_objective","","56","","90","0","5157","74","levels_pack_801_900.json#level_860",""
"861","L861_SYMBOLIC_PATTERNS","normal","shot_limited","true","false","1","2756355395","won_settlement_pending","42","28","14","","","21767","0","levels_pack_801_900.json#level_861",""
"862","L862_SYMBOLIC_PATTERNS","normal","shot_limited","true","false","1","974466288","won_settlement_pending","43","27","16","","","36966","0","levels_pack_801_900.json#level_862",""
"863","L863_TRAPPED_SPRITE_RESCUE","trapped_sprite_rescue","shot_limited","true","false","1","3655194273","won_settlement_pending","42","27","15","","","15220","0","levels_pack_801_900.json#level_863",""
"864","L864_SYMBOLIC_PATTERNS","normal","shot_limited","true","false","1","2145671278","won_settlement_pending","43","35","8","","","13629","2","levels_pack_801_900.json#level_864",""
"865","L865_SYMBOLIC_PATTERNS","normal","shot_limited","true","false","1","497861151","won_settlement_pending","43","11","32","","","28606","0","levels_pack_801_900.json#level_865",""
"866","L866_SYMBOLIC_PATTERNS","normal","shot_limited","true","false","2","1028332373","won_settlement_pending","43","16","27","","","19383","0","levels_pack_801_900.json#level_866",""
"867","L867_SYMBOLIC_PATTERNS","normal","shot_limited","true","false","1","1363136381","won_settlement_pending","44","16","28","","","41896","4","levels_pack_801_900.json#level_867",""
"868","L868_SYMBOLIC_PATTERNS","normal","shot_limited","true","false","1","4039536938","won_settlement_pending","44","31","13","","","14407","4","levels_pack_801_900.json#level_868",""
"869","L869_SYMBOLIC_PATTERNS","normal","shot_limited","false","false","2","414361154","out_of_shots_add_ball_prompt","45","45","0","","","6574","57","levels_pack_801_900.json#level_869",""
"870","L870_SYMBOLIC_PATTERNS","special_floating_island","timed_infinite_shots","false","false","1","878273160","lost_objective","","42","","90","0","4010","77","levels_pack_801_900.json#level_870",""
"871","L871_SYMBOLIC_PATTERNS","normal","shot_limited","true","false","1","3395413049","won_settlement_pending","42","31","11","","","14279","0","levels_pack_801_900.json#level_871",""
"872","L872_SYMBOLIC_PATTERNS","normal","shot_limited","true","false","1","1747480550","won_settlement_pending","43","28","15","","","16651","0","levels_pack_801_900.json#level_872",""
"873","L873_SYMBOLIC_PATTERNS","normal","shot_limited","true","false","1","267587991","won_settlement_pending","42","33","9","","","15402","0","levels_pack_801_900.json#level_873",""
"874","L874_SYMBOLIC_PATTERNS","normal","shot_limited","true","false","1","2914753348","won_settlement_pending","43","19","24","","","31739","2","levels_pack_801_900.json#level_874",""
"875","L875_SYMBOLIC_PATTERNS","normal","shot_limited","false","false","1","1128399605","lost_objective","43","22","21","","","6423","0","levels_pack_801_900.json#level_875",""
"876","L876_SYMBOLIC_PATTERNS","normal","shot_limited","true","false","1","3775562914","won_settlement_pending","43","22","21","","","26817","0","levels_pack_801_900.json#level_876",""
"877","L877_SYMBOLIC_PATTERNS","normal","shot_limited","true","false","1","2161446483","won_settlement_pending","44","25","19","","","19142","4","levels_pack_801_900.json#level_877",""
"878","L878_SYMBOLIC_PATTERNS","normal","shot_limited","true","false","2","2829184665","won_settlement_pending","44","33","11","","","25517","4","levels_pack_801_900.json#level_878",""
"879","L879_SYMBOLIC_PATTERNS","normal","shot_limited","false","false","1","3299097521","out_of_shots_add_ball_prompt","45","45","0","","","4900","61","levels_pack_801_900.json#level_879",""
"880","L880_SYMBOLIC_PATTERNS","special_floating_island","timed_infinite_shots","false","false","2","3562071015","lost_objective","","51","","90","0","4206","70","levels_pack_801_900.json#level_880",""
"881","L881_SYMBOLIC_PATTERNS","normal","shot_limited","true","false","1","4164364079","won_settlement_pending","42","41","1","","","10219","0","levels_pack_801_900.json#level_881",""
"882","L882_SYMBOLIC_PATTERNS","normal","shot_limited","true","false","1","2684333788","won_settlement_pending","43","32","11","","","16989","0","levels_pack_801_900.json#level_882",""
"883","L883_SYMBOLIC_PATTERNS","normal","shot_limited","false","false","2","3015314964","out_of_shots_add_ball_prompt","42","42","0","","","9461","12","levels_pack_801_900.json#level_883",""
"884","L884_SYMBOLIC_PATTERNS","normal","shot_limited","true","false","1","3545160250","won_settlement_pending","43","17","26","","","23145","2","levels_pack_801_900.json#level_884",""
"885","L885_SYMBOLIC_PATTERNS","normal","shot_limited","true","false","1","1897487851","won_settlement_pending","43","31","12","","","12459","0","levels_pack_801_900.json#level_885",""
"886","L886_TRAPPED_SPRITE_RESCUE","trapped_sprite_rescue","shot_limited","true","false","2","2568853761","won_settlement_pending","42","32","10","","","28940","0","levels_pack_801_900.json#level_886",""
"887","L887_SYMBOLIC_PATTERNS","normal","shot_limited","true","false","1","3068676425","won_settlement_pending","44","42","2","","","16430","4","levels_pack_801_900.json#level_887",""
"888","L888_SYMBOLIC_PATTERNS","normal","shot_limited","true","false","2","3666652783","won_settlement_pending","44","24","20","","","28541","4","levels_pack_801_900.json#level_888",""
"889","L889_SYMBOLIC_PATTERNS","normal","shot_limited","false","false","2","1682383934","out_of_shots_add_ball_prompt","45","45","0","","","3991","68","levels_pack_801_900.json#level_889",""
"890","L890_SYMBOLIC_PATTERNS","special_floating_island","timed_infinite_shots","false","false","1","2281962580","lost_objective","","46","","90","0","1953","100","levels_pack_801_900.json#level_890",""
"891","L891_SYMBOLIC_PATTERNS","normal","shot_limited","true","false","1","801793541","won_settlement_pending","42","33","9","","","17596","0","levels_pack_801_900.json#level_891",""
"892","L892_SYMBOLIC_PATTERNS","normal","shot_limited","true","false","1","3448957362","won_settlement_pending","43","7","36","","","32267","0","levels_pack_801_900.json#level_892",""
"893","L893_SYMBOLIC_PATTERNS","normal","shot_limited","true","false","1","1667076963","won_settlement_pending","42","14","28","","","42372","0","levels_pack_801_900.json#level_893",""
"894","L894_SYMBOLIC_PATTERNS","normal","shot_limited","true","false","2","2404928393","won_settlement_pending","43","30","13","","","17584","2","levels_pack_801_900.json#level_894",""
"895","L895_SYMBOLIC_PATTERNS","normal","shot_limited","true","false","1","2804718785","won_settlement_pending","43","26","17","","","14332","0","levels_pack_801_900.json#level_895",""
"896","L896_SYMBOLIC_PATTERNS","normal","shot_limited","true","false","1","1190594190","won_settlement_pending","43","15","28","","","29575","0","levels_pack_801_900.json#level_896",""
"897","L897_SYMBOLIC_PATTERNS","normal","shot_limited","false","false","1","3837757503","out_of_shots_add_ball_prompt","44","44","0","","","10028","21","levels_pack_801_900.json#level_897",""
"898","L898_SYMBOLIC_PATTERNS","normal","shot_limited","false","false","2","4101664117","out_of_shots_add_ball_prompt","44","44","0","","","10628","23","levels_pack_801_900.json#level_898",""
"899","L899_TRAPPED_SPRITE_RESCUE","trapped_sprite_rescue","shot_limited","true","false","2","2519919364","won_settlement_pending","44","27","17","","","47701","0","levels_pack_801_900.json#level_899",""
"900","L900_SYMBOLIC_PATTERNS","special_floating_island","timed_infinite_shots","false","false","2","837116371","lost_objective","","47","","90","0","4068","84","levels_pack_801_900.json#level_900",""
"901","L901_FULL_SYSTEM_MASTERY","normal","shot_limited","true","false","1","1575069435","won_settlement_pending","43","20","23","","","23593","0","levels_pack_901_1000.json#level_901",""
"902","L902_FULL_SYSTEM_MASTERY","normal","shot_limited","true","false","1","4087883944","won_settlement_pending","43","33","10","","","15560","0","levels_pack_901_1000.json#level_902",""
"903","L903_FULL_SYSTEM_MASTERY","normal","shot_limited","false","false","2","525110464","lost_objective","43","38","5","","","9224","0","levels_pack_901_1000.json#level_903",""
"904","L904_FULL_SYSTEM_MASTERY","normal","shot_limited","true","false","1","926635014","won_settlement_pending","43","35","8","","","13154","2","levels_pack_901_1000.json#level_904",""
"905","L905_FULL_SYSTEM_MASTERY","normal","shot_limited","true","false","2","1493139758","won_settlement_pending","43","41","2","","","17931","0","levels_pack_901_1000.json#level_905",""
"906","L906_FULL_SYSTEM_MASTERY","normal","shot_limited","false","false","1","1955217764","out_of_shots_add_ball_prompt","44","44","0","","","4052","60","levels_pack_901_1000.json#level_906",""
"907","L907_FULL_SYSTEM_MASTERY","normal","shot_limited","false","false","2","2221839756","lost_objective","44","26","18","","","9722","4","levels_pack_901_1000.json#level_907",""
"908","L908_FULL_SYSTEM_MASTERY","normal","shot_limited","true","false","1","2820502210","won_settlement_pending","45","11","34","","","41553","4","levels_pack_901_1000.json#level_908",""
"909","L909_FULL_SYSTEM_MASTERY","normal","shot_limited","false","false","2","3222907626","out_of_shots_add_ball_prompt","46","46","0","","","11273","65","levels_pack_901_1000.json#level_909",""
"910","L910_FULL_SYSTEM_MASTERY","special_floating_island","timed_infinite_shots","false","false","1","3991698976","lost_objective","","43","","90","0","4427","76","levels_pack_901_1000.json#level_910",""
"911","L911_FULL_SYSTEM_MASTERY","normal","shot_limited","true","false","1","2209669585","won_settlement_pending","43","24","19","","","16826","0","levels_pack_901_1000.json#level_911",""
"912","L912_FULL_SYSTEM_MASTERY","normal","shot_limited","true","false","1","561998750","won_settlement_pending","43","23","20","","","25383","0","levels_pack_901_1000.json#level_912",""
"913","L913_FULL_SYSTEM_MASTERY","normal","shot_limited","true","false","1","3339185487","won_settlement_pending","43","36","7","","","16860","0","levels_pack_901_1000.json#level_913",""
"914","L914_FULL_SYSTEM_MASTERY","normal","shot_limited","true","false","1","1724814588","won_settlement_pending","43","20","23","","","18886","2","levels_pack_901_1000.json#level_914",""
"915","L915_FULL_SYSTEM_MASTERY","normal","shot_limited","false","false","2","2326085684","lost_objective","43","27","16","","","6903","0","levels_pack_901_1000.json#level_915",""
"916","L916_FULL_SYSTEM_MASTERY","normal","shot_limited","false","false","1","2594275418","lost_objective","44","24","20","","","9874","0","levels_pack_901_1000.json#level_916",""
"917","L917_FULL_SYSTEM_MASTERY","normal","shot_limited","true","false","2","3058979986","won_settlement_pending","44","37","7","","","18053","4","levels_pack_901_1000.json#level_917",""
"918","L918_FULL_SYSTEM_MASTERY","normal","shot_limited","false","false","1","3727723960","lost_objective","45","39","6","","","8535","4","levels_pack_901_1000.json#level_918",""
"919","L919_FULL_SYSTEM_MASTERY","normal","shot_limited","false","false","2","4089932272","out_of_shots_add_ball_prompt","46","46","0","","","12414","63","levels_pack_901_1000.json#level_919",""
"920","L920_FULL_SYSTEM_MASTERY","special_floating_island","timed_infinite_shots","false","false","1","327399702","lost_objective","","44","","90","0","3402","92","levels_pack_901_1000.json#level_920",""
"921","L921_FULL_SYSTEM_MASTERY","normal","shot_limited","true","false","1","2974425287","won_settlement_pending","43","33","10","","","11082","0","levels_pack_901_1000.json#level_921",""
"922","L922_FULL_SYSTEM_MASTERY","normal","shot_limited","true","false","1","1460841076","won_settlement_pending","43","32","11","","","18813","0","levels_pack_901_1000.json#level_922",""
"923","L923_FULL_SYSTEM_MASTERY","normal","shot_limited","true","false","1","4141689893","won_settlement_pending","43","40","3","","","24701","0","levels_pack_901_1000.json#level_923",""
"924","L924_FULL_SYSTEM_MASTERY","normal","shot_limited","true","false","1","2498090962","won_settlement_pending","43","30","13","","","44837","2","levels_pack_901_1000.json#level_924",""
"925","L925_TRAPPED_SPRITE_RESCUE","trapped_sprite_rescue","shot_limited","false","true","2","2760902426","simulator_error","42","6","36","","","330","100","levels_pack_901_1000.json#level_925","Trapped sprite rescue bubble impact requires an attachment cell."
"926","L926_FULL_SYSTEM_MASTERY","normal","shot_limited","true","false","2","1179164073","won_settlement_pending","44","44","0","","","10926","0","levels_pack_901_1000.json#level_926",""
"927","L927_FULL_SYSTEM_MASTERY","normal","shot_limited","false","false","2","3758298232","out_of_shots_add_ball_prompt","44","44","0","","","5835","34","levels_pack_901_1000.json#level_927",""
"928","L928_FULL_SYSTEM_MASTERY","normal","shot_limited","false","false","1","231197870","out_of_shots_add_ball_prompt","45","45","0","","","4189","75","levels_pack_901_1000.json#level_928",""
"929","L929_FULL_SYSTEM_MASTERY","normal","shot_limited","false","false","2","766650566","out_of_shots_add_ball_prompt","46","46","0","","","6715","82","levels_pack_901_1000.json#level_929",""
"930","L930_FULL_SYSTEM_MASTERY","special_floating_island","timed_infinite_shots","false","false","1","1096218636","lost_objective","","47","","90","0","2885","109","levels_pack_901_1000.json#level_930",""
"931","L931_FULL_SYSTEM_MASTERY","normal","shot_limited","true","false","2","1767718180","won_settlement_pending","43","42","1","","","21403","0","levels_pack_901_1000.json#level_931",""
"932","L932_FULL_SYSTEM_MASTERY","normal","shot_limited","true","false","2","185973747","won_settlement_pending","43","32","11","","","20868","0","levels_pack_901_1000.json#level_932",""
"933","L933_FULL_SYSTEM_MASTERY","normal","shot_limited","true","false","1","619736859","won_settlement_pending","43","20","23","","","22622","0","levels_pack_901_1000.json#level_933",""
"934","L934_FULL_SYSTEM_MASTERY","normal","shot_limited","true","false","1","3132823240","won_settlement_pending","43","35","8","","","13934","2","levels_pack_901_1000.json#level_934",""
"935","L935_FULL_SYSTEM_MASTERY","normal","shot_limited","true","false","1","1480824953","won_settlement_pending","43","14","29","","","19493","0","levels_pack_901_1000.json#level_935",""
"936","L936_FULL_SYSTEM_MASTERY","normal","shot_limited","true","false","1","4262068774","won_settlement_pending","44","17","27","","","25657","0","levels_pack_901_1000.json#level_936",""
"937","L937_FULL_SYSTEM_MASTERY","normal","shot_limited","true","false","1","2647819735","won_settlement_pending","44","29","15","","","15958","4","levels_pack_901_1000.json#level_937",""
"938","L938_FULL_SYSTEM_MASTERY","normal","shot_limited","true","false","2","3181465885","won_settlement_pending","45","35","10","","","13237","4","levels_pack_901_1000.json#level_938",""
"939","L939_FULL_SYSTEM_MASTERY","normal","shot_limited","false","false","1","3517296949","out_of_shots_add_ball_prompt","46","46","0","","","15680","78","levels_pack_901_1000.json#level_939",""
"940","L940_FULL_SYSTEM_MASTERY","special_floating_island","timed_infinite_shots","false","false","1","2003581154","lost_objective","","47","","90","0","3997","109","levels_pack_901_1000.json#level_940",""
"941","L941_FULL_SYSTEM_MASTERY","normal","shot_limited","true","false","1","355771027","won_settlement_pending","43","20","23","","","35122","0","levels_pack_901_1000.json#level_941",""
"942","L942_TRAPPED_SPRITE_RESCUE","trapped_sprite_rescue","shot_limited","true","false","2","985889497","won_settlement_pending","42","33","9","","","21466","0","levels_pack_901_1000.json#level_942",""
"943","L943_FULL_SYSTEM_MASTERY","normal","shot_limited","true","false","2","3300651368","won_settlement_pending","43","25","18","","","21986","0","levels_pack_901_1000.json#level_943",""
"944","L944_FULL_SYSTEM_MASTERY","normal","shot_limited","true","false","1","3897446846","won_settlement_pending","43","27","16","","","12758","2","levels_pack_901_1000.json#level_944",""
"945","L945_FULL_SYSTEM_MASTERY","normal","shot_limited","true","false","1","2383862639","won_settlement_pending","43","31","12","","","14056","0","levels_pack_901_1000.json#level_945",""
"946","L946_FULL_SYSTEM_MASTERY","normal","shot_limited","false","false","1","740384028","lost_objective","44","32","12","","","5420","0","levels_pack_901_1000.json#level_946",""
"947","L947_FULL_SYSTEM_MASTERY","normal","shot_limited","false","false","1","3286877389","lost_objective","44","31","13","","","9172","4","levels_pack_901_1000.json#level_947",""
"948","L948_FULL_SYSTEM_MASTERY","normal","shot_limited","true","false","1","1638944378","won_settlement_pending","45","32","13","","","15638","4","levels_pack_901_1000.json#level_948",""
"949","L949_FULL_SYSTEM_MASTERY","normal","shot_limited","false","false","2","2302979762","out_of_shots_add_ball_prompt","46","46","0","","","12123","76","levels_pack_901_1000.json#level_949",""
"950","L950_FULL_SYSTEM_MASTERY","special_floating_island","timed_infinite_shots","false","false","2","725558593","lost_objective","","40","","90","0","4324","73","levels_pack_901_1000.json#level_950",""
"951","L951_FULL_SYSTEM_MASTERY","normal","shot_limited","true","false","1","1154219401","won_settlement_pending","43","22","21","","","18605","0","levels_pack_901_1000.json#level_951",""
"952","L952_FULL_SYSTEM_MASTERY","normal","shot_limited","true","false","1","3667027766","won_settlement_pending","43","34","9","","","15897","0","levels_pack_901_1000.json#level_952",""
"953","L953_FULL_SYSTEM_MASTERY","normal","shot_limited","false","false","2","4133924990","out_of_shots_add_ball_prompt","43","43","0","","","6352","49","levels_pack_901_1000.json#level_953",""
"954","L954_FULL_SYSTEM_MASTERY","normal","shot_limited","true","false","1","509972628","won_settlement_pending","43","29","14","","","20501","2","levels_pack_901_1000.json#level_954",""
"955","L955_FULL_SYSTEM_MASTERY","normal","shot_limited","false","false","1","3157006917","lost_objective","43","38","5","","","6683","0","levels_pack_901_1000.json#level_955",""
"956","L956_FULL_SYSTEM_MASTERY","normal","shot_limited","true","false","1","1408540146","won_settlement_pending","44","24","20","","","29357","0","levels_pack_901_1000.json#level_956",""
"957","L957_FULL_SYSTEM_MASTERY","normal","shot_limited","true","false","1","4055828387","won_settlement_pending","44","23","21","","","17160","4","levels_pack_901_1000.json#level_957",""
"958","L958_FULL_SYSTEM_MASTERY","normal","shot_limited","true","false","1","2538047824","won_settlement_pending","45","34","11","","","14519","4","levels_pack_901_1000.json#level_958",""
"959","L959_FULL_SYSTEM_MASTERY","normal","shot_limited","false","false","2","3140644248","out_of_shots_add_ball_prompt","46","46","0","","","7197","45","levels_pack_901_1000.json#level_959",""
"960","L960_FULL_SYSTEM_MASTERY","special_floating_island","timed_infinite_shots","false","false","1","3570842318","lost_objective","","46","","90","0","6108","97","levels_pack_901_1000.json#level_960",""
"961","L961_FULL_SYSTEM_MASTERY","normal","shot_limited","true","false","1","1793145983","won_settlement_pending","43","22","21","","","34772","0","levels_pack_901_1000.json#level_961",""
"962","L962_FULL_SYSTEM_MASTERY","normal","shot_limited","true","false","1","145335852","won_settlement_pending","43","36","7","","","15278","0","levels_pack_901_1000.json#level_962",""
"963","L963_TRAPPED_SPRITE_RESCUE","trapped_sprite_rescue","shot_limited","true","false","1","2926586333","won_settlement_pending","42","30","12","","","28223","0","levels_pack_901_1000.json#level_963",""
"964","L964_FULL_SYSTEM_MASTERY","normal","shot_limited","true","false","1","1278792586","won_settlement_pending","43","21","22","","","31615","2","levels_pack_901_1000.json#level_964",""
"965","L965_FULL_SYSTEM_MASTERY","normal","shot_limited","true","false","2","1845431202","won_settlement_pending","43","31","12","","","15174","0","levels_pack_901_1000.json#level_965",""
"966","L966_FULL_SYSTEM_MASTERY","normal","shot_limited","false","false","1","2173426920","out_of_shots_add_ball_prompt","44","44","0","","","14362","32","levels_pack_901_1000.json#level_966",""
"967","L967_FULL_SYSTEM_MASTERY","normal","shot_limited","false","false","1","659703449","lost_objective","44","43","1","","","9188","4","levels_pack_901_1000.json#level_967",""
"968","L968_FULL_SYSTEM_MASTERY","normal","shot_limited","false","false","2","1260820191","out_of_shots_add_ball_prompt","45","45","0","","","11452","21","levels_pack_901_1000.json#level_968",""
"969","L969_FULL_SYSTEM_MASTERY","normal","shot_limited","false","false","2","3575197038","out_of_shots_add_ball_prompt","46","46","0","","","5609","83","levels_pack_901_1000.json#level_969",""
"970","L970_FULL_SYSTEM_MASTERY","special_floating_island","timed_infinite_shots","false","false","1","4209898916","lost_objective","","41","","90","0","12485","34","levels_pack_901_1000.json#level_970",""
"971","L971_FULL_SYSTEM_MASTERY","normal","shot_limited","false","false","2","378020300","out_of_shots_add_ball_prompt","43","43","0","","","10002","26","levels_pack_901_1000.json#level_971",""
"972","L972_FULL_SYSTEM_MASTERY","normal","shot_limited","true","false","1","1048371458","won_settlement_pending","43","40","3","","","15785","0","levels_pack_901_1000.json#level_972",""
"973","L973_FULL_SYSTEM_MASTERY","normal","shot_limited","true","false","1","3691473075","won_settlement_pending","43","24","19","","","24990","0","levels_pack_901_1000.json#level_973",""
"974","L974_FULL_SYSTEM_MASTERY","normal","shot_limited","true","false","2","4260515065","won_settlement_pending","43","17","26","","","48219","2","levels_pack_901_1000.json#level_974",""
"975","L975_FULL_SYSTEM_MASTERY","normal","shot_limited","false","false","2","2678770312","lost_objective","43","19","24","","","6806","0","levels_pack_901_1000.json#level_975",""
"976","L976_FULL_SYSTEM_MASTERY","normal","shot_limited","true","false","1","3080789982","won_settlement_pending","44","39","5","","","12874","0","levels_pack_901_1000.json#level_976",""
"977","L977_FULL_SYSTEM_MASTERY","normal","shot_limited","true","false","2","3679837974","won_settlement_pending","44","43","1","","","11305","4","levels_pack_901_1000.json#level_977",""
"978","L978_FULL_SYSTEM_MASTERY","normal","shot_limited","true","false","2","1695307173","won_settlement_pending","45","38","7","","","20032","4","levels_pack_901_1000.json#level_978",""
"979","L979_FULL_SYSTEM_MASTERY","normal","shot_limited","true","false","1","2331554541","won_settlement_pending","46","30","16","","","26873","6","levels_pack_901_1000.json#level_979",""
"980","L980_FULL_SYSTEM_MASTERY","special_floating_island","timed_infinite_shots","false","false","1","679687322","lost_objective","","39","","90","0","6293","55","levels_pack_901_1000.json#level_980",""
"981","L981_FULL_SYSTEM_MASTERY","normal","shot_limited","true","false","1","3461070411","won_settlement_pending","43","17","26","","","31321","0","levels_pack_901_1000.json#level_981",""
"982","L982_FULL_SYSTEM_MASTERY","normal","shot_limited","true","false","2","3794698081","won_settlement_pending","43","21","22","","","29660","0","levels_pack_901_1000.json#level_982",""
"983","L983_FULL_SYSTEM_MASTERY","normal","shot_limited","false","false","1","64662441","lost_objective","43","39","4","","","7984","0","levels_pack_901_1000.json#level_983",""
"984","L984_FULL_SYSTEM_MASTERY","normal","shot_limited","true","false","1","2716151126","won_settlement_pending","43","24","19","","","19979","2","levels_pack_901_1000.json#level_984",""
"985","L985_FULL_SYSTEM_MASTERY","normal","shot_limited","true","false","1","1202575111","won_settlement_pending","43","9","34","","","62970","0","levels_pack_901_1000.json#level_985",""
"986","L986_TRAPPED_SPRITE_RESCUE","trapped_sprite_rescue","shot_limited","true","false","1","3849608884","won_settlement_pending","43","41","2","","","33343","0","levels_pack_901_1000.json#level_986",""
"987","L987_FULL_SYSTEM_MASTERY","normal","shot_limited","true","false","1","2067578981","won_settlement_pending","44","18","26","","","23271","4","levels_pack_901_1000.json#level_987",""
"988","L988_FULL_SYSTEM_MASTERY","normal","shot_limited","true","false","1","449268242","won_settlement_pending","45","26","19","","","17777","4","levels_pack_901_1000.json#level_988",""
"989","L989_FULL_SYSTEM_MASTERY","normal","shot_limited","false","false","2","917738330","out_of_shots_add_ball_prompt","46","46","0","","","6988","42","levels_pack_901_1000.json#level_989",""
"990","L990_FULL_SYSTEM_MASTERY","special_floating_island","timed_infinite_shots","false","false","2","3496618473","lost_objective","","42","","90","0","2918","87","levels_pack_901_1000.json#level_990",""
"991","L991_FULL_SYSTEM_MASTERY","normal","shot_limited","true","false","1","4229888289","won_settlement_pending","43","29","14","","","17744","0","levels_pack_901_1000.json#level_991",""
"992","L992_FULL_SYSTEM_MASTERY","normal","shot_limited","true","false","1","2452185326","won_settlement_pending","43","28","15","","","18437","0","levels_pack_901_1000.json#level_992",""
"993","L993_FULL_SYSTEM_MASTERY","normal","shot_limited","true","false","1","837937823","won_settlement_pending","43","26","17","","","26279","0","levels_pack_901_1000.json#level_993",""
"994","L994_FULL_SYSTEM_MASTERY","normal","shot_limited","true","false","1","3619187788","won_settlement_pending","43","29","14","","","32053","2","levels_pack_901_1000.json#level_994",""
"995","L995_FULL_SYSTEM_MASTERY","normal","shot_limited","true","false","1","1967331325","won_settlement_pending","43","37","6","","","15667","0","levels_pack_901_1000.json#level_995",""
"996","L996_FULL_SYSTEM_MASTERY","normal","shot_limited","false","false","1","185309610","out_of_shots_add_ball_prompt","44","44","0","","","1858","89","levels_pack_901_1000.json#level_996",""
"997","L997_FULL_SYSTEM_MASTERY","normal","shot_limited","false","false","1","2865890139","out_of_shots_add_ball_prompt","44","44","0","","","9667","25","levels_pack_901_1000.json#level_997",""
"998","L998_FULL_SYSTEM_MASTERY","normal","shot_limited","true","false","1","1218086152","won_settlement_pending","45","36","9","","","19846","4","levels_pack_901_1000.json#level_998",""
"999","L999_TRAPPED_SPRITE_RESCUE","trapped_sprite_rescue","shot_limited","true","false","2","1620660768","won_settlement_pending","44","29","15","","","22447","0","levels_pack_901_1000.json#level_999",""
"1000","L1000_FULL_SYSTEM_MASTERY","special_floating_island","timed_infinite_shots","false","false","1","2356000358","lost_objective","","45","","90","0","6663","92","levels_pack_901_1000.json#level_1000",""
