levelId,code,levelType,playMode,passed,simulatorError,attempt,seed,state,shotLimit,shotsFired,clearRemainingShots,timeLimitSeconds,remainingTimeSeconds,score,boardCells,sourceName,errorMessage
1,L001_CLUSTER_FUNDAMENTALS,normal,shot_limited,true,false,1,451515555,won_settlement_pending,12,4,8,,,17058,0,level_001.json,
2,L002_CLUSTER_FUNDAMENTALS,normal,shot_limited,true,false,1,3098549872,won_settlement_pending,15,7,8,,,22139,0,level_002.json,
3,L003_CLUSTER_FUNDAMENTALS,normal,shot_limited,true,false,1,1584955393,won_settlement_pending,11,9,2,,,5014,0,level_003.json,
4,L004_CLUSTER_FUNDAMENTALS,normal,shot_limited,true,false,1,4228058070,won_settlement_pending,10,6,4,,,13233,0,level_004.json,
5,L005_CLUSTER_FUNDAMENTALS,normal,shot_limited,false,false,1,2479590759,lost_objective,10,4,6,,,2863,0,level_005.json,
6,L006_CLUSTER_FUNDAMENTALS,normal,shot_limited,false,false,1,831665972,lost_objective,14,5,9,,,2567,0,level_006.json,
7,L007_CLUSTER_FUNDAMENTALS,normal,shot_limited,false,false,1,3613048517,lost_objective,10,5,5,,,3018,0,level_007.json,
8,L008_CLUSTER_FUNDAMENTALS,normal,shot_limited,true,false,1,1969561754,won_settlement_pending,13,8,5,,,10828,0,level_008.json,
9,L009_CLUSTER_FUNDAMENTALS,normal,shot_limited,true,false,1,187542059,won_settlement_pending,21,16,5,,,8406,0,level_009.json,
10,L010_LEGACY_SKILL_INTRO,special_floating_island,timed_infinite_shots,true,false,1,2868129272,won,,9,,90,81.1,6470,0,level_010.json,
11,L011_LEGACY_SKILL_INTRO,normal,shot_limited,true,false,1,1220335497,won_settlement_pending,10,7,3,,,12905,0,levels_pack_011_100.json#level_011,
12,L012_LEGACY_SKILL_INTRO,normal,shot_limited,false,false,1,3997653342,out_of_shots_add_ball_prompt,12,12,0,,,9233,9,levels_pack_011_100.json#level_012,
13,L013_LEGACY_SKILL_INTRO,normal,shot_limited,false,false,1,2349842671,out_of_shots_add_ball_prompt,12,12,0,,,4081,27,levels_pack_011_100.json#level_013,
14,L014_LEGACY_SKILL_INTRO,normal,shot_limited,false,false,1,601246396,out_of_shots_add_ball_prompt,10,10,0,,,6383,12,levels_pack_011_100.json#level_014,
15,L015_LEGACY_SKILL_INTRO,normal,shot_limited,true,false,1,3248409677,won_settlement_pending,17,8,9,,,13966,0,levels_pack_011_100.json#level_015,
16,L016_ICE_ROUTE_TRAINING,normal,shot_limited,true,false,1,1739159042,won_settlement_pending,21,5,16,,,26490,0,levels_pack_011_100.json#level_016,
17,L017_ICE_ROUTE_TRAINING,normal,shot_limited,true,false,1,91355603,won_settlement_pending,10,10,0,,,8815,0,levels_pack_011_100.json#level_017,
18,L018_ICE_ROUTE_TRAINING,normal,shot_limited,true,false,1,2604163936,won_settlement_pending,24,15,9,,,16840,0,levels_pack_011_100.json#level_018,
19,L019_ICE_ROUTE_TRAINING,normal,shot_limited,true,false,1,985720113,won_settlement_pending,16,7,9,,,25856,0,levels_pack_011_100.json#level_019,
20,L020_ICE_ROUTE_TRAINING,special_floating_island,timed_infinite_shots,true,false,1,3633016006,won,,9,,90,79.4,11333,0,levels_pack_011_100.json#level_020,
21,L021_ICE_ROUTE_TRAINING,normal,shot_limited,false,false,1,2119308951,out_of_shots_add_ball_prompt,17,17,0,,,1370,36,levels_pack_011_100.json#level_021,
22,L022_ICE_ROUTE_TRAINING,normal,shot_limited,true,false,1,471504932,won_settlement_pending,12,12,0,,,11700,0,levels_pack_011_100.json#level_022,
23,L023_ICE_ROUTE_TRAINING,normal,shot_limited,true,false,1,2988770293,won_settlement_pending,24,14,10,,,12306,0,levels_pack_011_100.json#level_023,
24,L024_ICE_ROUTE_TRAINING,normal,shot_limited,true,false,1,1374520714,won_settlement_pending,16,10,6,,,9491,0,levels_pack_011_100.json#level_024,
25,L025_TRAPPED_SPRITE_RESCUE,trapped_sprite_rescue,shot_limited,true,false,1,4155772763,won_settlement_pending,34,14,20,,,23571,0,levels_pack_011_100.json#level_025,
26,L026_ICE_ROUTE_TRAINING,normal,shot_limited,true,false,1,2507978472,won_settlement_pending,13,10,3,,,9372,0,levels_pack_011_100.json#level_026,
27,L027_ICE_ROUTE_TRAINING,normal,shot_limited,true,false,1,721893561,won_settlement_pending,25,9,16,,,9540,0,levels_pack_011_100.json#level_027,
28,L028_ICE_ROUTE_TRAINING,normal,shot_limited,true,false,1,3402605134,won_settlement_pending,23,11,12,,,14085,0,levels_pack_011_100.json#level_028,
29,L029_ICE_ROUTE_TRAINING,normal,shot_limited,true,false,1,1754670111,won_settlement_pending,18,15,3,,,12687,0,levels_pack_011_100.json#level_029,
30,L030_ICE_ROUTE_TRAINING,special_floating_island,timed_infinite_shots,true,false,1,241086380,won,,24,,90,60.1,8588,0,levels_pack_011_100.json#level_030,
31,L031_ICE_ROUTE_TRAINING,normal,shot_limited,true,false,1,2892583293,won_settlement_pending,11,5,6,,,33811,0,levels_pack_011_100.json#level_031,
32,L032_ICE_ROUTE_TRAINING,normal,shot_limited,false,false,1,1110563634,out_of_shots_add_ball_prompt,11,11,0,,,5384,22,levels_pack_011_100.json#level_032,
33,L033_ICE_ROUTE_TRAINING,normal,shot_limited,true,false,1,3791143619,won_settlement_pending,20,13,7,,,8294,0,levels_pack_011_100.json#level_033,
34,L034_ICE_ROUTE_TRAINING,normal,shot_limited,true,false,1,2273363088,won_settlement_pending,20,15,5,,,10018,0,levels_pack_011_100.json#level_034,
35,L035_ICE_ROUTE_TRAINING,normal,shot_limited,true,false,1,625692193,won_settlement_pending,22,17,5,,,13172,0,levels_pack_011_100.json#level_035,
36,L036_ICE_ROUTE_TRAINING,normal,shot_limited,true,false,1,3138646518,won_settlement_pending,23,23,0,,,8643,0,levels_pack_011_100.json#level_036,
37,L037_ICE_ROUTE_TRAINING,normal,shot_limited,true,false,1,1524267911,won_settlement_pending,12,9,3,,,9993,0,levels_pack_011_100.json#level_037,
38,L038_ICE_ROUTE_TRAINING,normal,shot_limited,true,false,1,4175625556,won_settlement_pending,25,7,18,,,46047,0,levels_pack_011_100.json#level_038,
39,L039_ICE_ROUTE_TRAINING,normal,shot_limited,true,false,1,2662163685,won_settlement_pending,16,11,5,,,8459,0,levels_pack_011_100.json#level_039,
40,L040_ICE_ROUTE_TRAINING,special_floating_island,timed_infinite_shots,true,false,1,1014361786,won,,18,,90,62.95,25086,0,levels_pack_011_100.json#level_040,
41,L041_MOLOTOV_INTRO,normal,shot_limited,true,false,1,3527184459,won_settlement_pending,20,7,13,,,13332,0,levels_pack_011_100.json#level_041,
42,L042_TRAPPED_SPRITE_RESCUE,trapped_sprite_rescue,shot_limited,true,false,1,1908873752,won_settlement_pending,31,16,15,,,39501,0,levels_pack_011_100.json#level_042,
43,L043_MOLOTOV_INTRO,normal,shot_limited,false,false,1,395287977,out_of_shots_add_ball_prompt,19,19,0,,,3811,13,levels_pack_011_100.json#level_043,
44,L044_MOLOTOV_INTRO,normal,shot_limited,false,false,1,3042314110,lost_objective,13,11,2,,,4335,0,levels_pack_011_100.json#level_044,
45,L045_MOLOTOV_INTRO,normal,shot_limited,true,false,1,1260292367,won_settlement_pending,11,10,1,,,8761,0,levels_pack_011_100.json#level_045,
46,L046_MOLOTOV_INTRO,normal,shot_limited,false,false,1,3911790812,out_of_shots_add_ball_prompt,13,13,0,,,5763,27,levels_pack_011_100.json#level_046,
47,L047_MOLOTOV_INTRO,normal,shot_limited,true,false,1,2297543277,won_settlement_pending,19,8,11,,,18180,0,levels_pack_011_100.json#level_047,
48,L048_MOLOTOV_INTRO,normal,shot_limited,true,false,1,783825954,won_settlement_pending,12,9,3,,,19571,0,levels_pack_011_100.json#level_048,
49,L049_MOLOTOV_INTRO,normal,shot_limited,false,false,1,3426789363,out_of_shots_add_ball_prompt,13,13,0,,,6295,18,levels_pack_011_100.json#level_049,
50,L050_MOLOTOV_INTRO,special_floating_island,timed_infinite_shots,true,false,1,1644898688,won,,16,,90,67.9,28783,0,levels_pack_011_100.json#level_050,
51,L051_MOLOTOV_INTRO,normal,shot_limited,true,false,1,30659409,won_settlement_pending,11,7,4,,,13018,0,levels_pack_011_100.json#level_051,
52,L052_MOLOTOV_INTRO,normal,shot_limited,false,false,1,2811910886,out_of_shots_add_ball_prompt,15,15,0,,,5051,55,levels_pack_011_100.json#level_052,
53,L053_MOLOTOV_INTRO,normal,shot_limited,false,false,1,1168301239,out_of_shots_add_ball_prompt,18,18,0,,,5986,33,levels_pack_011_100.json#level_053,
54,L054_MOLOTOV_INTRO,normal,shot_limited,true,false,1,3681371716,won_settlement_pending,20,7,13,,,49908,2,levels_pack_011_100.json#level_054,
55,L055_MOLOTOV_INTRO,normal,shot_limited,true,false,1,2033567765,won_settlement_pending,18,12,6,,,36661,0,levels_pack_011_100.json#level_055,
56,L056_MOLOTOV_INTRO,normal,shot_limited,true,false,1,419197866,won_settlement_pending,19,13,6,,,8336,0,levels_pack_011_100.json#level_056,
57,L057_MOLOTOV_INTRO,normal,shot_limited,true,false,1,3196384635,won_settlement_pending,17,12,5,,,10243,0,levels_pack_011_100.json#level_057,
58,L058_MOLOTOV_INTRO,normal,shot_limited,false,false,1,1548713736,lost_objective,13,12,1,,,5466,0,levels_pack_011_100.json#level_058,
59,L059_MOLOTOV_INTRO,normal,shot_limited,true,false,1,4061652697,won_settlement_pending,28,19,9,,,12832,2,levels_pack_011_100.json#level_059,
60,L060_MOLOTOV_INTRO,special_floating_island,timed_infinite_shots,true,false,1,2447272046,won,,19,,90,54.85,12268,2,levels_pack_011_100.json#level_060,
61,L061_SPLITTER_INTRO,normal,shot_limited,false,false,1,938021439,lost_objective,25,10,15,,,1728,0,levels_pack_011_100.json#level_061,
62,L062_SPLITTER_INTRO,normal,shot_limited,true,false,1,3585185228,won_settlement_pending,14,14,0,,,6792,0,levels_pack_011_100.json#level_062,
63,L063_TRAPPED_SPRITE_RESCUE,trapped_sprite_rescue,shot_limited,true,false,1,1803034525,won_settlement_pending,31,10,21,,,26464,0,levels_pack_011_100.json#level_063,
64,L064_SPLITTER_INTRO,normal,shot_limited,false,false,1,151028050,out_of_shots_add_ball_prompt,20,20,0,,,4454,25,levels_pack_011_100.json#level_064,
65,L065_SPLITTER_INTRO,normal,shot_limited,false,false,1,2831878371,lost_objective,16,15,1,,,5827,0,levels_pack_011_100.json#level_065,
66,L066_SPLITTER_INTRO,normal,shot_limited,false,false,1,1318302384,out_of_shots_add_ball_prompt,17,17,0,,,3150,34,levels_pack_011_100.json#level_066,
67,L067_SPLITTER_INTRO,normal,shot_limited,false,false,1,3965334593,lost_objective,15,10,5,,,1723,0,levels_pack_011_100.json#level_067,
68,L068_SPLITTER_INTRO,normal,shot_limited,true,false,1,2187509270,won_settlement_pending,25,19,6,,,7425,0,levels_pack_011_100.json#level_068,
69,L069_SPLITTER_INTRO,normal,shot_limited,false,false,1,539828647,out_of_shots_add_ball_prompt,18,18,0,,,8436,14,levels_pack_011_100.json#level_069,
70,L070_SPLITTER_INTRO,special_floating_island,timed_infinite_shots,true,false,1,3354766196,won,,19,,90,51.7,8784,2,levels_pack_011_100.json#level_070,
71,L071_SPLITTER_INTRO,normal,shot_limited,false,false,1,1706831109,out_of_shots_add_ball_prompt,16,16,0,,,1068,55,levels_pack_011_100.json#level_071,
72,L072_SPLITTER_INTRO,normal,shot_limited,true,false,1,4215592154,won_settlement_pending,19,10,9,,,19017,0,levels_pack_011_100.json#level_072,
73,L073_SPLITTER_INTRO,normal,shot_limited,true,false,1,2567921259,won_settlement_pending,29,26,3,,,8250,0,levels_pack_011_100.json#level_073,
74,L074_SPLITTER_INTRO,normal,shot_limited,false,false,1,953663544,out_of_shots_add_ball_prompt,18,18,0,,,8866,45,levels_pack_011_100.json#level_074,
75,L075_SPLITTER_INTRO,normal,shot_limited,false,false,1,3734916041,lost_objective,25,25,0,,,5595,0,levels_pack_011_100.json#level_075,
76,L076_SPLITTER_INTRO,normal,shot_limited,false,false,1,2091306398,lost_objective,24,20,4,,,3998,0,levels_pack_011_100.json#level_076,
77,L077_SPLITTER_INTRO,normal,shot_limited,false,false,1,309425967,lost_objective,15,13,2,,,2875,0,levels_pack_011_100.json#level_077,
78,L078_SPLITTER_INTRO,normal,shot_limited,true,false,1,2956590844,won_settlement_pending,28,18,10,,,9885,0,levels_pack_011_100.json#level_078,
79,L079_SPLITTER_INTRO,normal,shot_limited,false,false,1,1472225421,out_of_shots_add_ball_prompt,20,20,0,,,4484,48,levels_pack_011_100.json#level_079,
80,L080_SPLITTER_INTRO,special_floating_island,timed_infinite_shots,false,false,1,4119390786,lost_objective,,34,,90,31.3,5079,2,levels_pack_011_100.json#level_080,
81,L081_LOCK_KEY_INTRO,normal,shot_limited,true,false,1,2337500179,won_settlement_pending,25,16,9,,,9483,0,levels_pack_011_100.json#level_081,
82,L082_LOCK_KEY_INTRO,normal,shot_limited,true,false,1,689575840,won_settlement_pending,20,19,1,,,6581,0,levels_pack_011_100.json#level_082,
83,L083_LOCK_KEY_INTRO,normal,shot_limited,false,false,1,3475151217,lost_objective,32,23,9,,,6154,0,levels_pack_011_100.json#level_083,
84,L084_LOCK_KEY_INTRO,normal,shot_limited,false,false,1,1861026566,out_of_shots_add_ball_prompt,20,20,0,,,1323,70,levels_pack_011_100.json#level_084,
85,L085_LOCK_KEY_INTRO,normal,shot_limited,false,false,1,213224151,out_of_shots_add_ball_prompt,22,22,0,,,3907,50,levels_pack_011_100.json#level_085,
86,L086_TRAPPED_SPRITE_RESCUE,trapped_sprite_rescue,shot_limited,false,false,1,2726038628,lost_objective,34,27,7,,,6577,0,levels_pack_011_100.json#level_086,
87,L087_LOCK_KEY_INTRO,normal,shot_limited,false,false,1,1074050613,out_of_shots_add_ball_prompt,25,25,0,,,1570,65,levels_pack_011_100.json#level_087,
88,L088_LOCK_KEY_INTRO,normal,shot_limited,false,false,1,3889117642,out_of_shots_add_ball_prompt,33,33,0,,,1290,74,levels_pack_011_100.json#level_088,
89,L089_LOCK_KEY_INTRO,normal,shot_limited,false,false,1,2241307547,out_of_shots_add_ball_prompt,21,21,0,,,1652,69,levels_pack_011_100.json#level_089,
90,L090_LOCK_KEY_INTRO,special_floating_island,timed_infinite_shots,false,false,1,459154728,lost_objective,,27,,90,37.35,4542,2,levels_pack_011_100.json#level_090,
91,L091_LOCK_KEY_INTRO,normal,shot_limited,false,false,1,3110513913,out_of_shots_add_ball_prompt,20,20,0,,,2204,36,levels_pack_011_100.json#level_091,
92,L092_LOCK_KEY_INTRO,normal,shot_limited,false,false,1,1597068942,lost_objective,35,29,6,,,6445,0,levels_pack_011_100.json#level_092,
93,L093_LOCK_KEY_INTRO,normal,shot_limited,false,false,1,4277786719,out_of_shots_add_ball_prompt,22,22,0,,,3855,45,levels_pack_011_100.json#level_093,
94,L094_LOCK_KEY_INTRO,normal,shot_limited,false,false,1,2625651692,lost_objective,22,21,1,,,2184,2,levels_pack_011_100.json#level_094,
95,L095_LOCK_KEY_INTRO,normal,shot_limited,false,false,1,843630013,lost_objective,24,15,9,,,4770,0,levels_pack_011_100.json#level_095,
96,L096_LOCK_KEY_INTRO,normal,shot_limited,true,false,1,3490926450,won_settlement_pending,36,16,20,,,16377,0,levels_pack_011_100.json#level_096,
97,L097_LOCK_KEY_INTRO,normal,shot_limited,true,false,1,2010902787,won_settlement_pending,20,13,7,,,12248,2,levels_pack_011_100.json#level_097,
98,L098_LOCK_KEY_INTRO,normal,shot_limited,false,false,1,367163600,out_of_shots_add_ball_prompt,20,20,0,,,4682,44,levels_pack_011_100.json#level_098,
99,L099_TRAPPED_SPRITE_RESCUE,trapped_sprite_rescue,shot_limited,false,false,1,2880103009,out_of_shots_add_ball_prompt,39,39,0,,,9905,1,levels_pack_011_100.json#level_099,
100,L100_LOCK_KEY_INTRO,special_floating_island,timed_infinite_shots,true,false,1,1232430134,won,,13,,90,62.25,9794,2,levels_pack_011_100.json#level_100,
101,L101_MOLOTOV_SPLITTER_COMBO,normal,shot_limited,false,false,1,4013813703,lost_objective,20,20,0,,,5790,0,levels_pack_101_200.json#level_101,
102,L102_MOLOTOV_SPLITTER_COMBO,normal,shot_limited,false,false,1,2395246996,lost_objective,28,24,4,,,5538,0,levels_pack_101_200.json#level_102,
103,L103_MOLOTOV_SPLITTER_COMBO,normal,shot_limited,false,false,1,747576101,out_of_shots_add_ball_prompt,18,18,0,,,2743,39,levels_pack_101_200.json#level_103,
104,L104_MOLOTOV_SPLITTER_COMBO,normal,shot_limited,false,false,1,3260515066,out_of_shots_add_ball_prompt,18,18,0,,,4347,30,levels_pack_101_200.json#level_104,
105,L105_MOLOTOV_SPLITTER_COMBO,normal,shot_limited,true,false,1,1612579979,won_settlement_pending,18,11,7,,,13800,0,levels_pack_101_200.json#level_105,
106,L106_MOLOTOV_SPLITTER_COMBO,normal,shot_limited,false,false,1,103190104,out_of_shots_add_ball_prompt,20,20,0,,,4653,44,levels_pack_101_200.json#level_106,
107,L107_MOLOTOV_SPLITTER_COMBO,normal,shot_limited,false,false,1,2784047593,out_of_shots_add_ball_prompt,18,18,0,,,7426,41,levels_pack_101_200.json#level_107,
108,L108_MOLOTOV_SPLITTER_COMBO,normal,shot_limited,false,false,1,1002027966,out_of_shots_add_ball_prompt,18,18,0,,,1565,78,levels_pack_101_200.json#level_108,
109,L109_MOLOTOV_SPLITTER_COMBO,normal,shot_limited,false,false,1,3644865871,out_of_shots_add_ball_prompt,27,27,0,,,10286,20,levels_pack_101_200.json#level_109,
110,L110_MOLOTOV_SPLITTER_COMBO,special_floating_island,timed_infinite_shots,false,false,1,2131273500,lost_objective,,35,,90,22.6,8525,2,levels_pack_101_200.json#level_110,
111,L111_MOLOTOV_SPLITTER_COMBO,normal,shot_limited,false,false,1,517156525,out_of_shots_add_ball_prompt,23,23,0,,,3271,23,levels_pack_101_200.json#level_111,
112,L112_MOLOTOV_SPLITTER_COMBO,normal,shot_limited,true,false,1,3164328034,won_settlement_pending,20,15,5,,,8227,0,levels_pack_101_200.json#level_112,
113,L113_MOLOTOV_SPLITTER_COMBO,normal,shot_limited,false,false,1,1386371635,out_of_shots_add_ball_prompt,18,18,0,,,7054,20,levels_pack_101_200.json#level_113,
114,L114_MOLOTOV_SPLITTER_COMBO,normal,shot_limited,true,false,1,4033535424,won_settlement_pending,18,15,3,,,18812,2,levels_pack_101_200.json#level_114,
115,L115_MOLOTOV_SPLITTER_COMBO,normal,shot_limited,true,false,1,2520074129,won_settlement_pending,20,17,3,,,8053,0,levels_pack_101_200.json#level_115,
116,L116_MOLOTOV_SPLITTER_COMBO,normal,shot_limited,false,false,1,905824550,lost_objective,35,26,9,,,7475,0,levels_pack_101_200.json#level_116,
117,L117_MOLOTOV_SPLITTER_COMBO,normal,shot_limited,true,false,1,3414454519,won_settlement_pending,19,13,6,,,13409,2,levels_pack_101_200.json#level_117,
118,L118_MOLOTOV_SPLITTER_COMBO,normal,shot_limited,false,false,1,1766652548,out_of_shots_add_ball_prompt,21,21,0,,,3411,47,levels_pack_101_200.json#level_118,
119,L119_MOLOTOV_SPLITTER_COMBO,normal,shot_limited,false,false,1,253197397,out_of_shots_add_ball_prompt,27,27,0,,,3195,70,levels_pack_101_200.json#level_119,
120,L120_MOLOTOV_SPLITTER_COMBO,special_floating_island,timed_infinite_shots,false,false,1,2933909482,lost_objective,,28,,90,31.6,4822,2,levels_pack_101_200.json#level_120,
121,L121_MOLOTOV_SPLITTER_COMBO,normal,shot_limited,false,false,1,1290168763,out_of_shots_add_ball_prompt,18,18,0,,,1116,68,levels_pack_101_200.json#level_121,
122,L122_MOLOTOV_SPLITTER_COMBO,normal,shot_limited,false,false,1,3803255624,lost_objective,34,23,11,,,3946,0,levels_pack_101_200.json#level_122,
123,L123_MOLOTOV_SPLITTER_COMBO,normal,shot_limited,false,false,1,2155451673,lost_objective,18,18,0,,,6258,0,levels_pack_101_200.json#level_123,
124,L124_MOLOTOV_SPLITTER_COMBO,normal,shot_limited,false,false,1,637541550,out_of_shots_add_ball_prompt,20,20,0,,,8196,16,levels_pack_101_200.json#level_124,
125,L125_TRAPPED_SPRITE_RESCUE,trapped_sprite_rescue,shot_limited,true,false,1,3318253183,won_settlement_pending,39,20,19,,,9706,0,levels_pack_101_200.json#level_125,
126,L126_MOLOTOV_SPLITTER_COMBO,normal,shot_limited,false,false,1,1536362508,out_of_shots_add_ball_prompt,24,24,0,,,4802,28,levels_pack_101_200.json#level_126,
127,L127_MOLOTOV_SPLITTER_COMBO,normal,shot_limited,false,false,1,4183536605,out_of_shots_add_ball_prompt,23,23,0,,,6620,16,levels_pack_101_200.json#level_127,
128,L128_MOLOTOV_SPLITTER_COMBO,normal,shot_limited,false,false,1,2674013586,lost_objective,26,18,8,,,4107,2,levels_pack_101_200.json#level_128,
129,L129_MOLOTOV_SPLITTER_COMBO,normal,shot_limited,false,false,1,1026211619,out_of_shots_add_ball_prompt,20,20,0,,,2751,31,levels_pack_101_200.json#level_129,
130,L130_MOLOTOV_SPLITTER_COMBO,special_floating_island,timed_infinite_shots,false,false,1,3707053808,lost_objective,,30,,90,29.15,6674,2,levels_pack_101_200.json#level_130,
131,L131_MOLOTOV_SPLITTER_COMBO,normal,shot_limited,false,false,1,1925032065,out_of_shots_add_ball_prompt,23,23,0,,,2135,50,levels_pack_101_200.json#level_131,
132,L132_MOLOTOV_SPLITTER_COMBO,normal,shot_limited,true,false,1,272912982,won_settlement_pending,20,19,1,,,7455,0,levels_pack_101_200.json#level_132,
133,L133_MOLOTOV_SPLITTER_COMBO,normal,shot_limited,false,false,1,3054294503,lost_objective,18,10,8,,,5897,0,levels_pack_101_200.json#level_133,
134,L134_MOLOTOV_SPLITTER_COMBO,normal,shot_limited,false,false,1,1440178100,out_of_shots_add_ball_prompt,24,24,0,,,7231,24,levels_pack_101_200.json#level_134,
135,L135_MOLOTOV_SPLITTER_COMBO,normal,shot_limited,false,false,1,3953115461,lost_objective,27,26,1,,,6743,0,levels_pack_101_200.json#level_135,
136,L136_MOLOTOV_SPLITTER_COMBO,normal,shot_limited,false,false,1,2309376794,lost_objective,19,19,0,,,4933,0,levels_pack_101_200.json#level_136,
137,L137_MOLOTOV_SPLITTER_COMBO,normal,shot_limited,false,false,1,795800235,lost_objective,25,25,0,,,7022,2,levels_pack_101_200.json#level_137,
138,L138_MOLOTOV_SPLITTER_COMBO,normal,shot_limited,false,false,1,3443094648,out_of_shots_add_ball_prompt,22,22,0,,,1842,55,levels_pack_101_200.json#level_138,
139,L139_MOLOTOV_SPLITTER_COMBO,normal,shot_limited,false,false,1,1824652809,out_of_shots_add_ball_prompt,22,22,0,,,2444,49,levels_pack_101_200.json#level_139,
140,L140_MOLOTOV_SPLITTER_COMBO,special_floating_island,timed_infinite_shots,false,false,1,42492382,lost_objective,,13,,90,60,4420,2,levels_pack_101_200.json#level_140,
141,L141_SPLITTER_LOCK_COMBO,normal,shot_limited,false,false,1,2689657711,out_of_shots_add_ball_prompt,24,24,0,,,2644,60,levels_pack_101_200.json#level_141,
142,L142_TRAPPED_SPRITE_RESCUE,trapped_sprite_rescue,shot_limited,false,true,1,1176202556,simulator_error,39,9,30,,,405,85,levels_pack_101_200.json#level_142,Trapped sprite rescue bubble impact requires an attachment cell.
143,L143_SPLITTER_LOCK_COMBO,normal,shot_limited,false,false,1,3827438797,out_of_shots_add_ball_prompt,28,28,0,,,10470,32,levels_pack_101_200.json#level_143,
144,L144_SPLITTER_LOCK_COMBO,normal,shot_limited,false,false,1,2078973570,out_of_shots_add_ball_prompt,18,18,0,,,4414,29,levels_pack_101_200.json#level_144,
145,L145_SPLITTER_LOCK_COMBO,normal,shot_limited,false,false,1,431292499,out_of_shots_add_ball_prompt,24,24,0,,,5721,13,levels_pack_101_200.json#level_145,
146,L146_SPLITTER_LOCK_COMBO,normal,shot_limited,true,false,1,3212676064,won_settlement_pending,28,20,8,,,11795,0,levels_pack_101_200.json#level_146,
147,L147_SPLITTER_LOCK_COMBO,normal,shot_limited,false,false,1,1560546737,out_of_shots_add_ball_prompt,26,26,0,,,3081,40,levels_pack_101_200.json#level_147,
148,L148_SPLITTER_LOCK_COMBO,normal,shot_limited,false,false,1,4241274694,out_of_shots_add_ball_prompt,23,23,0,,,5929,50,levels_pack_101_200.json#level_148,
149,L149_SPLITTER_LOCK_COMBO,normal,shot_limited,false,false,1,2459384087,lost_objective,38,34,4,,,6976,2,levels_pack_101_200.json#level_149,
150,L150_SPLITTER_LOCK_COMBO,special_floating_island,timed_infinite_shots,false,false,1,811573412,lost_objective,,44,,90,0,4695,66,levels_pack_101_200.json#level_150,
151,L151_SPLITTER_LOCK_COMBO,normal,shot_limited,false,false,1,3597019765,out_of_shots_add_ball_prompt,18,18,0,,,3435,45,levels_pack_101_200.json#level_151,
152,L152_SPLITTER_LOCK_COMBO,normal,shot_limited,true,false,1,1949215754,won_settlement_pending,32,22,10,,,17470,0,levels_pack_101_200.json#level_152,
153,L153_SPLITTER_LOCK_COMBO,normal,shot_limited,false,false,1,200890331,lost_objective,27,25,2,,,6693,0,levels_pack_101_200.json#level_153,
154,L154_SPLITTER_LOCK_COMBO,normal,shot_limited,false,false,1,2843859304,out_of_shots_add_ball_prompt,35,35,0,,,3485,45,levels_pack_101_200.json#level_154,
155,L155_SPLITTER_LOCK_COMBO,normal,shot_limited,false,false,1,1330135865,out_of_shots_add_ball_prompt,25,25,0,,,6125,42,levels_pack_101_200.json#level_155,
156,L156_SPLITTER_LOCK_COMBO,normal,shot_limited,false,false,1,3977300686,out_of_shots_add_ball_prompt,32,32,0,,,4427,41,levels_pack_101_200.json#level_156,
157,L157_SPLITTER_LOCK_COMBO,normal,shot_limited,false,false,1,2363182239,lost_objective,32,28,4,,,6504,2,levels_pack_101_200.json#level_157,
158,L158_SPLITTER_LOCK_COMBO,normal,shot_limited,false,false,1,585365036,out_of_shots_add_ball_prompt,26,26,0,,,3295,38,levels_pack_101_200.json#level_158,
159,L159_SPLITTER_LOCK_COMBO,normal,shot_limited,false,false,1,3232397821,out_of_shots_add_ball_prompt,38,38,0,,,2270,62,levels_pack_101_200.json#level_159,
160,L160_SPLITTER_LOCK_COMBO,special_floating_island,timed_infinite_shots,false,false,1,1718805426,lost_objective,,41,,90,0,2235,51,levels_pack_101_200.json#level_160,
161,L161_SPLITTER_LOCK_COMBO,normal,shot_limited,true,false,1,71132483,won_settlement_pending,24,14,10,,,12635,0,levels_pack_101_200.json#level_161,
162,L162_SPLITTER_LOCK_COMBO,normal,shot_limited,false,false,1,2613440272,out_of_shots_add_ball_prompt,35,35,0,,,3535,37,levels_pack_101_200.json#level_162,
163,L163_TRAPPED_SPRITE_RESCUE,trapped_sprite_rescue,shot_limited,true,false,1,965514913,won_settlement_pending,39,29,10,,,10807,0,levels_pack_101_200.json#level_163,
164,L164_SPLITTER_LOCK_COMBO,normal,shot_limited,false,false,1,3747027062,out_of_shots_add_ball_prompt,26,26,0,,,3070,35,levels_pack_101_200.json#level_164,
165,L165_SPLITTER_LOCK_COMBO,normal,shot_limited,false,false,1,2099216903,lost_objective,36,26,10,,,4315,0,levels_pack_101_200.json#level_165,
166,L166_SPLITTER_LOCK_COMBO,normal,shot_limited,false,false,1,321258964,out_of_shots_add_ball_prompt,22,22,0,,,2125,60,levels_pack_101_200.json#level_166,
167,L167_SPLITTER_LOCK_COMBO,normal,shot_limited,false,false,1,3001978725,lost_objective,36,18,18,,,3891,2,levels_pack_101_200.json#level_167,
168,L168_SPLITTER_LOCK_COMBO,normal,shot_limited,false,false,1,1354314042,lost_objective,29,22,7,,,3899,2,levels_pack_101_200.json#level_168,
169,L169_SPLITTER_LOCK_COMBO,normal,shot_limited,false,false,1,4131502283,out_of_shots_add_ball_prompt,29,29,0,,,3727,61,levels_pack_101_200.json#level_169,
170,L170_SPLITTER_LOCK_COMBO,special_floating_island,timed_infinite_shots,false,false,1,2483561112,lost_objective,,41,,90,0,2130,51,levels_pack_101_200.json#level_170,
171,L171_SPLITTER_LOCK_COMBO,normal,shot_limited,false,false,1,735093801,out_of_shots_add_ball_prompt,35,35,0,,,3840,27,levels_pack_101_200.json#level_171,
172,L172_SPLITTER_LOCK_COMBO,normal,shot_limited,true,false,1,3382390782,won_settlement_pending,35,27,8,,,9043,0,levels_pack_101_200.json#level_172,
173,L173_SPLITTER_LOCK_COMBO,normal,shot_limited,false,false,1,1873006991,out_of_shots_add_ball_prompt,35,35,0,,,1395,58,levels_pack_101_200.json#level_173,
174,L174_SPLITTER_LOCK_COMBO,normal,shot_limited,false,false,1,225074012,out_of_shots_add_ball_prompt,35,35,0,,,2630,44,levels_pack_101_200.json#level_174,
175,L175_SPLITTER_LOCK_COMBO,normal,shot_limited,false,false,1,2738012909,out_of_shots_add_ball_prompt,28,28,0,,,4913,34,levels_pack_101_200.json#level_175,
176,L176_SPLITTER_LOCK_COMBO,normal,shot_limited,false,false,1,1123894434,out_of_shots_add_ball_prompt,21,21,0,,,2655,53,levels_pack_101_200.json#level_176,
177,L177_SPLITTER_LOCK_COMBO,normal,shot_limited,true,false,1,3766865523,won_settlement_pending,32,16,16,,,18441,2,levels_pack_101_200.json#level_177,
178,L178_SPLITTER_LOCK_COMBO,normal,shot_limited,false,false,1,2253156352,out_of_shots_add_ball_prompt,19,19,0,,,6543,26,levels_pack_101_200.json#level_178,
179,L179_SPLITTER_LOCK_COMBO,normal,shot_limited,false,false,1,605354961,out_of_shots_add_ball_prompt,20,20,0,,,3895,33,levels_pack_101_200.json#level_179,
180,L180_SPLITTER_LOCK_COMBO,special_floating_island,timed_infinite_shots,false,false,1,3151986022,lost_objective,,26,,90,31.75,4279,2,levels_pack_101_200.json#level_180,
181,L181_FULL_REACTIVE_EXAM,normal,shot_limited,false,false,1,1508370231,out_of_shots_add_ball_prompt,24,24,0,,,5549,22,levels_pack_101_200.json#level_181,
182,L182_FULL_REACTIVE_EXAM,normal,shot_limited,false,false,1,4289621700,out_of_shots_add_ball_prompt,19,19,0,,,13314,17,levels_pack_101_200.json#level_182,
183,L183_FULL_REACTIVE_EXAM,normal,shot_limited,false,false,1,2641957013,lost_objective,25,19,6,,,6486,0,levels_pack_101_200.json#level_183,
184,L184_FULL_REACTIVE_EXAM,normal,shot_limited,true,false,1,855743018,won_settlement_pending,27,15,12,,,16411,2,levels_pack_101_200.json#level_184,
185,L185_FULL_REACTIVE_EXAM,normal,shot_limited,false,false,1,3536330235,out_of_shots_add_ball_prompt,33,33,0,,,3545,25,levels_pack_101_200.json#level_185,
186,L186_TRAPPED_SPRITE_RESCUE,trapped_sprite_rescue,shot_limited,false,true,1,1888520072,simulator_error,39,15,24,,,1108,70,levels_pack_101_200.json#level_186,Trapped sprite rescue bubble impact requires an attachment cell.
187,L187_FULL_REACTIVE_EXAM,normal,shot_limited,true,false,1,375064921,won_settlement_pending,34,27,7,,,15796,2,levels_pack_101_200.json#level_187,
188,L188_FULL_REACTIVE_EXAM,normal,shot_limited,false,false,1,3026432238,out_of_shots_add_ball_prompt,28,28,0,,,8518,31,levels_pack_101_200.json#level_188,
189,L189_FULL_REACTIVE_EXAM,normal,shot_limited,false,false,1,1244281535,out_of_shots_add_ball_prompt,34,34,0,,,2417,63,levels_pack_101_200.json#level_189,
190,L190_FULL_REACTIVE_EXAM,special_floating_island,timed_infinite_shots,true,false,1,3924999244,won,,29,,90,30.8,15217,2,levels_pack_101_200.json#level_190,
191,L191_FULL_REACTIVE_EXAM,normal,shot_limited,true,false,1,2411537949,won_settlement_pending,20,19,1,,,10452,0,levels_pack_101_200.json#level_191,
192,L192_FULL_REACTIVE_EXAM,normal,shot_limited,true,false,1,759540178,won_settlement_pending,32,29,3,,,14299,0,levels_pack_101_200.json#level_192,
193,L193_FULL_REACTIVE_EXAM,normal,shot_limited,false,false,1,3272364899,out_of_shots_add_ball_prompt,24,24,0,,,2208,49,levels_pack_101_200.json#level_193,
194,L194_FULL_REACTIVE_EXAM,normal,shot_limited,true,false,1,1658115376,won_settlement_pending,36,34,2,,,9632,2,levels_pack_101_200.json#level_194,
195,L195_FULL_REACTIVE_EXAM,normal,shot_limited,true,false,1,10443969,won_settlement_pending,26,25,1,,,16162,0,levels_pack_101_200.json#level_195,
196,L196_FULL_REACTIVE_EXAM,normal,shot_limited,false,false,1,2796013206,lost_objective,18,18,0,,,5412,0,levels_pack_101_200.json#level_196,
197,L197_FULL_REACTIVE_EXAM,normal,shot_limited,false,false,1,1148078119,lost_objective,21,11,10,,,3830,2,levels_pack_101_200.json#level_197,
198,L198_FULL_REACTIVE_EXAM,normal,shot_limited,true,false,1,3661034484,won_settlement_pending,33,22,11,,,11714,2,levels_pack_101_200.json#level_198,
199,L199_TRAPPED_SPRITE_RESCUE,trapped_sprite_rescue,shot_limited,false,true,1,2042721669,simulator_error,41,6,35,,,1709,84,levels_pack_101_200.json#level_199,Trapped sprite rescue bubble impact requires an attachment cell.
200,L200_FULL_REACTIVE_EXAM,special_floating_island,timed_infinite_shots,false,false,1,529137498,lost_objective,,42,,90,0,1281,89,levels_pack_101_200.json#level_200,
201,L201_BLAST_CHAIN_ROUTES,normal,shot_limited,false,false,1,3176163051,out_of_shots_add_ball_prompt,20,20,0,,,2595,22,levels_pack_201_300.json#level_201,
202,L202_BLAST_CHAIN_ROUTES,normal,shot_limited,false,false,1,1394141368,lost_objective,35,15,20,,,4589,0,levels_pack_201_300.json#level_202,
203,L203_BLAST_CHAIN_ROUTES,normal,shot_limited,false,false,1,4045640265,out_of_shots_add_ball_prompt,35,35,0,,,6002,20,levels_pack_201_300.json#level_203,
204,L204_BLAST_CHAIN_ROUTES,normal,shot_limited,true,false,1,2431259678,won_settlement_pending,20,19,1,,,9789,2,levels_pack_201_300.json#level_204,
205,L205_BLAST_CHAIN_ROUTES,normal,shot_limited,false,false,1,917675951,out_of_shots_add_ball_prompt,23,23,0,,,4585,39,levels_pack_201_300.json#level_205,
206,L206_BLAST_CHAIN_ROUTES,normal,shot_limited,false,false,1,3564962172,lost_objective,18,7,11,,,5459,0,levels_pack_201_300.json#level_206,
207,L207_BLAST_CHAIN_ROUTES,normal,shot_limited,false,false,1,1778748173,out_of_shots_add_ball_prompt,19,19,0,,,3926,24,levels_pack_201_300.json#level_207,
208,L208_BLAST_CHAIN_ROUTES,normal,shot_limited,false,false,1,164377282,lost_objective,24,20,4,,,3867,2,levels_pack_201_300.json#level_208,
209,L209_BLAST_CHAIN_ROUTES,normal,shot_limited,false,false,1,2945758355,out_of_shots_add_ball_prompt,20,20,0,,,1520,73,levels_pack_201_300.json#level_209,
210,L210_BLAST_CHAIN_ROUTES,special_floating_island,timed_infinite_shots,false,false,1,1298087456,lost_objective,,43,,90,0,2912,75,levels_pack_201_300.json#level_210,
211,L211_BLAST_CHAIN_ROUTES,normal,shot_limited,true,false,1,3815219697,won_settlement_pending,28,15,13,,,15026,0,levels_pack_201_300.json#level_211,
212,L212_BLAST_CHAIN_ROUTES,normal,shot_limited,false,false,1,2167286662,out_of_shots_add_ball_prompt,25,25,0,,,7701,8,levels_pack_201_300.json#level_212,
213,L213_BLAST_CHAIN_ROUTES,normal,shot_limited,false,false,1,553037143,out_of_shots_add_ball_prompt,20,20,0,,,4789,21,levels_pack_201_300.json#level_213,
214,L214_BLAST_CHAIN_ROUTES,normal,shot_limited,true,false,1,3330364644,won_settlement_pending,20,19,1,,,9464,2,levels_pack_201_300.json#level_214,
215,L215_BLAST_CHAIN_ROUTES,normal,shot_limited,false,false,1,1682562741,out_of_shots_add_ball_prompt,26,26,0,,,5347,26,levels_pack_201_300.json#level_215,
216,L216_BLAST_CHAIN_ROUTES,normal,shot_limited,false,false,1,4195369034,out_of_shots_add_ball_prompt,18,18,0,,,3961,47,levels_pack_201_300.json#level_216,
217,L217_BLAST_CHAIN_ROUTES,normal,shot_limited,true,false,1,2581121563,won_settlement_pending,26,14,12,,,8713,2,levels_pack_201_300.json#level_217,
218,L218_BLAST_CHAIN_ROUTES,normal,shot_limited,false,false,1,1071861160,out_of_shots_add_ball_prompt,28,28,0,,,3835,28,levels_pack_201_300.json#level_218,
219,L219_BLAST_CHAIN_ROUTES,normal,shot_limited,false,false,1,3719034745,out_of_shots_add_ball_prompt,35,35,0,,,1900,72,levels_pack_201_300.json#level_219,
220,L220_BLAST_CHAIN_ROUTES,special_floating_island,timed_infinite_shots,false,false,1,1936881934,lost_objective,,45,,90,0,5515,24,levels_pack_201_300.json#level_220,
221,L221_BLAST_CHAIN_ROUTES,normal,shot_limited,true,false,1,289071327,won_settlement_pending,35,28,7,,,14008,0,levels_pack_201_300.json#level_221,
222,L222_BLAST_CHAIN_ROUTES,normal,shot_limited,true,false,1,2965727852,won_settlement_pending,26,15,11,,,10163,0,levels_pack_201_300.json#level_222,
223,L223_BLAST_CHAIN_ROUTES,normal,shot_limited,false,false,1,1452141629,out_of_shots_add_ball_prompt,18,18,0,,,8993,26,levels_pack_201_300.json#level_223,
224,L224_BLAST_CHAIN_ROUTES,normal,shot_limited,true,false,1,4099184626,won_settlement_pending,35,21,14,,,13524,2,levels_pack_201_300.json#level_224,
225,L225_TRAPPED_SPRITE_RESCUE,trapped_sprite_rescue,shot_limited,false,true,1,2317293955,simulator_error,39,10,29,,,3794,65,levels_pack_201_300.json#level_225,Trapped sprite rescue bubble impact requires an attachment cell.
226,L226_BLAST_CHAIN_ROUTES,normal,shot_limited,true,false,1,673678160,won_settlement_pending,19,6,13,,,23296,0,levels_pack_201_300.json#level_226,
227,L227_BLAST_CHAIN_ROUTES,normal,shot_limited,true,false,1,3488484065,won_settlement_pending,20,12,8,,,29920,2,levels_pack_201_300.json#level_227,
228,L228_BLAST_CHAIN_ROUTES,normal,shot_limited,true,false,1,1840680118,won_settlement_pending,25,12,13,,,17275,2,levels_pack_201_300.json#level_228,
229,L229_BLAST_CHAIN_ROUTES,normal,shot_limited,false,false,1,54605383,out_of_shots_add_ball_prompt,24,24,0,,,2956,42,levels_pack_201_300.json#level_229,
230,L230_BLAST_CHAIN_ROUTES,special_floating_island,timed_infinite_shots,true,false,1,2701768724,won,,21,,90,43.65,9451,4,levels_pack_201_300.json#level_230,
231,L231_BLAST_CHAIN_ROUTES,normal,shot_limited,true,false,1,1087382437,won_settlement_pending,29,10,19,,,16896,0,levels_pack_201_300.json#level_231,
232,L232_BLAST_CHAIN_ROUTES,normal,shot_limited,true,false,1,3868763514,won_settlement_pending,24,20,4,,,8545,0,levels_pack_201_300.json#level_232,
233,L233_BLAST_CHAIN_ROUTES,normal,shot_limited,false,false,1,2225286923,out_of_shots_add_ball_prompt,18,18,0,,,7412,13,levels_pack_201_300.json#level_233,
234,L234_BLAST_CHAIN_ROUTES,normal,shot_limited,true,false,1,443274968,won_settlement_pending,22,21,1,,,12354,2,levels_pack_201_300.json#level_234,
235,L235_BLAST_CHAIN_ROUTES,normal,shot_limited,true,false,1,3090307177,won_settlement_pending,28,17,11,,,22708,0,levels_pack_201_300.json#level_235,
236,L236_BLAST_CHAIN_ROUTES,normal,shot_limited,true,false,1,1610269246,won_settlement_pending,33,15,18,,,28816,0,levels_pack_201_300.json#level_236,
237,L237_BLAST_CHAIN_ROUTES,normal,shot_limited,false,false,1,4253369807,lost_objective,19,11,8,,,3171,2,levels_pack_201_300.json#level_237,
238,L238_BLAST_CHAIN_ROUTES,normal,shot_limited,true,false,1,2471350172,won_settlement_pending,36,24,12,,,14328,2,levels_pack_201_300.json#level_238,
239,L239_BLAST_CHAIN_ROUTES,normal,shot_limited,false,false,1,823423277,lost_objective,28,18,10,,,6862,4,levels_pack_201_300.json#level_239,
240,L240_BLAST_CHAIN_ROUTES,special_floating_island,timed_infinite_shots,false,false,1,3504142562,lost_objective,,45,,90,0,1172,103,levels_pack_201_300.json#level_240,
241,L241_BLAST_CHAIN_ROUTES,normal,shot_limited,false,false,1,1994875571,lost_objective,32,16,16,,,6720,0,levels_pack_201_300.json#level_241,
242,L242_TRAPPED_SPRITE_RESCUE,trapped_sprite_rescue,shot_limited,false,true,1,347071552,simulator_error,39,11,28,,,1599,80,levels_pack_201_300.json#level_242,Trapped sprite rescue bubble impact requires an attachment cell.
243,L243_BLAST_CHAIN_ROUTES,normal,shot_limited,false,false,1,2859888145,lost_objective,18,10,8,,,6226,0,levels_pack_201_300.json#level_243,
244,L244_BLAST_CHAIN_ROUTES,normal,shot_limited,false,false,1,1208029606,out_of_shots_add_ball_prompt,24,24,0,,,2228,32,levels_pack_201_300.json#level_244,
245,L245_BLAST_CHAIN_ROUTES,normal,shot_limited,true,false,1,4022967159,won_settlement_pending,32,16,16,,,19961,0,levels_pack_201_300.json#level_245,
246,L246_BLAST_CHAIN_ROUTES,normal,shot_limited,false,false,1,2375032068,out_of_shots_add_ball_prompt,35,35,0,,,2243,36,levels_pack_201_300.json#level_246,
247,L247_BLAST_CHAIN_ROUTES,normal,shot_limited,false,false,1,593003733,lost_objective,30,30,0,,,4690,2,levels_pack_201_300.json#level_247,
248,L248_BLAST_CHAIN_ROUTES,normal,shot_limited,false,false,1,3244494442,lost_objective,34,16,18,,,4934,2,levels_pack_201_300.json#level_248,
249,L249_BLAST_CHAIN_ROUTES,normal,shot_limited,false,false,1,1730916411,lost_objective,35,16,19,,,4773,4,levels_pack_201_300.json#level_249,
250,L250_BLAST_CHAIN_ROUTES,special_floating_island,timed_infinite_shots,false,false,1,116538312,lost_objective,,39,,90,0,3034,48,levels_pack_201_300.json#level_250,
251,L251_BLAST_CHAIN_ROUTES,normal,shot_limited,false,false,1,2763701657,out_of_shots_add_ball_prompt,26,26,0,,,3929,22,levels_pack_201_300.json#level_251,
252,L252_BLAST_CHAIN_ROUTES,normal,shot_limited,false,false,1,977610542,out_of_shots_add_ball_prompt,22,22,0,,,9465,22,levels_pack_201_300.json#level_252,
253,L253_BLAST_CHAIN_ROUTES,normal,shot_limited,false,false,1,3624775423,lost_objective,35,28,7,,,2588,0,levels_pack_201_300.json#level_253,
254,L254_BLAST_CHAIN_ROUTES,normal,shot_limited,false,false,1,2144620684,out_of_shots_add_ball_prompt,30,30,0,,,4640,48,levels_pack_201_300.json#level_254,
255,L255_BLAST_CHAIN_ROUTES,normal,shot_limited,false,false,1,496818781,lost_objective,24,7,17,,,1912,0,levels_pack_201_300.json#level_255,
256,L256_BLAST_CHAIN_ROUTES,normal,shot_limited,false,false,1,3014089746,out_of_shots_add_ball_prompt,23,23,0,,,3664,38,levels_pack_201_300.json#level_256,
257,L257_BLAST_CHAIN_ROUTES,normal,shot_limited,true,false,1,1366280099,won_settlement_pending,34,21,13,,,13227,2,levels_pack_201_300.json#level_257,
258,L258_BLAST_CHAIN_ROUTES,normal,shot_limited,false,false,1,4147530096,lost_objective,32,28,4,,,5023,2,levels_pack_201_300.json#level_258,
259,L259_BLAST_CHAIN_ROUTES,normal,shot_limited,false,false,1,2533290753,out_of_shots_add_ball_prompt,19,19,0,,,5235,67,levels_pack_201_300.json#level_259,
260,L260_BLAST_CHAIN_ROUTES,special_floating_island,timed_infinite_shots,false,false,1,881425110,lost_objective,,38,,90,22.15,8429,4,levels_pack_201_300.json#level_260,
261,L261_BLAST_CHAIN_ROUTES,normal,shot_limited,true,false,1,3394370663,won_settlement_pending,19,13,6,,,20737,0,levels_pack_201_300.json#level_261,
262,L262_BLAST_CHAIN_ROUTES,normal,shot_limited,true,false,1,1746429492,won_settlement_pending,28,15,13,,,33099,0,levels_pack_201_300.json#level_262,
263,L263_TRAPPED_SPRITE_RESCUE,trapped_sprite_rescue,shot_limited,false,true,1,237038021,simulator_error,40,7,33,,,330,90,levels_pack_201_300.json#level_263,Trapped sprite rescue bubble impact requires an attachment cell.
264,L264_BLAST_CHAIN_ROUTES,normal,shot_limited,true,false,1,2917897114,won_settlement_pending,34,19,15,,,10787,2,levels_pack_201_300.json#level_264,
265,L265_BLAST_CHAIN_ROUTES,normal,shot_limited,false,false,1,1135744299,out_of_shots_add_ball_prompt,25,25,0,,,9852,23,levels_pack_201_300.json#level_265,
266,L266_BLAST_CHAIN_ROUTES,normal,shot_limited,false,false,1,3782909176,out_of_shots_add_ball_prompt,19,19,0,,,1822,59,levels_pack_201_300.json#level_266,
267,L267_BLAST_CHAIN_ROUTES,normal,shot_limited,true,false,1,2265253513,won_settlement_pending,35,26,9,,,13717,2,levels_pack_201_300.json#level_267,
268,L268_BLAST_CHAIN_ROUTES,normal,shot_limited,true,false,1,651003998,won_settlement_pending,34,22,12,,,11341,2,levels_pack_201_300.json#level_268,
269,L269_BLAST_CHAIN_ROUTES,normal,shot_limited,false,false,1,3298046959,out_of_shots_add_ball_prompt,23,23,0,,,1465,88,levels_pack_201_300.json#level_269,
270,L270_BLAST_CHAIN_ROUTES,special_floating_island,timed_infinite_shots,true,false,1,1516025276,won,,15,,90,57.45,12695,4,levels_pack_201_300.json#level_270,
271,L271_BLAST_CHAIN_ROUTES,normal,shot_limited,false,false,1,4167515981,out_of_shots_add_ball_prompt,18,18,0,,,9392,43,levels_pack_201_300.json#level_271,
272,L272_BLAST_CHAIN_ROUTES,normal,shot_limited,true,false,1,2653921538,won_settlement_pending,30,27,3,,,9412,0,levels_pack_201_300.json#level_272,
273,L273_BLAST_CHAIN_ROUTES,normal,shot_limited,true,false,1,1039542483,won_settlement_pending,35,25,10,,,10873,0,levels_pack_201_300.json#level_273,
274,L274_BLAST_CHAIN_ROUTES,normal,shot_limited,false,false,1,3552498272,lost_objective,23,23,0,,,5592,2,levels_pack_201_300.json#level_274,
275,L275_BLAST_CHAIN_ROUTES,normal,shot_limited,true,false,1,1900631089,won_settlement_pending,35,25,10,,,15661,0,levels_pack_201_300.json#level_275,
276,L276_BLAST_CHAIN_ROUTES,normal,shot_limited,true,false,1,387047366,won_settlement_pending,35,25,10,,,13716,0,levels_pack_201_300.json#level_276,
277,L277_BLAST_CHAIN_ROUTES,normal,shot_limited,true,false,1,3067625879,won_settlement_pending,20,14,6,,,9102,2,levels_pack_201_300.json#level_277,
278,L278_BLAST_CHAIN_ROUTES,normal,shot_limited,false,false,1,1424018212,out_of_shots_add_ball_prompt,25,25,0,,,7854,22,levels_pack_201_300.json#level_278,
279,L279_BLAST_CHAIN_ROUTES,normal,shot_limited,false,false,1,3937104629,lost_objective,23,19,4,,,4771,4,levels_pack_201_300.json#level_279,
280,L280_BLAST_CHAIN_ROUTES,special_floating_island,timed_infinite_shots,false,false,1,2289300618,lost_objective,,45,,90,0,7700,63,levels_pack_201_300.json#level_280,
281,L281_BLAST_CHAIN_ROUTES,normal,shot_limited,false,false,1,775585371,out_of_shots_add_ball_prompt,23,23,0,,,2176,59,levels_pack_201_300.json#level_281,
282,L282_BLAST_CHAIN_ROUTES,normal,shot_limited,false,false,1,3452101096,lost_objective,20,13,7,,,4563,0,levels_pack_201_300.json#level_282,
283,L283_BLAST_CHAIN_ROUTES,normal,shot_limited,false,false,1,1670212537,lost_objective,29,23,6,,,4307,0,levels_pack_201_300.json#level_283,
284,L284_BLAST_CHAIN_ROUTES,normal,shot_limited,false,false,1,22408526,out_of_shots_add_ball_prompt,26,26,0,,,4181,16,levels_pack_201_300.json#level_284,
285,L285_BLAST_CHAIN_ROUTES,normal,shot_limited,false,false,1,2803668767,out_of_shots_add_ball_prompt,35,35,0,,,3807,22,levels_pack_201_300.json#level_285,
286,L286_TRAPPED_SPRITE_RESCUE,trapped_sprite_rescue,shot_limited,false,true,1,1160191660,simulator_error,39,9,30,,,992,72,levels_pack_201_300.json#level_286,Trapped sprite rescue bubble impact requires an attachment cell.
287,L287_BLAST_CHAIN_ROUTES,normal,shot_limited,false,false,1,3840901245,lost_objective,31,14,17,,,5680,2,levels_pack_201_300.json#level_287,
288,L288_BLAST_CHAIN_ROUTES,normal,shot_limited,false,false,1,2058750514,lost_objective,21,21,0,,,4865,2,levels_pack_201_300.json#level_288,
289,L289_BLAST_CHAIN_ROUTES,normal,shot_limited,false,false,1,410947011,out_of_shots_add_ball_prompt,23,23,0,,,2076,49,levels_pack_201_300.json#level_289,
290,L290_BLAST_CHAIN_ROUTES,special_floating_island,timed_infinite_shots,true,false,1,3188275088,won,,53,,90,10.8,10784,4,levels_pack_201_300.json#level_290,
291,L291_BLAST_CHAIN_ROUTES,normal,shot_limited,true,false,1,1574025505,won_settlement_pending,22,13,9,,,9392,0,levels_pack_201_300.json#level_291,
292,L292_BLAST_CHAIN_ROUTES,normal,shot_limited,false,false,1,4086833398,lost_objective,22,19,3,,,6040,0,levels_pack_201_300.json#level_292,
293,L293_BLAST_CHAIN_ROUTES,normal,shot_limited,false,false,1,2443225735,lost_objective,18,18,0,,,4470,0,levels_pack_201_300.json#level_293,
294,L294_BLAST_CHAIN_ROUTES,normal,shot_limited,false,false,1,929770580,lost_objective,25,19,6,,,5447,2,levels_pack_201_300.json#level_294,
295,L295_BLAST_CHAIN_ROUTES,normal,shot_limited,true,false,1,3576944613,won_settlement_pending,35,19,16,,,17552,0,levels_pack_201_300.json#level_295,
296,L296_BLAST_CHAIN_ROUTES,normal,shot_limited,true,false,1,1962564026,won_settlement_pending,20,11,9,,,12631,0,levels_pack_201_300.json#level_296,
297,L297_BLAST_CHAIN_ROUTES,normal,shot_limited,true,false,1,176341835,won_settlement_pending,33,7,26,,,26291,2,levels_pack_201_300.json#level_297,
298,L298_BLAST_CHAIN_ROUTES,normal,shot_limited,false,false,1,2823636248,out_of_shots_add_ball_prompt,23,23,0,,,2501,54,levels_pack_201_300.json#level_298,
299,L299_TRAPPED_SPRITE_RESCUE,trapped_sprite_rescue,shot_limited,false,true,1,1310051497,simulator_error,41,20,21,,,4569,14,levels_pack_201_300.json#level_299,Trapped sprite rescue bubble impact requires an attachment cell.
300,L300_BLAST_CHAIN_ROUTES,special_floating_island,timed_infinite_shots,false,false,1,3990648446,lost_objective,,40,,90,0,4689,34,levels_pack_201_300.json#level_300,
301,L301_GROWTH_AND_KEYS,normal,shot_limited,true,false,1,2212821007,won_settlement_pending,42,24,18,,,13482,0,levels_pack_301_400.json#level_301,
302,L302_GROWTH_AND_KEYS,normal,shot_limited,false,false,1,565142492,lost_objective,42,24,18,,,6695,0,levels_pack_301_400.json#level_302,
303,L303_GROWTH_AND_KEYS,normal,shot_limited,false,false,1,3346523501,out_of_shots_add_ball_prompt,42,42,0,,,7905,11,levels_pack_301_400.json#level_303,
304,L304_GROWTH_AND_KEYS,normal,shot_limited,false,false,1,1698590498,out_of_shots_add_ball_prompt,42,42,0,,,4214,20,levels_pack_301_400.json#level_304,
305,L305_GROWTH_AND_KEYS,normal,shot_limited,true,false,1,80287475,won_settlement_pending,42,13,29,,,23008,0,levels_pack_301_400.json#level_305,
306,L306_GROWTH_AND_KEYS,normal,shot_limited,false,false,1,2593233024,out_of_shots_add_ball_prompt,44,44,0,,,4401,67,levels_pack_301_400.json#level_306,
307,L307_GROWTH_AND_KEYS,normal,shot_limited,false,false,1,945291857,lost_objective,45,36,9,,,7287,2,levels_pack_301_400.json#level_307,
308,L308_GROWTH_AND_KEYS,normal,shot_limited,false,false,1,3730867686,lost_objective,45,41,4,,,9439,2,levels_pack_301_400.json#level_308,
309,L309_GROWTH_AND_KEYS,normal,shot_limited,false,false,1,2083196855,lost_objective,46,26,20,,,8890,4,levels_pack_301_400.json#level_309,
310,L310_GROWTH_AND_KEYS,special_floating_island,timed_infinite_shots,false,false,1,334737732,lost_objective,,43,,90,0,4631,52,levels_pack_301_400.json#level_310,
311,L311_GROWTH_AND_KEYS,normal,shot_limited,true,false,1,2981772053,won_settlement_pending,42,10,32,,,24395,0,levels_pack_301_400.json#level_311,
312,L312_GROWTH_AND_KEYS,normal,shot_limited,true,false,1,1463984810,won_settlement_pending,42,25,17,,,25915,0,levels_pack_301_400.json#level_312,
313,L313_GROWTH_AND_KEYS,normal,shot_limited,true,false,1,4111279227,won_settlement_pending,42,9,33,,,17659,0,levels_pack_301_400.json#level_313,
314,L314_GROWTH_AND_KEYS,normal,shot_limited,false,false,1,2497031688,out_of_shots_add_ball_prompt,42,42,0,,,4611,33,levels_pack_301_400.json#level_314,
315,L315_GROWTH_AND_KEYS,normal,shot_limited,false,false,1,714887641,lost_objective,42,27,15,,,4714,0,levels_pack_301_400.json#level_315,
316,L316_GROWTH_AND_KEYS,normal,shot_limited,true,false,1,3366247278,won_settlement_pending,44,15,29,,,30751,0,levels_pack_301_400.json#level_316,
317,L317_GROWTH_AND_KEYS,normal,shot_limited,false,false,1,1852792127,out_of_shots_add_ball_prompt,45,45,0,,,3604,29,levels_pack_301_400.json#level_317,
318,L318_GROWTH_AND_KEYS,normal,shot_limited,false,false,1,204981452,out_of_shots_add_ball_prompt,45,45,0,,,5778,33,levels_pack_301_400.json#level_318,
319,L319_GROWTH_AND_KEYS,normal,shot_limited,true,false,1,2751352477,won_settlement_pending,46,23,23,,,12131,4,levels_pack_301_400.json#level_319,
320,L320_GROWTH_AND_KEYS,special_floating_island,timed_infinite_shots,false,false,1,1099362386,lost_objective,,30,,90,27.65,5415,4,levels_pack_301_400.json#level_320,
321,L321_GROWTH_AND_KEYS,normal,shot_limited,true,false,1,3880877027,won_settlement_pending,42,16,26,,,15045,0,levels_pack_301_400.json#level_321,
322,L322_GROWTH_AND_KEYS,normal,shot_limited,true,false,1,2233073072,won_settlement_pending,42,20,22,,,18893,0,levels_pack_301_400.json#level_322,
323,L323_GROWTH_AND_KEYS,normal,shot_limited,false,false,1,455108417,lost_objective,42,33,9,,,5010,0,levels_pack_301_400.json#level_323,
324,L324_GROWTH_AND_KEYS,normal,shot_limited,false,false,1,3135826198,out_of_shots_add_ball_prompt,42,42,0,,,3466,24,levels_pack_301_400.json#level_324,
325,L325_TRAPPED_SPRITE_RESCUE,trapped_sprite_rescue,shot_limited,false,true,1,1488162983,simulator_error,40,3,37,,,270,110,levels_pack_301_400.json#level_325,Trapped sprite rescue bubble impact requires an attachment cell.
326,L326_GROWTH_AND_KEYS,normal,shot_limited,false,false,1,4269415028,out_of_shots_add_ball_prompt,44,44,0,,,7432,25,levels_pack_301_400.json#level_326,
327,L327_GROWTH_AND_KEYS,normal,shot_limited,false,false,1,2617416709,out_of_shots_add_ball_prompt,45,45,0,,,10651,15,levels_pack_301_400.json#level_327,
328,L328_GROWTH_AND_KEYS,normal,shot_limited,false,false,1,869074906,lost_objective,45,21,24,,,7843,2,levels_pack_301_400.json#level_328,
329,L329_GROWTH_AND_KEYS,normal,shot_limited,false,false,1,3516238187,out_of_shots_add_ball_prompt,46,46,0,,,3857,51,levels_pack_301_400.json#level_329,
330,L330_GROWTH_AND_KEYS,special_floating_island,timed_infinite_shots,false,false,1,2002531128,lost_objective,,41,,90,0,3338,62,levels_pack_301_400.json#level_330,
331,L331_GROWTH_AND_KEYS,normal,shot_limited,false,false,1,358922953,lost_objective,42,22,20,,,6167,0,levels_pack_301_400.json#level_331,
332,L332_GROWTH_AND_KEYS,normal,shot_limited,false,false,1,2871999646,lost_objective,42,40,2,,,6962,0,levels_pack_301_400.json#level_332,
333,L333_GROWTH_AND_KEYS,normal,shot_limited,false,false,1,1257743919,lost_objective,42,38,4,,,7635,0,levels_pack_301_400.json#level_333,
334,L334_GROWTH_AND_KEYS,normal,shot_limited,false,false,1,3904776700,lost_objective,42,27,15,,,4743,2,levels_pack_301_400.json#level_334,
335,L335_GROWTH_AND_KEYS,normal,shot_limited,false,false,1,2387006349,lost_objective,42,12,30,,,8866,0,levels_pack_301_400.json#level_335,
336,L336_GROWTH_AND_KEYS,normal,shot_limited,false,false,1,739333442,out_of_shots_add_ball_prompt,44,44,0,,,2923,57,levels_pack_301_400.json#level_336,
337,L337_GROWTH_AND_KEYS,normal,shot_limited,false,false,1,3285835539,lost_objective,45,22,23,,,8491,2,levels_pack_301_400.json#level_337,
338,L338_GROWTH_AND_KEYS,normal,shot_limited,false,false,1,1642088096,out_of_shots_add_ball_prompt,45,45,0,,,3794,47,levels_pack_301_400.json#level_338,
339,L339_GROWTH_AND_KEYS,normal,shot_limited,false,false,1,128501873,out_of_shots_add_ball_prompt,46,46,0,,,2505,73,levels_pack_301_400.json#level_339,
340,L340_GROWTH_AND_KEYS,special_floating_island,timed_infinite_shots,false,false,1,2775806470,lost_objective,,45,,90,0,1855,79,levels_pack_301_400.json#level_340,
341,L341_GROWTH_AND_KEYS,normal,shot_limited,true,false,1,993785303,won_settlement_pending,42,34,8,,,13029,0,levels_pack_301_400.json#level_341,
342,L342_TRAPPED_SPRITE_RESCUE,trapped_sprite_rescue,shot_limited,false,true,1,3670179684,simulator_error,40,17,23,,,1845,63,levels_pack_301_400.json#level_342,Trapped sprite rescue bubble impact requires an attachment cell.
343,L343_GROWTH_AND_KEYS,normal,shot_limited,true,false,1,2022367541,won_settlement_pending,42,19,23,,,31753,0,levels_pack_301_400.json#level_343,
344,L344_GROWTH_AND_KEYS,normal,shot_limited,true,false,1,508913866,won_settlement_pending,42,22,20,,,22315,2,levels_pack_301_400.json#level_344,
345,L345_GROWTH_AND_KEYS,normal,shot_limited,true,false,1,3155956379,won_settlement_pending,42,32,10,,,16985,0,levels_pack_301_400.json#level_345,
346,L346_GROWTH_AND_KEYS,normal,shot_limited,true,false,1,1378128936,won_settlement_pending,44,20,24,,,25455,0,levels_pack_301_400.json#level_346,
347,L347_GROWTH_AND_KEYS,normal,shot_limited,true,false,1,4058980345,won_settlement_pending,45,37,8,,,20848,2,levels_pack_301_400.json#level_347,
348,L348_GROWTH_AND_KEYS,normal,shot_limited,false,false,1,2545385870,lost_objective,45,43,2,,,5859,2,levels_pack_301_400.json#level_348,
349,L349_GROWTH_AND_KEYS,normal,shot_limited,false,false,1,897452895,out_of_shots_add_ball_prompt,46,46,0,,,5919,53,levels_pack_301_400.json#level_349,
350,L350_GROWTH_AND_KEYS,special_floating_island,timed_infinite_shots,false,false,1,3406213868,lost_objective,,46,,90,0,1797,88,levels_pack_301_400.json#level_350,
351,L351_GROWTH_AND_KEYS,normal,shot_limited,true,false,1,1792095421,won_settlement_pending,42,20,22,,,11921,0,levels_pack_301_400.json#level_351,
352,L352_GROWTH_AND_KEYS,normal,shot_limited,true,false,1,144293490,won_settlement_pending,42,34,8,,,10424,0,levels_pack_301_400.json#level_352,
353,L353_GROWTH_AND_KEYS,normal,shot_limited,true,false,1,2929729539,won_settlement_pending,42,39,3,,,9852,0,levels_pack_301_400.json#level_353,
354,L354_GROWTH_AND_KEYS,normal,shot_limited,false,false,1,1281928144,lost_objective,42,41,1,,,8439,2,levels_pack_301_400.json#level_354,
355,L355_GROWTH_AND_KEYS,normal,shot_limited,false,false,1,3795004769,lost_objective,42,30,12,,,8467,0,levels_pack_301_400.json#level_355,
356,L356_GROWTH_AND_KEYS,normal,shot_limited,false,false,1,2180765494,lost_objective,44,14,30,,,4216,0,levels_pack_301_400.json#level_356,
357,L357_GROWTH_AND_KEYS,normal,shot_limited,false,false,1,662855367,lost_objective,45,39,6,,,6727,2,levels_pack_301_400.json#level_357,
358,L358_GROWTH_AND_KEYS,normal,shot_limited,true,false,1,3310010516,won_settlement_pending,45,25,20,,,20958,2,levels_pack_301_400.json#level_358,
359,L359_GROWTH_AND_KEYS,normal,shot_limited,true,false,1,1528121893,won_settlement_pending,46,31,15,,,11870,4,levels_pack_301_400.json#level_359,
360,L360_GROWTH_AND_KEYS,special_floating_island,timed_infinite_shots,false,false,1,4208840186,lost_objective,,42,,90,2.3,5761,4,levels_pack_301_400.json#level_360,
361,L361_GROWTH_AND_KEYS,normal,shot_limited,false,false,1,2565109643,lost_objective,42,22,20,,,6166,0,levels_pack_301_400.json#level_361,
362,L362_GROWTH_AND_KEYS,normal,shot_limited,false,false,1,1051523416,lost_objective,42,12,30,,,3512,0,levels_pack_301_400.json#level_362,
363,L363_TRAPPED_SPRITE_RESCUE,trapped_sprite_rescue,shot_limited,false,false,1,3698811113,out_of_shots_add_ball_prompt,40,40,0,,,8781,8,levels_pack_301_400.json#level_363,
364,L364_GROWTH_AND_KEYS,normal,shot_limited,false,false,1,1916791486,lost_objective,42,26,16,,,7911,2,levels_pack_301_400.json#level_364,
365,L365_GROWTH_AND_KEYS,normal,shot_limited,true,false,1,298216527,won_settlement_pending,42,38,4,,,9575,0,levels_pack_301_400.json#level_365,
366,L366_GROWTH_AND_KEYS,normal,shot_limited,false,false,1,3079738908,out_of_shots_add_ball_prompt,44,44,0,,,7862,23,levels_pack_301_400.json#level_366,
367,L367_GROWTH_AND_KEYS,normal,shot_limited,false,false,1,1431935405,lost_objective,45,20,25,,,7960,2,levels_pack_301_400.json#level_367,
368,L368_GROWTH_AND_KEYS,normal,shot_limited,false,false,1,3948938082,lost_objective,45,24,21,,,6896,2,levels_pack_301_400.json#level_368,
369,L369_GROWTH_AND_KEYS,normal,shot_limited,false,false,1,2301134131,out_of_shots_add_ball_prompt,46,46,0,,,5108,39,levels_pack_301_400.json#level_369,
370,L370_GROWTH_AND_KEYS,special_floating_island,timed_infinite_shots,false,false,1,687017152,lost_objective,,51,,90,0,4314,50,levels_pack_301_400.json#level_370,
371,L371_GROWTH_AND_KEYS,normal,shot_limited,false,false,1,3468408465,lost_objective,42,11,31,,,3016,0,levels_pack_301_400.json#level_371,
372,L372_GROWTH_AND_KEYS,normal,shot_limited,false,false,1,1816279078,lost_objective,42,31,11,,,4917,0,levels_pack_301_400.json#level_372,
373,L373_GROWTH_AND_KEYS,normal,shot_limited,false,false,1,34251767,out_of_shots_add_ball_prompt,42,42,0,,,4815,23,levels_pack_301_400.json#level_373,
374,L374_GROWTH_AND_KEYS,normal,shot_limited,false,false,1,2715100548,lost_objective,42,33,9,,,6405,2,levels_pack_301_400.json#level_374,
375,L375_GROWTH_AND_KEYS,normal,shot_limited,false,false,1,1201516373,lost_objective,42,30,12,,,6542,0,levels_pack_301_400.json#level_375,
376,L376_GROWTH_AND_KEYS,normal,shot_limited,false,false,1,3852752618,lost_objective,44,29,15,,,6879,0,levels_pack_301_400.json#level_376,
377,L377_GROWTH_AND_KEYS,normal,shot_limited,true,false,1,2070730939,won_settlement_pending,45,22,23,,,30349,2,levels_pack_301_400.json#level_377,
378,L378_GROWTH_AND_KEYS,normal,shot_limited,true,false,1,423051848,won_settlement_pending,45,30,15,,,16362,2,levels_pack_301_400.json#level_378,
379,L379_GROWTH_AND_KEYS,normal,shot_limited,false,false,1,3103769625,out_of_shots_add_ball_prompt,46,46,0,,,4001,60,levels_pack_301_400.json#level_379,
380,L380_GROWTH_AND_KEYS,special_floating_island,timed_infinite_shots,true,false,1,1585860526,won,,15,,90,56.25,14528,4,levels_pack_301_400.json#level_380,
381,L381_GROWTH_AND_KEYS,normal,shot_limited,true,false,1,4233032063,won_settlement_pending,42,17,25,,,13544,0,levels_pack_301_400.json#level_381,
382,L382_GROWTH_AND_KEYS,normal,shot_limited,true,false,1,2451143436,won_settlement_pending,42,24,18,,,29728,0,levels_pack_301_400.json#level_382,
383,L383_GROWTH_AND_KEYS,normal,shot_limited,false,false,1,807527133,lost_objective,42,30,12,,,6967,0,levels_pack_301_400.json#level_383,
384,L384_GROWTH_AND_KEYS,normal,shot_limited,false,false,1,3622331538,out_of_shots_add_ball_prompt,42,42,0,,,4991,27,levels_pack_301_400.json#level_384,
385,L385_GROWTH_AND_KEYS,normal,shot_limited,true,false,1,1974529571,won_settlement_pending,42,27,15,,,13709,0,levels_pack_301_400.json#level_385,
386,L386_TRAPPED_SPRITE_RESCUE,trapped_sprite_rescue,shot_limited,false,true,1,192647664,simulator_error,40,2,38,,,0,122,levels_pack_301_400.json#level_386,Trapped sprite rescue bubble impact requires an attachment cell.
387,L387_GROWTH_AND_KEYS,normal,shot_limited,true,false,1,2835487617,won_settlement_pending,45,41,4,,,14571,2,levels_pack_301_400.json#level_387,
388,L388_GROWTH_AND_KEYS,normal,shot_limited,true,false,1,1221238102,won_settlement_pending,45,19,26,,,34004,2,levels_pack_301_400.json#level_388,
389,L389_GROWTH_AND_KEYS,normal,shot_limited,false,false,1,4002743527,lost_objective,46,22,24,,,4212,4,levels_pack_301_400.json#level_389,
390,L390_GROWTH_AND_KEYS,special_floating_island,timed_infinite_shots,true,false,1,2354941620,won,,15,,90,57.85,13984,4,levels_pack_301_400.json#level_390,
391,L391_GROWTH_AND_KEYS,normal,shot_limited,false,false,1,576991301,lost_objective,42,18,24,,,7318,0,levels_pack_301_400.json#level_391,
392,L392_GROWTH_AND_KEYS,normal,shot_limited,true,false,1,3224156698,won_settlement_pending,42,21,21,,,17145,0,levels_pack_301_400.json#level_392,
393,L393_GROWTH_AND_KEYS,normal,shot_limited,false,false,1,1744256427,lost_objective,42,25,17,,,5721,0,levels_pack_301_400.json#level_393,
394,L394_GROWTH_AND_KEYS,normal,shot_limited,false,false,1,96446328,lost_objective,42,36,6,,,6144,2,levels_pack_301_400.json#level_394,
395,L395_GROWTH_AND_KEYS,normal,shot_limited,true,false,1,2605066505,won_settlement_pending,42,25,17,,,19273,0,levels_pack_301_400.json#level_395,
396,L396_GROWTH_AND_KEYS,normal,shot_limited,false,false,1,957272286,lost_objective,44,29,15,,,4166,0,levels_pack_301_400.json#level_396,
397,L397_GROWTH_AND_KEYS,normal,shot_limited,false,false,1,3638123119,lost_objective,45,36,9,,,5885,2,levels_pack_301_400.json#level_397,
398,L398_GROWTH_AND_KEYS,normal,shot_limited,false,false,1,2128731196,lost_objective,45,17,28,,,8216,2,levels_pack_301_400.json#level_398,
399,L399_TRAPPED_SPRITE_RESCUE,trapped_sprite_rescue,shot_limited,false,true,1,480790477,simulator_error,42,10,32,,,195,112,levels_pack_301_400.json#level_399,Trapped sprite rescue bubble impact requires an attachment cell.
400,L400_GROWTH_AND_KEYS,special_floating_island,timed_infinite_shots,false,false,1,2993736066,lost_objective,,38,,90,0,5393,29,levels_pack_301_400.json#level_400,
401,L401_SYMBOLIC_PATTERNS,normal,shot_limited,false,false,1,1346073427,out_of_shots_add_ball_prompt,40,40,0,,,4089,21,levels_pack_401_500.json#level_401,
402,L402_SYMBOLIC_PATTERNS,normal,shot_limited,false,false,1,4156816096,lost_objective,41,28,13,,,5267,0,levels_pack_401_500.json#level_402,
403,L403_SYMBOLIC_PATTERNS,normal,shot_limited,false,false,1,2508881073,lost_objective,40,30,10,,,5984,0,levels_pack_401_500.json#level_403,
404,L404_SYMBOLIC_PATTERNS,normal,shot_limited,true,false,1,726853190,won_settlement_pending,41,18,23,,,35024,2,levels_pack_401_500.json#level_404,
405,L405_SYMBOLIC_PATTERNS,normal,shot_limited,false,false,1,3374147607,lost_objective,41,8,33,,,6355,0,levels_pack_401_500.json#level_405,
406,L406_SYMBOLIC_PATTERNS,normal,shot_limited,false,false,1,1864635300,lost_objective,41,41,0,,,6152,0,levels_pack_401_500.json#level_406,
407,L407_SYMBOLIC_PATTERNS,normal,shot_limited,false,false,1,250385781,lost_objective,42,25,17,,,8466,4,levels_pack_401_500.json#level_407,
408,L408_SYMBOLIC_PATTERNS,normal,shot_limited,false,false,1,2897682186,lost_objective,43,38,5,,,6756,4,levels_pack_401_500.json#level_408,
409,L409_SYMBOLIC_PATTERNS,normal,shot_limited,false,false,1,1115653851,out_of_shots_add_ball_prompt,43,43,0,,,3095,40,levels_pack_401_500.json#level_409,
410,L410_SYMBOLIC_PATTERNS,special_floating_island,timed_infinite_shots,false,false,1,3758491752,lost_objective,,46,,90,0,2147,86,levels_pack_401_500.json#level_410,
411,L411_SYMBOLIC_PATTERNS,normal,shot_limited,false,false,1,2278470201,lost_objective,40,19,21,,,4166,0,levels_pack_401_500.json#level_411,
412,L412_SYMBOLIC_PATTERNS,normal,shot_limited,true,false,1,630797774,won_settlement_pending,41,15,26,,,10856,0,levels_pack_401_500.json#level_412,
413,L413_SYMBOLIC_PATTERNS,normal,shot_limited,false,false,1,3147939743,lost_objective,40,10,30,,,4955,0,levels_pack_401_500.json#level_413,
414,L414_SYMBOLIC_PATTERNS,normal,shot_limited,false,false,1,1499996460,lost_objective,41,22,19,,,7407,2,levels_pack_401_500.json#level_414,
415,L415_SYMBOLIC_PATTERNS,normal,shot_limited,true,false,1,4281379069,won_settlement_pending,41,11,30,,,26879,0,levels_pack_401_500.json#level_415,
416,L416_SYMBOLIC_PATTERNS,normal,shot_limited,false,false,1,2667270834,out_of_shots_add_ball_prompt,41,41,0,,,7308,19,levels_pack_401_500.json#level_416,
417,L417_SYMBOLIC_PATTERNS,normal,shot_limited,false,false,1,1015272515,lost_objective,42,15,27,,,7863,4,levels_pack_401_500.json#level_417,
418,L418_SYMBOLIC_PATTERNS,normal,shot_limited,false,false,1,3528089104,out_of_shots_add_ball_prompt,43,43,0,,,4015,36,levels_pack_401_500.json#level_418,
419,L419_SYMBOLIC_PATTERNS,normal,shot_limited,false,false,1,1880277409,out_of_shots_add_ball_prompt,43,43,0,,,3646,51,levels_pack_401_500.json#level_419,
420,L420_SYMBOLIC_PATTERNS,special_floating_island,timed_infinite_shots,false,false,1,400378742,lost_objective,,26,,90,32.35,8412,4,levels_pack_401_500.json#level_420,
421,L421_SYMBOLIC_PATTERNS,normal,shot_limited,true,false,1,3051736327,won_settlement_pending,40,17,23,,,16360,0,levels_pack_401_500.json#level_421,
422,L422_SYMBOLIC_PATTERNS,normal,shot_limited,true,false,1,1269593300,won_settlement_pending,41,14,27,,,42445,0,levels_pack_401_500.json#level_422,
423,L423_SYMBOLIC_PATTERNS,normal,shot_limited,false,false,1,3916758629,lost_objective,40,33,7,,,7590,0,levels_pack_401_500.json#level_423,
424,L424_SYMBOLIC_PATTERNS,normal,shot_limited,true,false,1,2403295290,won_settlement_pending,41,20,21,,,14120,2,levels_pack_401_500.json#level_424,
425,L425_TRAPPED_SPRITE_RESCUE,trapped_sprite_rescue,shot_limited,false,true,1,784853963,simulator_error,40,8,32,,,725,96,levels_pack_401_500.json#level_425,Trapped sprite rescue bubble impact requires an attachment cell.
426,L426_SYMBOLIC_PATTERNS,normal,shot_limited,false,false,1,3431886232,lost_objective,41,19,22,,,7971,0,levels_pack_401_500.json#level_426,
427,L427_SYMBOLIC_PATTERNS,normal,shot_limited,true,false,1,1650005801,won_settlement_pending,42,27,15,,,12794,4,levels_pack_401_500.json#level_427,
428,L428_SYMBOLIC_PATTERNS,normal,shot_limited,false,false,1,6397694,out_of_shots_add_ball_prompt,43,43,0,,,3985,56,levels_pack_401_500.json#level_428,
429,L429_SYMBOLIC_PATTERNS,normal,shot_limited,false,false,1,2787639439,lost_objective,43,14,29,,,6115,4,levels_pack_401_500.json#level_429,
430,L430_SYMBOLIC_PATTERNS,special_floating_island,timed_infinite_shots,true,false,1,1173391964,won,,20,,90,48.25,19209,4,levels_pack_401_500.json#level_430,
431,L431_SYMBOLIC_PATTERNS,normal,shot_limited,true,false,1,3686469101,won_settlement_pending,40,15,25,,,23399,0,levels_pack_401_500.json#level_431,
432,L432_SYMBOLIC_PATTERNS,normal,shot_limited,true,false,1,2034481058,won_settlement_pending,41,14,27,,,52816,0,levels_pack_401_500.json#level_432,
433,L433_SYMBOLIC_PATTERNS,normal,shot_limited,false,false,1,520763763,out_of_shots_add_ball_prompt,40,40,0,,,3273,39,levels_pack_401_500.json#level_433,
434,L434_SYMBOLIC_PATTERNS,normal,shot_limited,true,false,1,3201475328,won_settlement_pending,41,20,21,,,13977,2,levels_pack_401_500.json#level_434,
435,L435_SYMBOLIC_PATTERNS,normal,shot_limited,false,false,1,1553803985,out_of_shots_add_ball_prompt,41,41,0,,,12683,18,levels_pack_401_500.json#level_435,
436,L436_SYMBOLIC_PATTERNS,normal,shot_limited,false,false,1,4070943846,lost_objective,41,22,19,,,7265,0,levels_pack_401_500.json#level_436,
437,L437_SYMBOLIC_PATTERNS,normal,shot_limited,false,false,1,2423019063,lost_objective,42,26,16,,,6467,4,levels_pack_401_500.json#level_437,
438,L438_SYMBOLIC_PATTERNS,normal,shot_limited,false,false,1,909433284,out_of_shots_add_ball_prompt,43,43,0,,,3265,70,levels_pack_401_500.json#level_438,
439,L439_SYMBOLIC_PATTERNS,normal,shot_limited,false,false,1,3590275989,out_of_shots_add_ball_prompt,43,43,0,,,4330,36,levels_pack_401_500.json#level_439,
440,L440_SYMBOLIC_PATTERNS,special_floating_island,timed_infinite_shots,false,false,1,1804059946,lost_objective,,46,,90,3,8425,4,levels_pack_401_500.json#level_440,
441,L441_SYMBOLIC_PATTERNS,normal,shot_limited,false,false,1,156126459,lost_objective,35,14,21,,,3870,0,levels_pack_401_500.json#level_441,
442,L442_TRAPPED_SPRITE_RESCUE,trapped_sprite_rescue,shot_limited,false,true,1,2937517704,simulator_error,40,3,37,,,30,119,levels_pack_401_500.json#level_442,Trapped sprite rescue bubble impact requires an attachment cell.
443,L443_SYMBOLIC_PATTERNS,normal,shot_limited,false,false,1,1294039129,out_of_shots_add_ball_prompt,40,40,0,,,4080,17,levels_pack_401_500.json#level_443,
444,L444_SYMBOLIC_PATTERNS,normal,shot_limited,true,false,1,3974751214,won_settlement_pending,41,17,24,,,36512,2,levels_pack_401_500.json#level_444,
445,L445_SYMBOLIC_PATTERNS,normal,shot_limited,false,false,1,2192598463,lost_objective,41,20,21,,,4272,0,levels_pack_401_500.json#level_445,
446,L446_SYMBOLIC_PATTERNS,normal,shot_limited,false,false,1,544796492,lost_objective,41,20,21,,,5452,0,levels_pack_401_500.json#level_446,
447,L447_SYMBOLIC_PATTERNS,normal,shot_limited,false,false,1,3322122525,lost_objective,42,42,0,,,6478,4,levels_pack_401_500.json#level_447,
448,L448_SYMBOLIC_PATTERNS,normal,shot_limited,false,false,1,1707743442,lost_objective,43,42,1,,,6753,4,levels_pack_401_500.json#level_448,
449,L449_SYMBOLIC_PATTERNS,normal,shot_limited,false,false,1,4220682851,out_of_shots_add_ball_prompt,43,43,0,,,2914,48,levels_pack_401_500.json#level_449,
450,L450_SYMBOLIC_PATTERNS,special_floating_island,timed_infinite_shots,false,false,1,2573009968,lost_objective,,41,,90,0,3731,40,levels_pack_401_500.json#level_450,
451,L451_SYMBOLIC_PATTERNS,normal,shot_limited,false,false,1,1063620545,lost_objective,40,39,1,,,4797,0,levels_pack_401_500.json#level_451,
452,L452_SYMBOLIC_PATTERNS,normal,shot_limited,false,false,1,3710661014,lost_objective,30,17,13,,,3093,0,levels_pack_401_500.json#level_452,
453,L453_SYMBOLIC_PATTERNS,normal,shot_limited,false,false,1,2096413479,lost_objective,40,8,32,,,4159,0,levels_pack_401_500.json#level_453,
454,L454_SYMBOLIC_PATTERNS,normal,shot_limited,true,false,1,314516212,won_settlement_pending,34,32,2,,,8349,2,levels_pack_401_500.json#level_454,
455,L455_SYMBOLIC_PATTERNS,normal,shot_limited,false,false,1,2957485189,lost_objective,41,31,10,,,8429,0,levels_pack_401_500.json#level_455,
456,L456_SYMBOLIC_PATTERNS,normal,shot_limited,false,false,1,1443769946,out_of_shots_add_ball_prompt,41,41,0,,,1902,86,levels_pack_401_500.json#level_456,
457,L457_SYMBOLIC_PATTERNS,normal,shot_limited,false,false,1,4124496363,lost_objective,42,28,14,,,5853,4,levels_pack_401_500.json#level_457,
458,L458_SYMBOLIC_PATTERNS,normal,shot_limited,false,false,1,2346802104,lost_objective,43,33,10,,,8505,4,levels_pack_401_500.json#level_458,
459,L459_SYMBOLIC_PATTERNS,normal,shot_limited,false,false,1,698998089,out_of_shots_add_ball_prompt,43,43,0,,,3112,49,levels_pack_401_500.json#level_459,
460,L460_SYMBOLIC_PATTERNS,special_floating_island,timed_infinite_shots,false,false,1,3480241950,lost_objective,,42,,90,0,9838,32,levels_pack_401_500.json#level_460,
461,L461_SYMBOLIC_PATTERNS,normal,shot_limited,true,false,1,1832439471,won_settlement_pending,40,25,15,,,9337,0,levels_pack_401_500.json#level_461,
462,L462_SYMBOLIC_PATTERNS,normal,shot_limited,true,false,1,214134908,won_settlement_pending,41,16,25,,,40684,0,levels_pack_401_500.json#level_462,
463,L463_TRAPPED_SPRITE_RESCUE,trapped_sprite_rescue,shot_limited,true,false,1,2727082509,won_settlement_pending,40,37,3,,,19294,0,levels_pack_401_500.json#level_463,
464,L464_SYMBOLIC_PATTERNS,normal,shot_limited,true,false,1,1079147970,won_settlement_pending,41,34,7,,,10780,2,levels_pack_401_500.json#level_464,
465,L465_SYMBOLIC_PATTERNS,normal,shot_limited,true,false,1,3860522899,won_settlement_pending,41,19,22,,,22695,0,levels_pack_401_500.json#level_465,
466,L466_SYMBOLIC_PATTERNS,normal,shot_limited,true,false,1,2217044256,won_settlement_pending,41,33,8,,,11753,0,levels_pack_401_500.json#level_466,
467,L467_SYMBOLIC_PATTERNS,normal,shot_limited,false,false,1,468455665,out_of_shots_add_ball_prompt,42,42,0,,,5423,41,levels_pack_401_500.json#level_467,
468,L468_SYMBOLIC_PATTERNS,normal,shot_limited,true,false,1,3115620998,won_settlement_pending,43,38,5,,,10499,4,levels_pack_401_500.json#level_468,
469,L469_SYMBOLIC_PATTERNS,normal,shot_limited,true,false,1,1602165847,won_settlement_pending,43,15,28,,,26800,4,levels_pack_401_500.json#level_469,
470,L470_SYMBOLIC_PATTERNS,special_floating_island,timed_infinite_shots,false,false,1,4245129188,lost_objective,,41,,90,0,13252,31,levels_pack_401_500.json#level_470,
471,L471_SYMBOLIC_PATTERNS,normal,shot_limited,true,false,1,2630748597,won_settlement_pending,40,17,23,,,18194,0,levels_pack_401_500.json#level_471,
472,L472_SYMBOLIC_PATTERNS,normal,shot_limited,true,false,1,848737098,won_settlement_pending,41,28,13,,,16261,0,levels_pack_401_500.json#level_472,
473,L473_SYMBOLIC_PATTERNS,normal,shot_limited,false,false,1,3500225819,out_of_shots_add_ball_prompt,40,40,0,,,11775,20,levels_pack_401_500.json#level_473,
474,L474_SYMBOLIC_PATTERNS,normal,shot_limited,true,false,1,1986641064,won_settlement_pending,41,15,26,,,21474,2,levels_pack_401_500.json#level_474,
475,L475_SYMBOLIC_PATTERNS,normal,shot_limited,false,false,1,338699897,lost_objective,41,15,26,,,8462,0,levels_pack_401_500.json#level_475,
476,L476_SYMBOLIC_PATTERNS,normal,shot_limited,false,false,1,2885199886,lost_objective,41,19,22,,,7944,0,levels_pack_401_500.json#level_476,
477,L477_SYMBOLIC_PATTERNS,normal,shot_limited,false,false,1,1233343455,lost_objective,42,24,18,,,5790,4,levels_pack_401_500.json#level_477,
478,L478_SYMBOLIC_PATTERNS,normal,shot_limited,false,false,1,4014724460,out_of_shots_add_ball_prompt,43,43,0,,,3595,48,levels_pack_401_500.json#level_478,
479,L479_SYMBOLIC_PATTERNS,normal,shot_limited,false,false,1,2366791485,lost_objective,43,19,24,,,5845,4,levels_pack_401_500.json#level_479,
480,L480_SYMBOLIC_PATTERNS,special_floating_island,timed_infinite_shots,false,false,1,752535282,lost_objective,,31,,90,28.2,6861,4,levels_pack_401_500.json#level_480,
481,L481_SYMBOLIC_PATTERNS,normal,shot_limited,true,false,1,3269806211,won_settlement_pending,40,13,27,,,13052,0,levels_pack_401_500.json#level_481,
482,L482_SYMBOLIC_PATTERNS,normal,shot_limited,false,false,1,1622012496,lost_objective,41,15,26,,,6667,0,levels_pack_401_500.json#level_482,
483,L483_SYMBOLIC_PATTERNS,normal,shot_limited,false,false,1,108295649,lost_objective,40,19,21,,,4426,0,levels_pack_401_500.json#level_483,
484,L484_SYMBOLIC_PATTERNS,normal,shot_limited,false,false,1,2755461046,lost_objective,41,27,14,,,7790,2,levels_pack_401_500.json#level_484,
485,L485_SYMBOLIC_PATTERNS,normal,shot_limited,false,false,1,1002922311,lost_objective,41,19,22,,,6954,0,levels_pack_401_500.json#level_485,
486,L486_TRAPPED_SPRITE_RESCUE,trapped_sprite_rescue,shot_limited,false,true,1,3650087700,simulator_error,40,10,30,,,945,79,levels_pack_401_500.json#level_486,Trapped sprite rescue bubble impact requires an attachment cell.
487,L487_SYMBOLIC_PATTERNS,normal,shot_limited,false,false,1,2136380069,out_of_shots_add_ball_prompt,42,42,0,,,6516,21,levels_pack_401_500.json#level_487,
488,L488_SYMBOLIC_PATTERNS,normal,shot_limited,false,false,1,492901498,lost_objective,43,32,11,,,6753,4,levels_pack_401_500.json#level_488,
489,L489_SYMBOLIC_PATTERNS,normal,shot_limited,false,false,1,3005849099,out_of_shots_add_ball_prompt,43,43,0,,,2718,60,levels_pack_401_500.json#level_489,
490,L490_SYMBOLIC_PATTERNS,special_floating_island,timed_infinite_shots,false,false,1,1391460824,lost_objective,,21,,90,45.45,7968,4,levels_pack_401_500.json#level_490,
491,L491_SYMBOLIC_PATTERNS,normal,shot_limited,false,false,1,4038626153,lost_objective,40,24,16,,,4634,0,levels_pack_401_500.json#level_491,
492,L492_SYMBOLIC_PATTERNS,normal,shot_limited,true,false,1,2520976702,won_settlement_pending,41,15,26,,,12020,0,levels_pack_401_500.json#level_492,
493,L493_SYMBOLIC_PATTERNS,normal,shot_limited,false,false,1,873182415,lost_objective,40,23,17,,,7776,0,levels_pack_401_500.json#level_493,
494,L494_SYMBOLIC_PATTERNS,normal,shot_limited,true,false,1,3419553436,won_settlement_pending,41,15,26,,,15895,2,levels_pack_401_500.json#level_494,
495,L495_SYMBOLIC_PATTERNS,normal,shot_limited,false,false,1,1771741229,lost_objective,41,21,20,,,3225,0,levels_pack_401_500.json#level_495,
496,L496_SYMBOLIC_PATTERNS,normal,shot_limited,true,false,1,262482914,won_settlement_pending,41,18,23,,,11252,0,levels_pack_401_500.json#level_496,
497,L497_SYMBOLIC_PATTERNS,normal,shot_limited,false,false,1,2909646259,lost_objective,42,31,11,,,9092,4,levels_pack_401_500.json#level_497,
498,L498_SYMBOLIC_PATTERNS,normal,shot_limited,false,false,1,1127503680,out_of_shots_add_ball_prompt,43,43,0,,,7153,26,levels_pack_401_500.json#level_498,
499,L499_TRAPPED_SPRITE_RESCUE,trapped_sprite_rescue,shot_limited,false,true,1,3808221457,simulator_error,42,7,35,,,586,90,levels_pack_401_500.json#level_499,Trapped sprite rescue bubble impact requires an attachment cell.
500,L500_SYMBOLIC_PATTERNS,special_floating_island,timed_infinite_shots,false,false,1,2156347558,lost_objective,,30,,90,27.2,9065,4,levels_pack_401_500.json#level_500,
501,L501_FULL_SYSTEM_MASTERY,normal,shot_limited,true,false,1,642763383,won_settlement_pending,41,29,12,,,19153,0,levels_pack_501_600.json#level_501,
502,L502_FULL_SYSTEM_MASTERY,normal,shot_limited,false,false,1,3289795588,lost_objective,42,39,3,,,7223,0,levels_pack_501_600.json#level_502,
503,L503_FULL_SYSTEM_MASTERY,normal,shot_limited,false,false,1,1541339093,lost_objective,42,14,28,,,7418,0,levels_pack_501_600.json#level_503,
504,L504_FULL_SYSTEM_MASTERY,normal,shot_limited,true,false,1,4192827754,won_settlement_pending,42,42,0,,,10426,2,levels_pack_501_600.json#level_504,
505,L505_FULL_SYSTEM_MASTERY,normal,shot_limited,false,false,1,2679235387,lost_objective,42,35,7,,,7092,0,levels_pack_501_600.json#level_505,
506,L506_FULL_SYSTEM_MASTERY,normal,shot_limited,false,false,1,1031301832,lost_objective,43,34,9,,,6600,0,levels_pack_501_600.json#level_506,
507,L507_FULL_SYSTEM_MASTERY,normal,shot_limited,true,false,1,3540053145,won_settlement_pending,43,40,3,,,22123,4,levels_pack_501_600.json#level_507,
508,L508_FULL_SYSTEM_MASTERY,normal,shot_limited,false,false,1,1925944878,lost_objective,44,40,4,,,10141,4,levels_pack_501_600.json#level_508,
509,L509_FULL_SYSTEM_MASTERY,normal,shot_limited,false,false,1,278010367,lost_objective,45,22,23,,,7372,4,levels_pack_501_600.json#level_509,
510,L510_FULL_SYSTEM_MASTERY,special_floating_island,timed_infinite_shots,false,false,1,3059385228,lost_objective,,47,,90,0,17013,20,levels_pack_501_600.json#level_510,
511,L511_FULL_SYSTEM_MASTERY,normal,shot_limited,true,false,1,1415906653,won_settlement_pending,41,17,24,,,47495,0,levels_pack_501_600.json#level_511,
512,L512_FULL_SYSTEM_MASTERY,normal,shot_limited,false,false,1,3928854290,lost_objective,42,39,3,,,8532,0,levels_pack_501_600.json#level_512,
513,L513_FULL_SYSTEM_MASTERY,normal,shot_limited,false,false,1,2314483363,out_of_shots_add_ball_prompt,42,42,0,,,5371,23,levels_pack_501_600.json#level_513,
514,L514_FULL_SYSTEM_MASTERY,normal,shot_limited,false,false,1,800897136,lost_objective,42,7,35,,,7338,2,levels_pack_501_600.json#level_514,
515,L515_FULL_SYSTEM_MASTERY,normal,shot_limited,false,false,1,3443991041,lost_objective,42,24,18,,,6881,0,levels_pack_501_600.json#level_515,
516,L516_FULL_SYSTEM_MASTERY,normal,shot_limited,true,false,1,1661969878,won_settlement_pending,43,9,34,,,19797,0,levels_pack_501_600.json#level_516,
517,L517_FULL_SYSTEM_MASTERY,normal,shot_limited,true,false,1,47591271,won_settlement_pending,43,42,1,,,11156,4,levels_pack_501_600.json#level_517,
518,L518_FULL_SYSTEM_MASTERY,normal,shot_limited,false,false,1,2694762804,out_of_shots_add_ball_prompt,44,44,0,,,5389,51,levels_pack_501_600.json#level_518,
519,L519_FULL_SYSTEM_MASTERY,normal,shot_limited,true,false,1,1185503429,won_settlement_pending,45,25,20,,,19901,4,levels_pack_501_600.json#level_519,
520,L520_FULL_SYSTEM_MASTERY,special_floating_island,timed_infinite_shots,false,false,1,3832660634,lost_objective,,42,,90,0,10495,15,levels_pack_501_600.json#level_520,
521,L521_FULL_SYSTEM_MASTERY,normal,shot_limited,false,false,1,2050507819,lost_objective,41,15,26,,,5490,0,levels_pack_501_600.json#level_521,
522,L522_FULL_SYSTEM_MASTERY,normal,shot_limited,false,false,1,432066552,lost_objective,42,30,12,,,4615,0,levels_pack_501_600.json#level_522,
523,L523_FULL_SYSTEM_MASTERY,normal,shot_limited,false,false,1,3213586825,out_of_shots_add_ball_prompt,42,42,0,,,1810,49,levels_pack_501_600.json#level_523,
524,L524_FULL_SYSTEM_MASTERY,normal,shot_limited,false,false,1,1565784926,lost_objective,42,16,26,,,8488,2,levels_pack_501_600.json#level_524,
525,L525_TRAPPED_SPRITE_RESCUE,trapped_sprite_rescue,shot_limited,true,false,1,4078592751,won_settlement_pending,41,14,27,,,31695,0,levels_pack_501_600.json#level_525,
526,L526_FULL_SYSTEM_MASTERY,normal,shot_limited,false,false,1,2434983100,lost_objective,43,30,13,,,4344,0,levels_pack_501_600.json#level_526,
527,L527_FULL_SYSTEM_MASTERY,normal,shot_limited,false,false,1,820866637,lost_objective,43,20,23,,,4485,4,levels_pack_501_600.json#level_527,
528,L528_FULL_SYSTEM_MASTERY,normal,shot_limited,false,false,1,3602124802,lost_objective,44,27,17,,,3959,4,levels_pack_501_600.json#level_528,
529,L529_FULL_SYSTEM_MASTERY,normal,shot_limited,false,false,1,1954323411,lost_objective,45,25,20,,,4352,4,levels_pack_501_600.json#level_529,
530,L530_FULL_SYSTEM_MASTERY,special_floating_island,timed_infinite_shots,false,false,1,168238432,lost_objective,,24,,90,38.85,9660,4,levels_pack_501_600.json#level_530,
531,L531_FULL_SYSTEM_MASTERY,normal,shot_limited,false,false,1,2848950065,lost_objective,41,17,24,,,7221,0,levels_pack_501_600.json#level_531,
532,L532_FULL_SYSTEM_MASTERY,normal,shot_limited,false,false,1,1335234246,lost_objective,42,29,13,,,4842,0,levels_pack_501_600.json#level_532,
533,L533_FULL_SYSTEM_MASTERY,normal,shot_limited,false,false,1,3982405783,lost_objective,42,15,27,,,8044,0,levels_pack_501_600.json#level_533,
534,L534_FULL_SYSTEM_MASTERY,normal,shot_limited,true,false,1,2204711460,won_settlement_pending,42,28,14,,,18288,2,levels_pack_501_600.json#level_534,
535,L535_FULL_SYSTEM_MASTERY,normal,shot_limited,false,false,1,556908021,lost_objective,42,17,25,,,3011,0,levels_pack_501_600.json#level_535,
536,L536_FULL_SYSTEM_MASTERY,normal,shot_limited,false,false,1,3237488522,lost_objective,43,6,37,,,4099,0,levels_pack_501_600.json#level_536,
537,L537_FULL_SYSTEM_MASTERY,normal,shot_limited,false,false,1,1719707995,lost_objective,43,29,14,,,4788,4,levels_pack_501_600.json#level_537,
538,L538_FULL_SYSTEM_MASTERY,normal,shot_limited,false,false,1,72044776,out_of_shots_add_ball_prompt,44,44,0,,,4185,48,levels_pack_501_600.json#level_538,
539,L539_FULL_SYSTEM_MASTERY,normal,shot_limited,false,false,1,2584992441,lost_objective,45,27,18,,,6953,4,levels_pack_501_600.json#level_539,
540,L540_FULL_SYSTEM_MASTERY,special_floating_island,timed_infinite_shots,false,false,1,970611790,lost_objective,,39,,90,0,8941,44,levels_pack_501_600.json#level_540,
541,L541_FULL_SYSTEM_MASTERY,normal,shot_limited,true,false,1,3756181023,won_settlement_pending,41,17,24,,,25323,0,levels_pack_501_600.json#level_541,
542,L542_TRAPPED_SPRITE_RESCUE,trapped_sprite_rescue,shot_limited,false,true,1,2108508588,simulator_error,41,12,29,,,5938,22,levels_pack_501_600.json#level_542,Trapped sprite rescue bubble impact requires an attachment cell.
543,L543_FULL_SYSTEM_MASTERY,normal,shot_limited,false,false,1,326497149,lost_objective,42,19,23,,,6137,0,levels_pack_501_600.json#level_543,
544,L544_FULL_SYSTEM_MASTERY,normal,shot_limited,false,false,1,2973529394,lost_objective,42,31,11,,,7795,2,levels_pack_501_600.json#level_544,
545,L545_FULL_SYSTEM_MASTERY,normal,shot_limited,true,false,1,1355087043,won_settlement_pending,42,18,24,,,15184,0,levels_pack_501_600.json#level_545,
546,L546_FULL_SYSTEM_MASTERY,normal,shot_limited,false,false,1,4136593040,lost_objective,43,30,13,,,6735,0,levels_pack_501_600.json#level_546,
547,L547_FULL_SYSTEM_MASTERY,normal,shot_limited,false,false,1,2488789025,lost_objective,43,30,13,,,6641,4,levels_pack_501_600.json#level_547,
548,L548_FULL_SYSTEM_MASTERY,normal,shot_limited,false,false,1,706647030,out_of_shots_add_ball_prompt,44,44,0,,,9684,53,levels_pack_501_600.json#level_548,
549,L549_FULL_SYSTEM_MASTERY,normal,shot_limited,false,false,1,3358135687,out_of_shots_add_ball_prompt,45,45,0,,,3099,88,levels_pack_501_600.json#level_549,
550,L550_FULL_SYSTEM_MASTERY,special_floating_island,timed_infinite_shots,true,false,1,1878105940,won,,23,,90,38.3,12885,4,levels_pack_501_600.json#level_550,
551,L551_FULL_SYSTEM_MASTERY,normal,shot_limited,true,false,1,230164197,won_settlement_pending,33,14,19,,,22267,0,levels_pack_501_600.json#level_551,
552,L552_FULL_SYSTEM_MASTERY,normal,shot_limited,false,false,1,2738915514,lost_objective,42,36,6,,,8247,0,levels_pack_501_600.json#level_552,
553,L553_FULL_SYSTEM_MASTERY,normal,shot_limited,false,false,1,1091252811,lost_objective,42,28,14,,,8082,0,levels_pack_501_600.json#level_553,
554,L554_FULL_SYSTEM_MASTERY,normal,shot_limited,true,false,1,3771970584,won_settlement_pending,42,22,20,,,15200,2,levels_pack_501_600.json#level_554,
555,L555_FULL_SYSTEM_MASTERY,normal,shot_limited,false,false,1,2258255785,lost_objective,42,37,5,,,8140,0,levels_pack_501_600.json#level_555,
556,L556_FULL_SYSTEM_MASTERY,normal,shot_limited,false,false,1,614637950,lost_objective,43,20,23,,,7954,0,levels_pack_501_600.json#level_556,
557,L557_FULL_SYSTEM_MASTERY,normal,shot_limited,false,false,1,3127716623,lost_objective,43,35,8,,,9061,4,levels_pack_501_600.json#level_557,
558,L558_FULL_SYSTEM_MASTERY,normal,shot_limited,false,false,1,1479922396,out_of_shots_add_ball_prompt,44,44,0,,,4036,64,levels_pack_501_600.json#level_558,
559,L559_FULL_SYSTEM_MASTERY,normal,shot_limited,false,false,1,4294726765,lost_objective,45,14,31,,,3965,4,levels_pack_501_600.json#level_559,
560,L560_FULL_SYSTEM_MASTERY,special_floating_island,timed_infinite_shots,false,false,1,2642730530,lost_objective,,41,,90,0,9297,34,levels_pack_501_600.json#level_560,
561,L561_FULL_SYSTEM_MASTERY,normal,shot_limited,true,false,1,860832243,won_settlement_pending,41,39,2,,,10183,0,levels_pack_501_600.json#level_561,
562,L562_FULL_SYSTEM_MASTERY,normal,shot_limited,false,false,1,3507997568,lost_objective,42,21,21,,,3716,0,levels_pack_501_600.json#level_562,
563,L563_TRAPPED_SPRITE_RESCUE,trapped_sprite_rescue,shot_limited,true,false,1,1893616977,won_settlement_pending,41,13,28,,,18648,0,levels_pack_501_600.json#level_563,
564,L564_FULL_SYSTEM_MASTERY,normal,shot_limited,false,false,1,384234726,lost_objective,42,23,19,,,6142,2,levels_pack_501_600.json#level_564,
565,L565_FULL_SYSTEM_MASTERY,normal,shot_limited,false,false,1,3031531191,lost_objective,42,25,17,,,8405,0,levels_pack_501_600.json#level_565,
566,L566_FULL_SYSTEM_MASTERY,normal,shot_limited,false,false,1,1249501252,out_of_shots_add_ball_prompt,43,43,0,,,5794,24,levels_pack_501_600.json#level_566,
567,L567_FULL_SYSTEM_MASTERY,normal,shot_limited,false,false,1,3892341269,lost_objective,43,22,21,,,9408,4,levels_pack_501_600.json#level_567,
568,L568_FULL_SYSTEM_MASTERY,normal,shot_limited,false,false,1,2412309930,lost_objective,44,37,7,,,8082,4,levels_pack_501_600.json#level_568,
569,L569_FULL_SYSTEM_MASTERY,normal,shot_limited,false,false,1,764647291,out_of_shots_add_ball_prompt,45,45,0,,,4131,60,levels_pack_501_600.json#level_569,
570,L570_FULL_SYSTEM_MASTERY,special_floating_island,timed_infinite_shots,false,false,1,3277461768,lost_objective,,16,,90,55.7,7509,4,levels_pack_501_600.json#level_570,
571,L571_FULL_SYSTEM_MASTERY,normal,shot_limited,false,false,1,1633845465,lost_objective,41,23,18,,,4538,0,levels_pack_501_600.json#level_571,
572,L572_FULL_SYSTEM_MASTERY,normal,shot_limited,true,false,1,120392302,won_settlement_pending,42,22,20,,,29190,0,levels_pack_501_600.json#level_572,
573,L573_FULL_SYSTEM_MASTERY,normal,shot_limited,false,false,1,2801110079,lost_objective,42,22,20,,,5140,0,levels_pack_501_600.json#level_573,
574,L574_FULL_SYSTEM_MASTERY,normal,shot_limited,false,false,1,1153185740,lost_objective,42,37,5,,,7916,2,levels_pack_501_600.json#level_574,
575,L575_FULL_SYSTEM_MASTERY,normal,shot_limited,true,false,1,3661937053,won_settlement_pending,42,29,13,,,14075,0,levels_pack_501_600.json#level_575,
576,L576_FULL_SYSTEM_MASTERY,normal,shot_limited,false,false,1,2014258002,lost_objective,43,25,18,,,4863,0,levels_pack_501_600.json#level_576,
577,L577_FULL_SYSTEM_MASTERY,normal,shot_limited,true,false,1,534227683,won_settlement_pending,43,43,0,,,14783,4,levels_pack_501_600.json#level_577,
578,L578_FULL_SYSTEM_MASTERY,normal,shot_limited,true,false,1,3181259952,won_settlement_pending,44,26,18,,,15411,4,levels_pack_501_600.json#level_578,
579,L579_FULL_SYSTEM_MASTERY,normal,shot_limited,false,false,1,1403442753,lost_objective,45,44,1,,,5872,4,levels_pack_501_600.json#level_579,
580,L580_FULL_SYSTEM_MASTERY,special_floating_island,timed_infinite_shots,false,false,1,4050737174,lost_objective,,25,,90,37.45,8816,4,levels_pack_501_600.json#level_580,
581,L581_FULL_SYSTEM_MASTERY,normal,shot_limited,true,false,1,2537145255,won_settlement_pending,41,19,22,,,32192,0,levels_pack_501_600.json#level_581,
582,L582_FULL_SYSTEM_MASTERY,normal,shot_limited,true,false,1,918570356,won_settlement_pending,42,29,13,,,19757,0,levels_pack_501_600.json#level_582,
583,L583_FULL_SYSTEM_MASTERY,normal,shot_limited,false,false,1,3565735685,lost_objective,42,27,15,,,6032,0,levels_pack_501_600.json#level_583,
584,L584_FULL_SYSTEM_MASTERY,normal,shot_limited,true,false,1,1783854810,won_settlement_pending,42,25,17,,,32269,2,levels_pack_501_600.json#level_584,
585,L585_FULL_SYSTEM_MASTERY,normal,shot_limited,false,false,1,136050795,lost_objective,42,32,10,,,6794,0,levels_pack_501_600.json#level_585,
586,L586_TRAPPED_SPRITE_RESCUE,trapped_sprite_rescue,shot_limited,false,true,1,2921488952,simulator_error,42,28,14,,,2019,53,levels_pack_501_600.json#level_586,Trapped sprite rescue bubble impact requires an attachment cell.
587,L587_FULL_SYSTEM_MASTERY,normal,shot_limited,true,false,1,1307239881,won_settlement_pending,43,30,13,,,41361,4,levels_pack_501_600.json#level_587,
588,L588_FULL_SYSTEM_MASTERY,normal,shot_limited,true,false,1,3820318622,won_settlement_pending,44,39,5,,,16772,4,levels_pack_501_600.json#level_588,
589,L589_FULL_SYSTEM_MASTERY,normal,shot_limited,true,false,1,2172391727,won_settlement_pending,45,28,17,,,15264,4,levels_pack_501_600.json#level_589,
590,L590_FULL_SYSTEM_MASTERY,special_floating_island,timed_infinite_shots,true,false,1,654612732,won,,39,,90,5.6,12072,4,levels_pack_501_600.json#level_590,
591,L591_FULL_SYSTEM_MASTERY,normal,shot_limited,true,false,1,3335455373,won_settlement_pending,41,15,26,,,23210,0,levels_pack_501_600.json#level_591,
592,L592_FULL_SYSTEM_MASTERY,normal,shot_limited,true,false,1,1687651394,won_settlement_pending,42,27,15,,,18251,0,levels_pack_501_600.json#level_592,
593,L593_FULL_SYSTEM_MASTERY,normal,shot_limited,true,false,1,4200467987,won_settlement_pending,42,26,16,,,12343,0,levels_pack_501_600.json#level_593,
594,L594_FULL_SYSTEM_MASTERY,normal,shot_limited,true,false,1,2556866976,won_settlement_pending,42,28,14,,,12227,2,levels_pack_501_600.json#level_594,
595,L595_FULL_SYSTEM_MASTERY,normal,shot_limited,false,false,1,1043413873,lost_objective,42,27,15,,,5511,0,levels_pack_501_600.json#level_595,
596,L596_FULL_SYSTEM_MASTERY,normal,shot_limited,true,false,1,3724131590,won_settlement_pending,43,9,34,,,14143,0,levels_pack_501_600.json#level_596,
597,L597_FULL_SYSTEM_MASTERY,normal,shot_limited,false,false,1,1937777879,lost_objective,43,26,17,,,6261,4,levels_pack_501_600.json#level_597,
598,L598_FULL_SYSTEM_MASTERY,normal,shot_limited,false,false,1,289975908,out_of_shots_add_ball_prompt,44,44,0,,,6287,60,levels_pack_501_600.json#level_598,
599,L599_TRAPPED_SPRITE_RESCUE,trapped_sprite_rescue,shot_limited,false,true,1,3071496245,simulator_error,43,12,31,,,7455,20,levels_pack_501_600.json#level_599,Trapped sprite rescue bubble impact requires an attachment cell.
600,L600_FULL_SYSTEM_MASTERY,special_floating_island,timed_infinite_shots,false,false,1,1457249226,lost_objective,,41,,90,0,4525,44,levels_pack_501_600.json#level_600,
601,L601_BLAST_CHAIN_ROUTES,normal,shot_limited,false,false,1,4108475803,lost_objective,41,27,14,,,6304,0,levels_pack_601_700.json#level_601,
602,L602_BLAST_CHAIN_ROUTES,normal,shot_limited,false,false,1,2326447912,lost_objective,42,28,14,,,5159,0,levels_pack_601_700.json#level_602,
603,L603_BLAST_CHAIN_ROUTES,normal,shot_limited,true,false,1,678776569,won_settlement_pending,42,18,24,,,11499,0,levels_pack_601_700.json#level_603,
604,L604_BLAST_CHAIN_ROUTES,normal,shot_limited,true,false,1,3460165774,won_settlement_pending,42,23,19,,,14159,2,levels_pack_601_700.json#level_604,
605,L605_BLAST_CHAIN_ROUTES,normal,shot_limited,false,false,1,1841592927,lost_objective,42,17,25,,,8434,0,levels_pack_601_700.json#level_605,
606,L606_BLAST_CHAIN_ROUTES,normal,shot_limited,true,false,1,59571692,won_settlement_pending,42,25,17,,,13175,0,levels_pack_601_700.json#level_606,
607,L607_BLAST_CHAIN_ROUTES,normal,shot_limited,true,false,1,2706859965,won_settlement_pending,44,17,27,,,19331,4,levels_pack_601_700.json#level_607,
608,L608_BLAST_CHAIN_ROUTES,normal,shot_limited,false,false,1,1193273714,lost_objective,43,21,22,,,7934,4,levels_pack_601_700.json#level_608,
609,L609_BLAST_CHAIN_ROUTES,normal,shot_limited,false,false,1,3844510467,out_of_shots_add_ball_prompt,45,45,0,,,7416,20,levels_pack_601_700.json#level_609,
610,L610_BLAST_CHAIN_ROUTES,special_floating_island,timed_infinite_shots,false,false,1,2230393552,lost_objective,,41,,90,0,4132,74,levels_pack_601_700.json#level_610,
611,L611_BLAST_CHAIN_ROUTES,normal,shot_limited,false,false,1,448371809,lost_objective,41,26,15,,,5182,0,levels_pack_601_700.json#level_611,
612,L612_BLAST_CHAIN_ROUTES,normal,shot_limited,true,false,1,3091203638,won_settlement_pending,42,18,24,,,18069,0,levels_pack_601_700.json#level_612,
613,L613_BLAST_CHAIN_ROUTES,normal,shot_limited,false,false,1,1577617863,out_of_shots_add_ball_prompt,42,42,0,,,7603,13,levels_pack_601_700.json#level_613,
614,L614_BLAST_CHAIN_ROUTES,normal,shot_limited,true,false,1,4258476948,won_settlement_pending,42,29,13,,,22305,2,levels_pack_601_700.json#level_614,
615,L615_BLAST_CHAIN_ROUTES,normal,shot_limited,false,false,1,2476455205,lost_objective,42,18,24,,,7853,0,levels_pack_601_700.json#level_615,
616,L616_BLAST_CHAIN_ROUTES,normal,shot_limited,true,false,1,832716026,won_settlement_pending,42,14,28,,,13185,0,levels_pack_601_700.json#level_616,
617,L617_BLAST_CHAIN_ROUTES,normal,shot_limited,true,false,1,3614090891,won_settlement_pending,44,34,10,,,13954,4,levels_pack_601_700.json#level_617,
618,L618_BLAST_CHAIN_ROUTES,normal,shot_limited,false,false,1,1966418008,lost_objective,43,20,23,,,9405,4,levels_pack_601_700.json#level_618,
619,L619_BLAST_CHAIN_ROUTES,normal,shot_limited,false,false,1,352179177,out_of_shots_add_ball_prompt,45,45,0,,,5806,84,levels_pack_601_700.json#level_619,
620,L620_BLAST_CHAIN_ROUTES,special_floating_island,timed_infinite_shots,true,false,1,2860799422,won,,31,,90,29.3,11102,4,levels_pack_601_700.json#level_620,
621,L621_BLAST_CHAIN_ROUTES,normal,shot_limited,true,false,1,1212997455,won_settlement_pending,41,17,24,,,33468,0,levels_pack_601_700.json#level_621,
622,L622_BLAST_CHAIN_ROUTES,normal,shot_limited,true,false,1,3994501404,won_settlement_pending,42,27,15,,,11473,0,levels_pack_601_700.json#level_622,
623,L623_BLAST_CHAIN_ROUTES,normal,shot_limited,false,false,1,2380253357,lost_objective,42,24,18,,,6057,0,levels_pack_601_700.json#level_623,
624,L624_BLAST_CHAIN_ROUTES,normal,shot_limited,true,false,1,602305122,won_settlement_pending,42,4,38,,,17092,2,levels_pack_601_700.json#level_624,
625,L625_TRAPPED_SPRITE_RESCUE,trapped_sprite_rescue,shot_limited,false,true,1,3249468467,simulator_error,41,6,35,,,927,104,levels_pack_601_700.json#level_625,Trapped sprite rescue bubble impact requires an attachment cell.
626,L626_BLAST_CHAIN_ROUTES,normal,shot_limited,true,false,1,1736015808,won_settlement_pending,42,29,13,,,14746,0,levels_pack_601_700.json#level_626,
627,L627_BLAST_CHAIN_ROUTES,normal,shot_limited,true,false,1,84009361,won_settlement_pending,44,33,11,,,11412,4,levels_pack_601_700.json#level_627,
628,L628_BLAST_CHAIN_ROUTES,normal,shot_limited,true,false,1,2764598054,won_settlement_pending,43,30,13,,,17964,4,levels_pack_601_700.json#level_628,
629,L629_BLAST_CHAIN_ROUTES,normal,shot_limited,false,false,1,982717175,lost_objective,45,17,28,,,6348,4,levels_pack_601_700.json#level_629,
630,L630_BLAST_CHAIN_ROUTES,special_floating_island,timed_infinite_shots,true,false,1,3629880452,won,,14,,90,58.7,9823,4,levels_pack_601_700.json#level_630,
631,L631_BLAST_CHAIN_ROUTES,normal,shot_limited,true,false,1,2120359509,won_settlement_pending,41,15,26,,,25290,0,levels_pack_601_700.json#level_631,
632,L632_BLAST_CHAIN_ROUTES,normal,shot_limited,true,false,1,472547818,won_settlement_pending,42,25,17,,,18165,0,levels_pack_601_700.json#level_632,
633,L633_BLAST_CHAIN_ROUTES,normal,shot_limited,true,false,1,3019180987,won_settlement_pending,42,36,6,,,21231,0,levels_pack_601_700.json#level_633,
634,L634_BLAST_CHAIN_ROUTES,normal,shot_limited,true,false,1,1371376968,won_settlement_pending,42,30,12,,,12267,2,levels_pack_601_700.json#level_634,
635,L635_BLAST_CHAIN_ROUTES,normal,shot_limited,true,false,1,4148442905,won_settlement_pending,42,23,19,,,14925,0,levels_pack_601_700.json#level_635,
636,L636_BLAST_CHAIN_ROUTES,normal,shot_limited,true,false,1,2500640430,won_settlement_pending,42,22,20,,,21910,0,levels_pack_601_700.json#level_636,
637,L637_BLAST_CHAIN_ROUTES,normal,shot_limited,true,false,1,886513791,won_settlement_pending,44,14,30,,,26667,4,levels_pack_601_700.json#level_637,
638,L638_BLAST_CHAIN_ROUTES,normal,shot_limited,false,false,1,3399461388,lost_objective,43,8,35,,,6485,4,levels_pack_601_700.json#level_638,
639,L639_BLAST_CHAIN_ROUTES,normal,shot_limited,false,false,1,1755721181,lost_objective,45,16,29,,,3945,4,levels_pack_601_700.json#level_639,
640,L640_BLAST_CHAIN_ROUTES,special_floating_island,timed_infinite_shots,false,false,1,242145170,lost_objective,,29,,90,30.25,7977,4,levels_pack_601_700.json#level_640,
641,L641_BLAST_CHAIN_ROUTES,normal,shot_limited,false,false,1,2889439523,lost_objective,41,12,29,,,7029,0,levels_pack_601_700.json#level_641,
642,L642_TRAPPED_SPRITE_RESCUE,trapped_sprite_rescue,shot_limited,false,true,1,1136771312,simulator_error,41,16,25,,,3133,63,levels_pack_601_700.json#level_642,Trapped sprite rescue bubble impact requires an attachment cell.
643,L643_BLAST_CHAIN_ROUTES,normal,shot_limited,false,false,1,3783805569,lost_objective,42,26,16,,,5606,0,levels_pack_601_700.json#level_643,
644,L644_BLAST_CHAIN_ROUTES,normal,shot_limited,false,false,1,2270219350,lost_objective,42,29,13,,,4347,2,levels_pack_601_700.json#level_644,
645,L645_BLAST_CHAIN_ROUTES,normal,shot_limited,false,false,1,622557159,lost_objective,42,19,23,,,8429,0,levels_pack_601_700.json#level_645,
646,L646_BLAST_CHAIN_ROUTES,normal,shot_limited,true,false,1,3139697076,won_settlement_pending,42,20,22,,,14507,0,levels_pack_601_700.json#level_646,
647,L647_BLAST_CHAIN_ROUTES,normal,shot_limited,false,false,1,1525310277,lost_objective,44,20,24,,,5998,4,levels_pack_601_700.json#level_647,
648,L648_BLAST_CHAIN_ROUTES,normal,shot_limited,false,false,1,4172473626,lost_objective,43,17,26,,,4996,4,levels_pack_601_700.json#level_648,
649,L649_BLAST_CHAIN_ROUTES,normal,shot_limited,false,false,1,2659019947,lost_objective,45,28,17,,,6300,4,levels_pack_601_700.json#level_649,
650,L650_BLAST_CHAIN_ROUTES,special_floating_island,timed_infinite_shots,false,false,1,1006900856,lost_objective,,46,,90,0,1532,94,levels_pack_601_700.json#level_650,
651,L651_BLAST_CHAIN_ROUTES,normal,shot_limited,true,false,1,3553400841,won_settlement_pending,41,22,19,,,24825,0,levels_pack_601_700.json#level_651,
652,L652_BLAST_CHAIN_ROUTES,normal,shot_limited,false,false,1,1905722334,lost_objective,42,18,24,,,5215,0,levels_pack_601_700.json#level_652,
653,L653_BLAST_CHAIN_ROUTES,normal,shot_limited,true,false,1,392136047,won_settlement_pending,42,26,16,,,14225,0,levels_pack_601_700.json#level_653,
654,L654_BLAST_CHAIN_ROUTES,normal,shot_limited,false,false,1,3043364668,lost_objective,42,28,14,,,8625,2,levels_pack_601_700.json#level_654,
655,L655_BLAST_CHAIN_ROUTES,normal,shot_limited,false,false,1,1261352653,lost_objective,42,11,31,,,8569,0,levels_pack_601_700.json#level_655,
656,L656_BLAST_CHAIN_ROUTES,normal,shot_limited,false,false,1,3942201474,lost_objective,42,22,20,,,7518,0,levels_pack_601_700.json#level_656,
657,L657_BLAST_CHAIN_ROUTES,normal,shot_limited,true,false,1,2290197075,won_settlement_pending,44,39,5,,,14899,4,levels_pack_601_700.json#level_657,
658,L658_BLAST_CHAIN_ROUTES,normal,shot_limited,true,false,1,776480224,won_settlement_pending,43,18,25,,,11166,4,levels_pack_601_700.json#level_658,
659,L659_BLAST_CHAIN_ROUTES,normal,shot_limited,false,false,1,3423645617,lost_objective,45,42,3,,,5377,4,levels_pack_601_700.json#level_659,
660,L660_BLAST_CHAIN_ROUTES,special_floating_island,timed_infinite_shots,false,false,1,1675317574,lost_objective,,47,,90,0,8693,50,levels_pack_601_700.json#level_660,
661,L661_BLAST_CHAIN_ROUTES,normal,shot_limited,false,false,1,31709975,lost_objective,41,34,7,,,7513,0,levels_pack_601_700.json#level_661,
662,L662_BLAST_CHAIN_ROUTES,normal,shot_limited,true,false,1,2812953252,won_settlement_pending,42,23,19,,,21229,0,levels_pack_601_700.json#level_662,
663,L663_TRAPPED_SPRITE_RESCUE,trapped_sprite_rescue,shot_limited,true,false,1,1165149301,won_settlement_pending,41,27,14,,,20508,0,levels_pack_601_700.json#level_663,
664,L664_BLAST_CHAIN_ROUTES,normal,shot_limited,true,false,1,3678227978,won_settlement_pending,42,12,30,,,33666,2,levels_pack_601_700.json#level_664,
665,L665_BLAST_CHAIN_ROUTES,normal,shot_limited,true,false,1,2059792859,won_settlement_pending,42,20,22,,,25312,0,levels_pack_601_700.json#level_665,
666,L666_BLAST_CHAIN_ROUTES,normal,shot_limited,false,false,1,411859816,out_of_shots_add_ball_prompt,42,42,0,,,6072,45,levels_pack_601_700.json#level_666,
667,L667_BLAST_CHAIN_ROUTES,normal,shot_limited,true,false,1,3193240889,won_settlement_pending,44,17,27,,,31485,4,levels_pack_601_700.json#level_667,
668,L668_BLAST_CHAIN_ROUTES,normal,shot_limited,false,false,1,1545561294,out_of_shots_add_ball_prompt,43,43,0,,,24715,31,levels_pack_601_700.json#level_668,
669,L669_BLAST_CHAIN_ROUTES,normal,shot_limited,false,false,1,4062703263,out_of_shots_add_ball_prompt,45,45,0,,,5679,48,levels_pack_601_700.json#level_669,
670,L670_BLAST_CHAIN_ROUTES,special_floating_island,timed_infinite_shots,false,false,1,2448330796,lost_objective,,44,,90,0,2234,83,levels_pack_601_700.json#level_670,
671,L671_BLAST_CHAIN_ROUTES,normal,shot_limited,true,false,1,934878205,won_settlement_pending,41,23,18,,,10933,0,levels_pack_601_700.json#level_671,
672,L672_BLAST_CHAIN_ROUTES,normal,shot_limited,true,false,1,3577847218,won_settlement_pending,42,28,14,,,22858,0,levels_pack_601_700.json#level_672,
673,L673_BLAST_CHAIN_ROUTES,normal,shot_limited,true,false,1,1795688259,won_settlement_pending,42,39,3,,,16526,0,levels_pack_601_700.json#level_673,
674,L674_BLAST_CHAIN_ROUTES,normal,shot_limited,true,false,1,181438736,won_settlement_pending,42,16,26,,,38836,2,levels_pack_601_700.json#level_674,
675,L675_BLAST_CHAIN_ROUTES,normal,shot_limited,true,false,1,2828742817,won_settlement_pending,42,36,6,,,12348,0,levels_pack_601_700.json#level_675,
676,L676_BLAST_CHAIN_ROUTES,normal,shot_limited,false,false,1,1319352950,lost_objective,42,27,15,,,7155,0,levels_pack_601_700.json#level_676,
677,L677_BLAST_CHAIN_ROUTES,normal,shot_limited,true,false,1,3966385159,won_settlement_pending,44,8,36,,,16146,4,levels_pack_601_700.json#level_677,
678,L678_BLAST_CHAIN_ROUTES,normal,shot_limited,false,false,1,2184357844,lost_objective,43,24,19,,,8552,4,levels_pack_601_700.json#level_678,
679,L679_BLAST_CHAIN_ROUTES,normal,shot_limited,false,false,1,570239333,lost_objective,45,34,11,,,7971,4,levels_pack_601_700.json#level_679,
680,L680_BLAST_CHAIN_ROUTES,special_floating_island,timed_infinite_shots,false,false,1,3347436346,lost_objective,,44,,90,0,3767,61,levels_pack_601_700.json#level_680,
681,L681_BLAST_CHAIN_ROUTES,normal,shot_limited,false,false,1,1699502795,lost_objective,41,19,22,,,6529,0,levels_pack_601_700.json#level_681,
682,L682_BLAST_CHAIN_ROUTES,normal,shot_limited,true,false,1,4212448408,won_settlement_pending,42,9,33,,,20894,0,levels_pack_601_700.json#level_682,
683,L683_BLAST_CHAIN_ROUTES,normal,shot_limited,false,false,1,2598323753,lost_objective,42,24,18,,,7502,0,levels_pack_601_700.json#level_683,
684,L684_BLAST_CHAIN_ROUTES,normal,shot_limited,true,false,1,954714622,won_settlement_pending,42,41,1,,,9563,2,levels_pack_601_700.json#level_684,
685,L685_BLAST_CHAIN_ROUTES,normal,shot_limited,true,false,1,3735974799,won_settlement_pending,42,42,0,,,11154,0,levels_pack_601_700.json#level_685,
686,L686_TRAPPED_SPRITE_RESCUE,trapped_sprite_rescue,shot_limited,false,true,1,2088170844,simulator_error,41,9,32,,,760,82,levels_pack_601_700.json#level_686,Trapped sprite rescue bubble impact requires an attachment cell.
687,L687_BLAST_CHAIN_ROUTES,normal,shot_limited,false,false,1,302087405,lost_objective,44,27,17,,,6216,4,levels_pack_601_700.json#level_687,
688,L688_BLAST_CHAIN_ROUTES,normal,shot_limited,false,false,1,2982799010,out_of_shots_add_ball_prompt,43,43,0,,,5108,56,levels_pack_601_700.json#level_688,
689,L689_BLAST_CHAIN_ROUTES,normal,shot_limited,false,false,1,1469081715,out_of_shots_add_ball_prompt,45,45,0,,,2319,75,levels_pack_601_700.json#level_689,
690,L690_BLAST_CHAIN_ROUTES,special_floating_island,timed_infinite_shots,false,false,1,4116386304,lost_objective,,41,,90,0,4519,57,levels_pack_601_700.json#level_690,
691,L691_BLAST_CHAIN_ROUTES,normal,shot_limited,true,false,1,2338559441,won_settlement_pending,41,29,12,,,12075,0,levels_pack_601_700.json#level_691,
692,L692_BLAST_CHAIN_ROUTES,normal,shot_limited,true,false,1,690626406,won_settlement_pending,42,22,20,,,21395,0,levels_pack_601_700.json#level_692,
693,L693_BLAST_CHAIN_ROUTES,normal,shot_limited,false,false,1,3371335991,lost_objective,42,27,15,,,8310,0,levels_pack_601_700.json#level_693,
694,L694_BLAST_CHAIN_ROUTES,normal,shot_limited,true,false,1,1857882308,won_settlement_pending,42,22,20,,,16240,2,levels_pack_601_700.json#level_694,
695,L695_BLAST_CHAIN_ROUTES,normal,shot_limited,false,false,1,205894293,lost_objective,42,15,27,,,6185,0,levels_pack_601_700.json#level_695,
696,L696_BLAST_CHAIN_ROUTES,normal,shot_limited,false,false,1,2718708778,lost_objective,42,24,18,,,8877,0,levels_pack_601_700.json#level_696,
697,L697_BLAST_CHAIN_ROUTES,normal,shot_limited,true,false,1,1104461819,won_settlement_pending,44,24,20,,,26638,4,levels_pack_601_700.json#level_697,
698,L698_BLAST_CHAIN_ROUTES,normal,shot_limited,false,false,1,3885965704,out_of_shots_add_ball_prompt,43,43,0,,,960,89,levels_pack_601_700.json#level_698,
699,L699_TRAPPED_SPRITE_RESCUE,trapped_sprite_rescue,shot_limited,true,false,1,2242358105,won_settlement_pending,43,22,21,,,14587,0,levels_pack_601_700.json#level_699,
700,L700_BLAST_CHAIN_ROUTES,special_floating_island,timed_infinite_shots,true,false,1,460215022,won,,14,,90,56.3,10098,4,levels_pack_601_700.json#level_700,
701,L701_GROWTH_AND_KEYS,normal,shot_limited,true,false,1,3107378367,won_settlement_pending,43,11,32,,,27225,0,levels_pack_701_800.json#level_701,
702,L702_GROWTH_AND_KEYS,normal,shot_limited,false,false,1,1489067596,lost_objective,44,40,4,,,7593,0,levels_pack_701_800.json#level_702,
703,L703_GROWTH_AND_KEYS,normal,shot_limited,false,false,1,4270440477,out_of_shots_add_ball_prompt,44,44,0,,,5328,41,levels_pack_701_800.json#level_703,
704,L704_GROWTH_AND_KEYS,normal,shot_limited,true,false,1,2622507986,won_settlement_pending,44,38,6,,,17224,2,levels_pack_701_800.json#level_704,
705,L705_GROWTH_AND_KEYS,normal,shot_limited,false,false,1,840486243,out_of_shots_add_ball_prompt,44,44,0,,,7862,30,levels_pack_701_800.json#level_705,
706,L706_GROWTH_AND_KEYS,normal,shot_limited,false,false,1,3491985200,out_of_shots_add_ball_prompt,45,45,0,,,3983,56,levels_pack_701_800.json#level_706,
707,L707_GROWTH_AND_KEYS,normal,shot_limited,true,false,1,2011954881,won_settlement_pending,46,40,6,,,16541,4,levels_pack_701_800.json#level_707,
708,L708_GROWTH_AND_KEYS,normal,shot_limited,false,false,1,364011670,out_of_shots_add_ball_prompt,46,46,0,,,2831,69,levels_pack_701_800.json#level_708,
709,L709_GROWTH_AND_KEYS,normal,shot_limited,false,false,1,2876959271,out_of_shots_add_ball_prompt,46,46,0,,,3572,97,levels_pack_701_800.json#level_709,
710,L710_GROWTH_AND_KEYS,special_floating_island,timed_infinite_shots,false,false,1,1225092596,lost_objective,,42,,90,0,6781,36,levels_pack_701_800.json#level_710,
711,L711_GROWTH_AND_KEYS,normal,shot_limited,false,false,1,3905689477,out_of_shots_add_ball_prompt,43,43,0,,,4591,22,levels_pack_701_800.json#level_711,
712,L712_GROWTH_AND_KEYS,normal,shot_limited,false,false,1,2392103258,lost_objective,44,26,18,,,6679,0,levels_pack_701_800.json#level_712,
713,L713_GROWTH_AND_KEYS,normal,shot_limited,true,false,1,744423659,won_settlement_pending,44,23,21,,,23472,0,levels_pack_701_800.json#level_713,
714,L714_GROWTH_AND_KEYS,normal,shot_limited,true,false,1,3261565624,won_settlement_pending,44,34,10,,,13486,2,levels_pack_701_800.json#level_714,
715,L715_GROWTH_AND_KEYS,normal,shot_limited,false,false,1,1613630537,lost_objective,45,35,10,,,7188,0,levels_pack_701_800.json#level_715,
716,L716_GROWTH_AND_KEYS,normal,shot_limited,false,false,1,133608990,out_of_shots_add_ball_prompt,45,45,0,,,5612,41,levels_pack_701_800.json#level_716,
717,L717_GROWTH_AND_KEYS,normal,shot_limited,false,false,1,2776709551,out_of_shots_add_ball_prompt,46,46,0,,,2652,83,levels_pack_701_800.json#level_717,
718,L718_GROWTH_AND_KEYS,normal,shot_limited,false,false,1,994681724,lost_objective,46,32,14,,,10663,4,levels_pack_701_800.json#level_718,
719,L719_GROWTH_AND_KEYS,normal,shot_limited,false,false,1,3641713933,out_of_shots_add_ball_prompt,46,46,0,,,5004,63,levels_pack_701_800.json#level_719,
720,L720_GROWTH_AND_KEYS,special_floating_island,timed_infinite_shots,false,false,1,2027465922,lost_objective,,45,,90,0,5320,82,levels_pack_701_800.json#level_720,
721,L721_GROWTH_AND_KEYS,normal,shot_limited,false,false,1,518215315,lost_objective,43,18,25,,,4448,0,levels_pack_701_800.json#level_721,
722,L722_GROWTH_AND_KEYS,normal,shot_limited,true,false,1,3165378592,won_settlement_pending,44,22,22,,,15221,0,levels_pack_701_800.json#level_722,
723,L723_GROWTH_AND_KEYS,normal,shot_limited,false,false,1,1383220209,out_of_shots_add_ball_prompt,44,44,0,,,2721,34,levels_pack_701_800.json#level_723,
724,L724_GROWTH_AND_KEYS,normal,shot_limited,false,false,1,4030383494,lost_objective,44,29,15,,,8049,2,levels_pack_701_800.json#level_724,
725,L725_TRAPPED_SPRITE_RESCUE,trapped_sprite_rescue,shot_limited,true,false,1,2546290519,won_settlement_pending,42,30,12,,,15949,0,levels_pack_701_800.json#level_725,
726,L726_GROWTH_AND_KEYS,normal,shot_limited,false,false,1,898496228,out_of_shots_add_ball_prompt,45,45,0,,,7706,25,levels_pack_701_800.json#level_726,
727,L727_GROWTH_AND_KEYS,normal,shot_limited,false,false,1,3411310773,lost_objective,46,21,25,,,8638,4,levels_pack_701_800.json#level_727,
728,L728_GROWTH_AND_KEYS,normal,shot_limited,false,false,1,1763500618,lost_objective,46,32,14,,,7827,4,levels_pack_701_800.json#level_728,
729,L729_GROWTH_AND_KEYS,normal,shot_limited,false,false,1,254239771,out_of_shots_add_ball_prompt,46,46,0,,,5055,52,levels_pack_701_800.json#level_729,
730,L730_GROWTH_AND_KEYS,special_floating_island,timed_infinite_shots,false,false,1,2934960040,lost_objective,,35,,90,18.5,7024,4,levels_pack_701_800.json#level_730,
731,L731_GROWTH_AND_KEYS,normal,shot_limited,false,false,1,1287033209,lost_objective,43,35,8,,,6830,0,levels_pack_701_800.json#level_731,
732,L732_GROWTH_AND_KEYS,normal,shot_limited,false,false,1,3795917582,out_of_shots_add_ball_prompt,44,44,0,,,6313,16,levels_pack_701_800.json#level_732,
733,L733_GROWTH_AND_KEYS,normal,shot_limited,false,false,1,2148106975,lost_objective,44,25,19,,,8387,0,levels_pack_701_800.json#level_733,
734,L734_GROWTH_AND_KEYS,normal,shot_limited,false,false,1,667944044,lost_objective,44,35,9,,,5144,2,levels_pack_701_800.json#level_734,
735,L735_GROWTH_AND_KEYS,normal,shot_limited,true,false,1,3315109437,won_settlement_pending,44,28,16,,,12767,0,levels_pack_701_800.json#level_735,
736,L736_GROWTH_AND_KEYS,normal,shot_limited,false,false,1,1537421810,lost_objective,45,40,5,,,9555,0,levels_pack_701_800.json#level_736,
737,L737_GROWTH_AND_KEYS,normal,shot_limited,false,false,1,4184587139,out_of_shots_add_ball_prompt,46,46,0,,,7542,27,levels_pack_701_800.json#level_737,
738,L738_GROWTH_AND_KEYS,normal,shot_limited,false,false,1,2670869840,out_of_shots_add_ball_prompt,46,46,0,,,4949,55,levels_pack_701_800.json#level_738,
739,L739_GROWTH_AND_KEYS,normal,shot_limited,false,false,1,1056613601,out_of_shots_add_ball_prompt,46,46,0,,,3976,73,levels_pack_701_800.json#level_739,
740,L740_GROWTH_AND_KEYS,special_floating_island,timed_infinite_shots,false,false,1,3699715766,lost_objective,,46,,90,0,1574,115,levels_pack_701_800.json#level_740,
741,L741_GROWTH_AND_KEYS,normal,shot_limited,false,false,1,1917702215,lost_objective,43,12,31,,,4929,0,levels_pack_701_800.json#level_741,
742,L742_TRAPPED_SPRITE_RESCUE,trapped_sprite_rescue,shot_limited,false,true,1,269769236,simulator_error,42,3,39,,,40,125,levels_pack_701_800.json#level_742,Trapped sprite rescue bubble impact requires an attachment cell.
743,L743_GROWTH_AND_KEYS,normal,shot_limited,true,false,1,3084705189,won_settlement_pending,44,27,17,,,17456,0,levels_pack_701_800.json#level_743,
744,L744_GROWTH_AND_KEYS,normal,shot_limited,true,false,1,1441220474,won_settlement_pending,44,22,22,,,24976,2,levels_pack_701_800.json#level_744,
745,L745_GROWTH_AND_KEYS,normal,shot_limited,false,false,1,3954166027,lost_objective,44,15,29,,,6713,0,levels_pack_701_800.json#level_745,
746,L746_GROWTH_AND_KEYS,normal,shot_limited,false,false,1,2306240728,out_of_shots_add_ball_prompt,45,45,0,,,3174,69,levels_pack_701_800.json#level_746,
747,L747_GROWTH_AND_KEYS,normal,shot_limited,false,false,1,792656489,lost_objective,46,27,19,,,7540,4,levels_pack_701_800.json#level_747,
748,L748_GROWTH_AND_KEYS,normal,shot_limited,false,false,1,3469311038,out_of_shots_add_ball_prompt,46,46,0,,,2382,88,levels_pack_701_800.json#level_748,
749,L749_GROWTH_AND_KEYS,normal,shot_limited,false,false,1,1821501391,out_of_shots_add_ball_prompt,46,46,0,,,5149,51,levels_pack_701_800.json#level_749,
750,L750_GROWTH_AND_KEYS,special_floating_island,timed_infinite_shots,false,false,1,39348636,lost_objective,,45,,90,0,5423,75,levels_pack_701_800.json#level_750,
751,L751_GROWTH_AND_KEYS,normal,shot_limited,true,false,1,2690847533,won_settlement_pending,35,11,24,,,26366,0,levels_pack_701_800.json#level_751,
752,L752_GROWTH_AND_KEYS,normal,shot_limited,false,false,1,1177262818,out_of_shots_add_ball_prompt,44,44,0,,,6623,47,levels_pack_701_800.json#level_752,
753,L753_GROWTH_AND_KEYS,normal,shot_limited,false,false,1,3857849523,lost_objective,44,40,4,,,8817,0,levels_pack_701_800.json#level_753,
754,L754_GROWTH_AND_KEYS,normal,shot_limited,false,false,1,2075821632,out_of_shots_add_ball_prompt,44,44,0,,,15775,15,levels_pack_701_800.json#level_754,
755,L755_GROWTH_AND_KEYS,normal,shot_limited,true,false,1,423954449,won_settlement_pending,44,19,25,,,14153,0,levels_pack_701_800.json#level_755,
756,L756_GROWTH_AND_KEYS,normal,shot_limited,false,false,1,3205346214,lost_objective,45,24,21,,,4949,0,levels_pack_701_800.json#level_756,
757,L757_GROWTH_AND_KEYS,normal,shot_limited,false,false,1,1590965623,lost_objective,46,30,16,,,7338,4,levels_pack_701_800.json#level_757,
758,L758_GROWTH_AND_KEYS,normal,shot_limited,false,false,1,4238130948,lost_objective,46,35,11,,,7311,4,levels_pack_701_800.json#level_758,
759,L759_GROWTH_AND_KEYS,normal,shot_limited,false,false,1,2460427989,out_of_shots_add_ball_prompt,46,46,0,,,7441,64,levels_pack_701_800.json#level_759,
760,L760_GROWTH_AND_KEYS,special_floating_island,timed_infinite_shots,false,false,1,812623978,lost_objective,,48,,90,0,1822,91,levels_pack_701_800.json#level_760,
761,L761_GROWTH_AND_KEYS,normal,shot_limited,false,false,1,3593884219,lost_objective,43,31,12,,,7030,0,levels_pack_701_800.json#level_761,
762,L762_GROWTH_AND_KEYS,normal,shot_limited,false,false,1,1979635144,lost_objective,44,30,14,,,8066,0,levels_pack_701_800.json#level_762,
763,L763_TRAPPED_SPRITE_RESCUE,trapped_sprite_rescue,shot_limited,false,true,1,193552281,simulator_error,42,6,36,,,608,90,levels_pack_701_800.json#level_763,Trapped sprite rescue bubble impact requires an attachment cell.
764,L764_GROWTH_AND_KEYS,normal,shot_limited,true,false,1,2840707374,won_settlement_pending,44,29,15,,,12243,2,levels_pack_701_800.json#level_764,
765,L765_GROWTH_AND_KEYS,normal,shot_limited,false,false,1,1326991615,lost_objective,44,23,21,,,6922,0,levels_pack_701_800.json#level_765,
766,L766_GROWTH_AND_KEYS,normal,shot_limited,false,false,1,3978359436,out_of_shots_add_ball_prompt,45,45,0,,,1401,95,levels_pack_701_800.json#level_766,
767,L767_GROWTH_AND_KEYS,normal,shot_limited,false,false,1,2364240989,lost_objective,46,32,14,,,5874,4,levels_pack_701_800.json#level_767,
768,L768_GROWTH_AND_KEYS,normal,shot_limited,false,false,1,582221330,out_of_shots_add_ball_prompt,46,46,0,,,5052,40,levels_pack_701_800.json#level_768,
769,L769_GROWTH_AND_KEYS,normal,shot_limited,false,false,1,3229245859,out_of_shots_add_ball_prompt,46,46,0,,,2025,92,levels_pack_701_800.json#level_769,
770,L770_GROWTH_AND_KEYS,special_floating_island,timed_infinite_shots,false,false,1,1711467376,lost_objective,,45,,90,0,2958,94,levels_pack_701_800.json#level_770,
771,L771_GROWTH_AND_KEYS,normal,shot_limited,false,false,1,97348865,lost_objective,43,28,15,,,6156,0,levels_pack_701_800.json#level_771,
772,L772_GROWTH_AND_KEYS,normal,shot_limited,false,false,1,2610173142,lost_objective,44,33,11,,,9093,0,levels_pack_701_800.json#level_772,
773,L773_GROWTH_AND_KEYS,normal,shot_limited,false,false,1,962371175,lost_objective,44,34,10,,,8212,0,levels_pack_701_800.json#level_773,
774,L774_GROWTH_AND_KEYS,normal,shot_limited,true,false,1,3748069428,won_settlement_pending,44,15,29,,,12820,2,levels_pack_701_800.json#level_774,
775,L775_GROWTH_AND_KEYS,normal,shot_limited,false,false,1,2100267973,lost_objective,44,40,4,,,5430,0,levels_pack_701_800.json#level_775,
776,L776_GROWTH_AND_KEYS,normal,shot_limited,false,false,1,485887386,out_of_shots_add_ball_prompt,45,45,0,,,2859,57,levels_pack_701_800.json#level_776,
777,L777_GROWTH_AND_KEYS,normal,shot_limited,false,false,1,2998843179,lost_objective,46,46,0,,,7914,4,levels_pack_701_800.json#level_777,
778,L778_GROWTH_AND_KEYS,normal,shot_limited,true,false,1,1346977528,won_settlement_pending,46,28,18,,,18000,4,levels_pack_701_800.json#level_778,
779,L779_GROWTH_AND_KEYS,normal,shot_limited,false,false,1,4128350345,out_of_shots_add_ball_prompt,46,46,0,,,3304,82,levels_pack_701_800.json#level_779,
780,L780_GROWTH_AND_KEYS,special_floating_island,timed_infinite_shots,false,false,1,2513971806,lost_objective,,46,,90,0,4499,71,levels_pack_701_800.json#level_780,
781,L781_GROWTH_AND_KEYS,normal,shot_limited,true,false,1,736144879,won_settlement_pending,43,34,9,,,19826,0,levels_pack_701_800.json#level_781,
782,L782_GROWTH_AND_KEYS,normal,shot_limited,false,false,1,3383449532,lost_objective,44,28,16,,,8084,0,levels_pack_701_800.json#level_782,
783,L783_GROWTH_AND_KEYS,normal,shot_limited,true,false,1,1869863245,won_settlement_pending,44,6,38,,,21586,0,levels_pack_701_800.json#level_783,
784,L784_GROWTH_AND_KEYS,normal,shot_limited,true,false,1,221922050,won_settlement_pending,44,40,4,,,12879,2,levels_pack_701_800.json#level_784,
785,L785_GROWTH_AND_KEYS,normal,shot_limited,true,false,1,2898447059,won_settlement_pending,44,19,25,,,21609,0,levels_pack_701_800.json#level_785,
786,L786_TRAPPED_SPRITE_RESCUE,trapped_sprite_rescue,shot_limited,true,false,1,1116556384,won_settlement_pending,42,23,19,,,48287,0,levels_pack_701_800.json#level_786,
787,L787_GROWTH_AND_KEYS,normal,shot_limited,false,false,1,3763729969,out_of_shots_add_ball_prompt,46,46,0,,,2190,81,levels_pack_701_800.json#level_787,
788,L788_GROWTH_AND_KEYS,normal,shot_limited,false,false,1,2250013126,out_of_shots_add_ball_prompt,46,46,0,,,5864,71,levels_pack_701_800.json#level_788,
789,L789_GROWTH_AND_KEYS,normal,shot_limited,false,false,1,606397335,out_of_shots_add_ball_prompt,46,46,0,,,2750,78,levels_pack_701_800.json#level_789,
790,L790_GROWTH_AND_KEYS,special_floating_island,timed_infinite_shots,false,false,1,3153028388,lost_objective,,43,,90,0,4151,90,levels_pack_701_800.json#level_790,
791,L791_GROWTH_AND_KEYS,normal,shot_limited,true,false,1,1505225973,won_settlement_pending,43,34,9,,,17392,0,levels_pack_701_800.json#level_791,
792,L792_GROWTH_AND_KEYS,normal,shot_limited,false,false,1,4286486154,lost_objective,44,21,23,,,7596,0,levels_pack_701_800.json#level_792,
793,L793_GROWTH_AND_KEYS,normal,shot_limited,false,false,1,2634618971,out_of_shots_add_ball_prompt,44,44,0,,,7237,41,levels_pack_701_800.json#level_793,
794,L794_GROWTH_AND_KEYS,normal,shot_limited,false,false,1,1020363752,out_of_shots_add_ball_prompt,44,44,0,,,5603,17,levels_pack_701_800.json#level_794,
795,L795_GROWTH_AND_KEYS,normal,shot_limited,false,false,1,3533178297,lost_objective,44,24,20,,,8879,0,levels_pack_701_800.json#level_795,
796,L796_GROWTH_AND_KEYS,normal,shot_limited,true,false,1,1889570638,won_settlement_pending,45,43,2,,,12773,0,levels_pack_701_800.json#level_796,
797,L797_GROWTH_AND_KEYS,normal,shot_limited,false,false,1,376123679,lost_objective,46,36,10,,,6891,4,levels_pack_701_800.json#level_797,
798,L798_GROWTH_AND_KEYS,normal,shot_limited,false,false,1,3023288492,out_of_shots_add_ball_prompt,46,46,0,,,2665,77,levels_pack_701_800.json#level_798,
799,L799_TRAPPED_SPRITE_RESCUE,trapped_sprite_rescue,shot_limited,false,true,1,1274684029,simulator_error,44,2,42,,,315,106,levels_pack_701_800.json#level_799,Trapped sprite rescue bubble impact requires an attachment cell.
800,L800_GROWTH_AND_KEYS,special_floating_island,timed_infinite_shots,false,false,1,3917653042,lost_objective,,46,,90,0,4999,76,levels_pack_701_800.json#level_800,
801,L801_SYMBOLIC_PATTERNS,normal,shot_limited,true,false,1,2404200387,won_settlement_pending,42,32,10,,,14866,0,levels_pack_801_900.json#level_801,
802,L802_SYMBOLIC_PATTERNS,normal,shot_limited,true,false,1,756404624,won_settlement_pending,42,15,27,,,18941,0,levels_pack_801_900.json#level_802,
803,L803_SYMBOLIC_PATTERNS,normal,shot_limited,false,false,1,3436993313,lost_objective,42,30,12,,,7733,0,levels_pack_801_900.json#level_803,
804,L804_SYMBOLIC_PATTERNS,normal,shot_limited,false,false,1,1659159286,out_of_shots_add_ball_prompt,42,42,0,,,6507,12,levels_pack_801_900.json#level_804,
805,L805_SYMBOLIC_PATTERNS,normal,shot_limited,false,false,1,11486343,lost_objective,43,25,18,,,8947,0,levels_pack_801_900.json#level_805,
806,L806_SYMBOLIC_PATTERNS,normal,shot_limited,false,false,1,2792869460,lost_objective,43,35,8,,,7964,0,levels_pack_801_900.json#level_806,
807,L807_SYMBOLIC_PATTERNS,normal,shot_limited,false,false,1,1144943077,lost_objective,44,16,28,,,5405,4,levels_pack_801_900.json#level_807,
808,L808_SYMBOLIC_PATTERNS,normal,shot_limited,false,false,1,3687250874,lost_objective,44,37,7,,,7636,4,levels_pack_801_900.json#level_808,
809,L809_SYMBOLIC_PATTERNS,normal,shot_limited,false,false,1,2039577931,out_of_shots_add_ball_prompt,44,44,0,,,3125,79,levels_pack_801_900.json#level_809,
810,L810_SYMBOLIC_PATTERNS,special_floating_island,timed_infinite_shots,false,false,1,525985560,lost_objective,,45,,90,0,3136,81,levels_pack_801_900.json#level_810,
811,L811_SYMBOLIC_PATTERNS,normal,shot_limited,false,false,1,3177213609,lost_objective,42,19,23,,,3621,0,levels_pack_801_900.json#level_811,
812,L812_SYMBOLIC_PATTERNS,normal,shot_limited,true,false,1,1395331198,won_settlement_pending,42,17,25,,,10911,0,levels_pack_801_900.json#level_812,
813,L813_SYMBOLIC_PATTERNS,normal,shot_limited,false,false,1,4076050959,lost_objective,42,26,16,,,6397,0,levels_pack_801_900.json#level_813,
814,L814_SYMBOLIC_PATTERNS,normal,shot_limited,false,false,1,2428116444,lost_objective,42,33,9,,,8956,2,levels_pack_801_900.json#level_814,
815,L815_SYMBOLIC_PATTERNS,normal,shot_limited,false,false,1,910329709,lost_objective,43,43,0,,,7501,0,levels_pack_801_900.json#level_815,
816,L816_SYMBOLIC_PATTERNS,normal,shot_limited,false,false,1,3557624098,out_of_shots_add_ball_prompt,43,43,0,,,2766,69,levels_pack_801_900.json#level_816,
817,L817_SYMBOLIC_PATTERNS,normal,shot_limited,false,false,1,1809166579,lost_objective,44,10,34,,,7636,4,levels_pack_801_900.json#level_817,
818,L818_SYMBOLIC_PATTERNS,normal,shot_limited,false,false,1,161233536,lost_objective,44,28,16,,,10265,4,levels_pack_801_900.json#level_818,
819,L819_SYMBOLIC_PATTERNS,normal,shot_limited,false,false,1,2946808913,lost_objective,44,36,8,,,7194,4,levels_pack_801_900.json#level_819,
820,L820_SYMBOLIC_PATTERNS,special_floating_island,timed_infinite_shots,false,false,1,1299130342,lost_objective,,45,,90,0,2127,97,levels_pack_801_900.json#level_820,
821,L821_SYMBOLIC_PATTERNS,normal,shot_limited,true,false,1,3812075959,won_settlement_pending,42,35,7,,,20038,0,levels_pack_801_900.json#level_821,
822,L822_SYMBOLIC_PATTERNS,normal,shot_limited,true,false,1,2197705540,won_settlement_pending,42,26,16,,,37081,0,levels_pack_801_900.json#level_822,
823,L823_SYMBOLIC_PATTERNS,normal,shot_limited,false,false,1,545707285,lost_objective,42,22,20,,,8299,0,levels_pack_801_900.json#level_823,
824,L824_SYMBOLIC_PATTERNS,normal,shot_limited,true,false,1,3327220906,won_settlement_pending,42,30,12,,,19358,2,levels_pack_801_900.json#level_824,
825,L825_TRAPPED_SPRITE_RESCUE,trapped_sprite_rescue,shot_limited,true,false,1,1679410811,won_settlement_pending,42,29,13,,,14990,0,levels_pack_801_900.json#level_825,
826,L826_SYMBOLIC_PATTERNS,normal,shot_limited,true,false,1,4196419592,won_settlement_pending,43,35,8,,,16554,0,levels_pack_801_900.json#level_826,
827,L827_SYMBOLIC_PATTERNS,normal,shot_limited,false,false,1,2582180825,lost_objective,44,30,14,,,8597,4,levels_pack_801_900.json#level_827,
828,L828_SYMBOLIC_PATTERNS,normal,shot_limited,false,false,1,1068725614,out_of_shots_add_ball_prompt,44,44,0,,,5819,59,levels_pack_801_900.json#level_828,
829,L829_SYMBOLIC_PATTERNS,normal,shot_limited,false,false,1,3715891007,out_of_shots_add_ball_prompt,44,44,0,,,4700,63,levels_pack_801_900.json#level_829,
830,L830_SYMBOLIC_PATTERNS,special_floating_island,timed_infinite_shots,false,false,1,1929537228,lost_objective,,44,,90,0,3043,81,levels_pack_801_900.json#level_830,
831,L831_SYMBOLIC_PATTERNS,normal,shot_limited,false,false,1,315287709,lost_objective,42,42,0,,,7881,0,levels_pack_801_900.json#level_831,
832,L832_SYMBOLIC_PATTERNS,normal,shot_limited,true,false,1,2962592338,won_settlement_pending,42,30,12,,,21337,0,levels_pack_801_900.json#level_832,
833,L833_SYMBOLIC_PATTERNS,normal,shot_limited,false,false,1,1448875491,out_of_shots_add_ball_prompt,42,42,0,,,8954,7,levels_pack_801_900.json#level_833,
834,L834_SYMBOLIC_PATTERNS,normal,shot_limited,true,false,1,4100235184,won_settlement_pending,42,24,18,,,22889,2,levels_pack_801_900.json#level_834,
835,L835_SYMBOLIC_PATTERNS,normal,shot_limited,false,false,1,2318336321,lost_objective,43,36,7,,,6344,0,levels_pack_801_900.json#level_835,
836,L836_SYMBOLIC_PATTERNS,normal,shot_limited,false,false,1,704088854,out_of_shots_add_ball_prompt,43,43,0,,,8058,13,levels_pack_801_900.json#level_836,
837,L837_SYMBOLIC_PATTERNS,normal,shot_limited,false,false,1,3485348519,out_of_shots_add_ball_prompt,44,44,0,,,6661,28,levels_pack_801_900.json#level_837,
838,L838_SYMBOLIC_PATTERNS,normal,shot_limited,false,false,1,1833350260,out_of_shots_add_ball_prompt,44,44,0,,,3557,63,levels_pack_801_900.json#level_838,
839,L839_SYMBOLIC_PATTERNS,normal,shot_limited,false,false,1,51461637,out_of_shots_add_ball_prompt,44,44,0,,,4601,52,levels_pack_801_900.json#level_839,
840,L840_SYMBOLIC_PATTERNS,special_floating_island,timed_infinite_shots,false,false,1,2732171738,lost_objective,,45,,90,0,2676,97,levels_pack_801_900.json#level_840,
841,L841_SYMBOLIC_PATTERNS,normal,shot_limited,true,false,1,1088433003,won_settlement_pending,42,30,12,,,13795,0,levels_pack_801_900.json#level_841,
842,L842_TRAPPED_SPRITE_RESCUE,trapped_sprite_rescue,shot_limited,false,false,1,3869814072,lost_objective,42,23,19,,,8323,0,levels_pack_801_900.json#level_842,
843,L843_SYMBOLIC_PATTERNS,normal,shot_limited,false,false,1,2222150857,lost_objective,42,29,13,,,3471,0,levels_pack_801_900.json#level_843,
844,L844_SYMBOLIC_PATTERNS,normal,shot_limited,true,false,1,440131230,won_settlement_pending,42,27,15,,,11902,2,levels_pack_801_900.json#level_844,
845,L845_SYMBOLIC_PATTERNS,normal,shot_limited,true,false,1,3116515375,won_settlement_pending,43,32,11,,,13667,0,levels_pack_801_900.json#level_845,
846,L846_SYMBOLIC_PATTERNS,normal,shot_limited,false,false,1,1602931708,lost_objective,43,42,1,,,6744,0,levels_pack_801_900.json#level_846,
847,L847_SYMBOLIC_PATTERNS,normal,shot_limited,false,false,1,4250226061,lost_objective,44,35,9,,,6191,4,levels_pack_801_900.json#level_847,
848,L848_SYMBOLIC_PATTERNS,normal,shot_limited,false,false,1,2468214594,out_of_shots_add_ball_prompt,44,44,0,,,4571,47,levels_pack_801_900.json#level_848,
849,L849_SYMBOLIC_PATTERNS,normal,shot_limited,false,false,1,824473875,out_of_shots_add_ball_prompt,44,44,0,,,5029,65,levels_pack_801_900.json#level_849,
850,L850_SYMBOLIC_PATTERNS,special_floating_island,timed_infinite_shots,false,false,1,3505184928,lost_objective,,45,,90,0,3871,61,levels_pack_801_900.json#level_850,
851,L851_SYMBOLIC_PATTERNS,normal,shot_limited,false,false,1,1991731825,lost_objective,42,30,12,,,6014,0,levels_pack_801_900.json#level_851,
852,L852_SYMBOLIC_PATTERNS,normal,shot_limited,false,false,1,343927814,lost_objective,43,28,15,,,5436,0,levels_pack_801_900.json#level_852,
853,L853_SYMBOLIC_PATTERNS,normal,shot_limited,false,false,1,2852558807,out_of_shots_add_ball_prompt,42,42,0,,,3042,31,levels_pack_801_900.json#level_853,
854,L854_SYMBOLIC_PATTERNS,normal,shot_limited,false,false,1,1238440292,out_of_shots_add_ball_prompt,43,43,0,,,7334,33,levels_pack_801_900.json#level_854,
855,L855_SYMBOLIC_PATTERNS,normal,shot_limited,false,false,1,4019815221,lost_objective,43,34,9,,,7052,0,levels_pack_801_900.json#level_855,
856,L856_SYMBOLIC_PATTERNS,normal,shot_limited,false,false,1,2376075978,lost_objective,43,20,23,,,4076,0,levels_pack_801_900.json#level_856,
857,L857_SYMBOLIC_PATTERNS,normal,shot_limited,false,false,1,594054299,lost_objective,44,38,6,,,7714,4,levels_pack_801_900.json#level_857,
858,L858_SYMBOLIC_PATTERNS,normal,shot_limited,true,false,1,3241358888,won_settlement_pending,44,24,20,,,32168,4,levels_pack_801_900.json#level_858,
859,L859_SYMBOLIC_PATTERNS,normal,shot_limited,false,false,1,1627109881,out_of_shots_add_ball_prompt,45,45,0,,,5007,73,levels_pack_801_900.json#level_859,
860,L860_SYMBOLIC_PATTERNS,special_floating_island,timed_infinite_shots,false,false,1,109192078,lost_objective,,42,,90,0,3191,74,levels_pack_801_900.json#level_860,
861,L861_SYMBOLIC_PATTERNS,normal,shot_limited,true,false,1,2756355423,won_settlement_pending,42,25,17,,,24121,0,levels_pack_801_900.json#level_861,
862,L862_SYMBOLIC_PATTERNS,normal,shot_limited,true,false,1,974466284,won_settlement_pending,43,31,12,,,19640,0,levels_pack_801_900.json#level_862,
863,L863_TRAPPED_SPRITE_RESCUE,trapped_sprite_rescue,shot_limited,false,true,1,3655194301,simulator_error,42,36,6,,,4105,40,levels_pack_801_900.json#level_863,Trapped sprite rescue bubble impact requires an attachment cell.
864,L864_SYMBOLIC_PATTERNS,normal,shot_limited,false,false,1,2145671282,out_of_shots_add_ball_prompt,43,43,0,,,7191,22,levels_pack_801_900.json#level_864,
865,L865_SYMBOLIC_PATTERNS,normal,shot_limited,true,false,1,497861123,won_settlement_pending,43,18,25,,,23947,0,levels_pack_801_900.json#level_865,
866,L866_SYMBOLIC_PATTERNS,normal,shot_limited,false,false,1,3010938320,out_of_shots_add_ball_prompt,43,43,0,,,13084,24,levels_pack_801_900.json#level_866,
867,L867_SYMBOLIC_PATTERNS,normal,shot_limited,true,false,1,1363136353,won_settlement_pending,44,27,17,,,18639,4,levels_pack_801_900.json#level_867,
868,L868_SYMBOLIC_PATTERNS,normal,shot_limited,false,false,1,4039536950,out_of_shots_add_ball_prompt,44,44,0,,,5553,48,levels_pack_801_900.json#level_868,
869,L869_SYMBOLIC_PATTERNS,normal,shot_limited,false,false,1,2525952199,out_of_shots_add_ball_prompt,45,45,0,,,5017,63,levels_pack_801_900.json#level_869,
870,L870_SYMBOLIC_PATTERNS,special_floating_island,timed_infinite_shots,false,false,1,878273172,lost_objective,,44,,90,0,2895,72,levels_pack_801_900.json#level_870,
871,L871_SYMBOLIC_PATTERNS,normal,shot_limited,false,false,1,3395413029,lost_objective,42,26,16,,,6257,0,levels_pack_801_900.json#level_871,
872,L872_SYMBOLIC_PATTERNS,normal,shot_limited,true,false,1,1747480570,won_settlement_pending,43,32,11,,,16215,0,levels_pack_801_900.json#level_872,
873,L873_SYMBOLIC_PATTERNS,normal,shot_limited,true,false,1,267587979,won_settlement_pending,42,40,2,,,10428,0,levels_pack_801_900.json#level_873,
874,L874_SYMBOLIC_PATTERNS,normal,shot_limited,true,false,1,2914753368,won_settlement_pending,43,21,22,,,32875,2,levels_pack_801_900.json#level_874,
875,L875_SYMBOLIC_PATTERNS,normal,shot_limited,false,false,1,1128399593,lost_objective,43,20,23,,,3816,0,levels_pack_801_900.json#level_875,
876,L876_SYMBOLIC_PATTERNS,normal,shot_limited,true,false,1,3775562942,won_settlement_pending,43,21,22,,,16693,0,levels_pack_801_900.json#level_876,
877,L877_SYMBOLIC_PATTERNS,normal,shot_limited,false,false,1,2161446479,out_of_shots_add_ball_prompt,44,44,0,,,6976,42,levels_pack_801_900.json#level_877,
878,L878_SYMBOLIC_PATTERNS,normal,shot_limited,false,false,1,647868444,lost_objective,44,32,12,,,9593,4,levels_pack_801_900.json#level_878,
879,L879_SYMBOLIC_PATTERNS,normal,shot_limited,false,false,1,3299097517,lost_objective,45,41,4,,,4781,6,levels_pack_801_900.json#level_879,
880,L880_SYMBOLIC_PATTERNS,special_floating_island,timed_infinite_shots,false,false,1,1517075810,lost_objective,,43,,90,0,5377,78,levels_pack_801_900.json#level_880,
881,L881_SYMBOLIC_PATTERNS,normal,shot_limited,false,false,1,4164364083,lost_objective,42,32,10,,,6297,0,levels_pack_801_900.json#level_881,
882,L882_SYMBOLIC_PATTERNS,normal,shot_limited,true,false,1,2684333760,won_settlement_pending,43,18,25,,,25590,0,levels_pack_801_900.json#level_882,
883,L883_SYMBOLIC_PATTERNS,normal,shot_limited,false,false,1,1032212625,lost_objective,42,31,11,,,4887,0,levels_pack_801_900.json#level_883,
884,L884_SYMBOLIC_PATTERNS,normal,shot_limited,true,false,1,3545160230,won_settlement_pending,43,20,23,,,16035,2,levels_pack_801_900.json#level_884,
885,L885_SYMBOLIC_PATTERNS,normal,shot_limited,false,false,1,1897487863,lost_objective,43,26,17,,,8761,0,levels_pack_801_900.json#level_885,
886,L886_TRAPPED_SPRITE_RESCUE,trapped_sprite_rescue,shot_limited,false,true,1,388089732,simulator_error,42,17,25,,,2565,72,levels_pack_801_900.json#level_886,Trapped sprite rescue bubble impact requires an attachment cell.
887,L887_SYMBOLIC_PATTERNS,normal,shot_limited,false,false,1,3068676437,out_of_shots_add_ball_prompt,44,44,0,,,11142,27,levels_pack_801_900.json#level_887,
888,L888_SYMBOLIC_PATTERNS,normal,shot_limited,false,false,1,1420882154,lost_objective,44,33,11,,,5483,4,levels_pack_801_900.json#level_888,
889,L889_SYMBOLIC_PATTERNS,normal,shot_limited,false,false,1,3933960891,out_of_shots_add_ball_prompt,45,45,0,,,2765,76,levels_pack_801_900.json#level_889,
890,L890_SYMBOLIC_PATTERNS,special_floating_island,timed_infinite_shots,false,false,1,2281962568,lost_objective,,46,,90,0,1760,112,levels_pack_801_900.json#level_890,
891,L891_SYMBOLIC_PATTERNS,normal,shot_limited,false,false,1,801793561,out_of_shots_add_ball_prompt,42,42,0,,,4430,35,levels_pack_801_900.json#level_891,
892,L892_SYMBOLIC_PATTERNS,normal,shot_limited,true,false,1,3448957358,won_settlement_pending,38,23,15,,,11727,0,levels_pack_801_900.json#level_892,
893,L893_SYMBOLIC_PATTERNS,normal,shot_limited,false,false,1,1667076991,lost_objective,42,12,30,,,4358,0,levels_pack_801_900.json#level_893,
894,L894_SYMBOLIC_PATTERNS,normal,shot_limited,true,false,1,23336204,won_settlement_pending,43,29,14,,,18979,2,levels_pack_801_900.json#level_894,
895,L895_SYMBOLIC_PATTERNS,normal,shot_limited,false,false,1,2804718813,lost_objective,43,18,25,,,7006,0,levels_pack_801_900.json#level_895,
896,L896_SYMBOLIC_PATTERNS,normal,shot_limited,true,false,1,1190594194,won_settlement_pending,43,5,38,,,24068,0,levels_pack_801_900.json#level_896,
897,L897_SYMBOLIC_PATTERNS,normal,shot_limited,false,false,1,3837757475,lost_objective,44,22,22,,,9395,4,levels_pack_801_900.json#level_897,
898,L898_SYMBOLIC_PATTERNS,normal,shot_limited,false,false,1,2051421168,out_of_shots_add_ball_prompt,44,44,0,,,4778,58,levels_pack_801_900.json#level_898,
899,L899_TRAPPED_SPRITE_RESCUE,trapped_sprite_rescue,shot_limited,true,false,1,403617153,won_settlement_pending,44,14,30,,,79983,0,levels_pack_801_900.json#level_899,
900,L900_SYMBOLIC_PATTERNS,special_floating_island,timed_infinite_shots,false,false,1,3218685782,lost_objective,,46,,90,0,2336,89,levels_pack_801_900.json#level_900,
901,L901_FULL_SYSTEM_MASTERY,normal,shot_limited,true,false,1,1575069415,won_settlement_pending,43,20,23,,,19889,0,levels_pack_901_1000.json#level_901,
902,L902_FULL_SYSTEM_MASTERY,normal,shot_limited,true,false,1,4087883956,won_settlement_pending,43,43,0,,,11037,0,levels_pack_901_1000.json#level_902,
903,L903_FULL_SYSTEM_MASTERY,normal,shot_limited,false,false,1,2440090181,lost_objective,43,21,22,,,7031,0,levels_pack_901_1000.json#level_903,
904,L904_FULL_SYSTEM_MASTERY,normal,shot_limited,false,false,1,926635034,lost_objective,43,29,14,,,6658,2,levels_pack_901_1000.json#level_904,
905,L905_FULL_SYSTEM_MASTERY,normal,shot_limited,true,false,1,3603161003,won_settlement_pending,43,42,1,,,10210,0,levels_pack_901_1000.json#level_905,
906,L906_FULL_SYSTEM_MASTERY,normal,shot_limited,false,false,1,1955217784,out_of_shots_add_ball_prompt,44,44,0,,,6666,49,levels_pack_901_1000.json#level_906,
907,L907_FULL_SYSTEM_MASTERY,normal,shot_limited,true,false,1,173198089,won_settlement_pending,44,41,3,,,18516,4,levels_pack_901_1000.json#level_907,
908,L908_FULL_SYSTEM_MASTERY,normal,shot_limited,true,false,1,2820502238,won_settlement_pending,45,16,29,,,30245,4,levels_pack_901_1000.json#level_908,
909,L909_FULL_SYSTEM_MASTERY,normal,shot_limited,false,false,1,1311110255,out_of_shots_add_ball_prompt,46,46,0,,,4978,73,levels_pack_901_1000.json#level_909,
910,L910_FULL_SYSTEM_MASTERY,special_floating_island,timed_infinite_shots,false,false,1,3991699004,lost_objective,,45,,90,0,2110,98,levels_pack_901_1000.json#level_910,
911,L911_FULL_SYSTEM_MASTERY,normal,shot_limited,true,false,1,2209669581,won_settlement_pending,43,12,31,,,36128,0,levels_pack_901_1000.json#level_911,
912,L912_FULL_SYSTEM_MASTERY,normal,shot_limited,false,false,1,561998722,lost_objective,43,19,24,,,7656,0,levels_pack_901_1000.json#level_912,
913,L913_FULL_SYSTEM_MASTERY,normal,shot_limited,false,false,1,3339185491,out_of_shots_add_ball_prompt,43,43,0,,,2320,53,levels_pack_901_1000.json#level_913,
914,L914_FULL_SYSTEM_MASTERY,normal,shot_limited,true,false,1,1724814560,won_settlement_pending,43,26,17,,,12591,2,levels_pack_901_1000.json#level_914,
915,L915_FULL_SYSTEM_MASTERY,normal,shot_limited,true,false,1,77143729,won_settlement_pending,43,20,23,,,22598,0,levels_pack_901_1000.json#level_915,
916,L916_FULL_SYSTEM_MASTERY,normal,shot_limited,false,false,1,2594275398,out_of_shots_add_ball_prompt,44,44,0,,,4777,54,levels_pack_901_1000.json#level_916,
917,L917_FULL_SYSTEM_MASTERY,normal,shot_limited,false,false,1,946342423,lost_objective,44,34,10,,,6348,4,levels_pack_901_1000.json#level_917,
918,L918_FULL_SYSTEM_MASTERY,normal,shot_limited,false,false,1,3727723940,out_of_shots_add_ball_prompt,45,45,0,,,7606,41,levels_pack_901_1000.json#level_918,
919,L919_FULL_SYSTEM_MASTERY,normal,shot_limited,false,false,1,2113615733,out_of_shots_add_ball_prompt,46,46,0,,,10027,72,levels_pack_901_1000.json#level_919,
920,L920_FULL_SYSTEM_MASTERY,special_floating_island,timed_infinite_shots,false,false,1,327399690,lost_objective,,45,,90,0,2147,94,levels_pack_901_1000.json#level_920,
921,L921_FULL_SYSTEM_MASTERY,normal,shot_limited,false,false,1,2974425307,lost_objective,43,40,3,,,4414,0,levels_pack_901_1000.json#level_921,
922,L922_FULL_SYSTEM_MASTERY,normal,shot_limited,false,false,1,1460841064,lost_objective,43,28,15,,,8541,0,levels_pack_901_1000.json#level_922,
923,L923_FULL_SYSTEM_MASTERY,normal,shot_limited,false,false,1,4141689913,lost_objective,43,25,18,,,9252,0,levels_pack_901_1000.json#level_923,
924,L924_FULL_SYSTEM_MASTERY,normal,shot_limited,false,false,1,2498090958,out_of_shots_add_ball_prompt,43,43,0,,,12232,11,levels_pack_901_1000.json#level_924,
925,L925_TRAPPED_SPRITE_RESCUE,trapped_sprite_rescue,shot_limited,false,true,1,715938207,simulator_error,42,4,38,,,350,98,levels_pack_901_1000.json#level_925,Trapped sprite rescue bubble impact requires an attachment cell.
926,L926_FULL_SYSTEM_MASTERY,normal,shot_limited,true,false,1,3363095340,won_settlement_pending,44,30,14,,,15796,0,levels_pack_901_1000.json#level_926,
927,L927_FULL_SYSTEM_MASTERY,normal,shot_limited,false,false,1,1849641725,lost_objective,44,29,15,,,5289,4,levels_pack_901_1000.json#level_927,
928,L928_FULL_SYSTEM_MASTERY,normal,shot_limited,false,false,1,231197874,out_of_shots_add_ball_prompt,45,45,0,,,7676,25,levels_pack_901_1000.json#level_928,
929,L929_FULL_SYSTEM_MASTERY,normal,shot_limited,false,false,1,2744022595,out_of_shots_add_ball_prompt,46,46,0,,,2237,89,levels_pack_901_1000.json#level_929,
930,L930_FULL_SYSTEM_MASTERY,special_floating_island,timed_infinite_shots,false,false,1,1096218640,lost_objective,,48,,90,0,1709,117,levels_pack_901_1000.json#level_930,
931,L931_FULL_SYSTEM_MASTERY,normal,shot_limited,false,false,1,3881919393,lost_objective,43,29,14,,,8312,0,levels_pack_901_1000.json#level_931,
932,L932_FULL_SYSTEM_MASTERY,normal,shot_limited,false,false,1,2234115446,out_of_shots_add_ball_prompt,43,43,0,,,14716,9,levels_pack_901_1000.json#level_932,
933,L933_FULL_SYSTEM_MASTERY,normal,shot_limited,true,false,1,619736839,won_settlement_pending,43,26,17,,,11415,0,levels_pack_901_1000.json#level_933,
934,L934_FULL_SYSTEM_MASTERY,normal,shot_limited,true,false,1,3132823252,won_settlement_pending,43,26,17,,,11308,2,levels_pack_901_1000.json#level_934,
935,L935_FULL_SYSTEM_MASTERY,normal,shot_limited,false,false,1,1480824933,lost_objective,43,31,12,,,6696,0,levels_pack_901_1000.json#level_935,
936,L936_FULL_SYSTEM_MASTERY,normal,shot_limited,false,false,1,4262068794,out_of_shots_add_ball_prompt,44,44,0,,,2071,92,levels_pack_901_1000.json#level_936,
937,L937_FULL_SYSTEM_MASTERY,normal,shot_limited,false,false,1,2647819723,lost_objective,44,31,13,,,8315,4,levels_pack_901_1000.json#level_937,
938,L938_FULL_SYSTEM_MASTERY,normal,shot_limited,false,false,1,865931160,out_of_shots_add_ball_prompt,45,45,0,,,4009,56,levels_pack_901_1000.json#level_938,
939,L939_FULL_SYSTEM_MASTERY,normal,shot_limited,false,false,1,3517296937,out_of_shots_add_ball_prompt,46,46,0,,,2305,80,levels_pack_901_1000.json#level_939,
940,L940_FULL_SYSTEM_MASTERY,special_floating_island,timed_infinite_shots,false,false,1,2003581182,lost_objective,,47,,90,0,1303,109,levels_pack_901_1000.json#level_940,
941,L941_FULL_SYSTEM_MASTERY,normal,shot_limited,true,false,1,355771023,won_settlement_pending,43,28,15,,,16336,0,levels_pack_901_1000.json#level_941,
942,L942_TRAPPED_SPRITE_RESCUE,trapped_sprite_rescue,shot_limited,false,false,1,3036619868,out_of_shots_add_ball_prompt,42,42,0,,,13809,4,levels_pack_901_1000.json#level_942,
943,L943_FULL_SYSTEM_MASTERY,normal,shot_limited,true,false,1,1250406381,won_settlement_pending,43,39,4,,,13300,0,levels_pack_901_1000.json#level_943,
944,L944_FULL_SYSTEM_MASTERY,normal,shot_limited,true,false,1,3897446818,won_settlement_pending,43,19,24,,,23277,2,levels_pack_901_1000.json#level_944,
945,L945_FULL_SYSTEM_MASTERY,normal,shot_limited,false,false,1,2383862643,lost_objective,43,25,18,,,7709,0,levels_pack_901_1000.json#level_945,
946,L946_FULL_SYSTEM_MASTERY,normal,shot_limited,false,false,1,740384000,lost_objective,44,24,20,,,9779,0,levels_pack_901_1000.json#level_946,
947,L947_FULL_SYSTEM_MASTERY,normal,shot_limited,false,false,1,3286877393,out_of_shots_add_ball_prompt,44,44,0,,,5028,32,levels_pack_901_1000.json#level_947,
948,L948_FULL_SYSTEM_MASTERY,normal,shot_limited,false,false,1,1638944358,out_of_shots_add_ball_prompt,45,45,0,,,3669,68,levels_pack_901_1000.json#level_948,
949,L949_FULL_SYSTEM_MASTERY,normal,shot_limited,false,false,1,125366327,out_of_shots_add_ball_prompt,46,46,0,,,2389,91,levels_pack_901_1000.json#level_949,
950,L950_FULL_SYSTEM_MASTERY,special_floating_island,timed_infinite_shots,false,false,1,2768468932,lost_objective,,41,,90,0,3595,86,levels_pack_901_1000.json#level_950,
951,L951_FULL_SYSTEM_MASTERY,normal,shot_limited,true,false,1,1154219413,won_settlement_pending,43,19,24,,,34746,0,levels_pack_901_1000.json#level_951,
952,L952_FULL_SYSTEM_MASTERY,normal,shot_limited,false,false,1,3667027754,lost_objective,43,39,4,,,6459,0,levels_pack_901_1000.json#level_952,
953,L953_FULL_SYSTEM_MASTERY,normal,shot_limited,false,false,1,2019225339,lost_objective,43,40,3,,,5641,0,levels_pack_901_1000.json#level_953,
954,L954_FULL_SYSTEM_MASTERY,normal,shot_limited,true,false,1,509972616,won_settlement_pending,43,25,18,,,15364,2,levels_pack_901_1000.json#level_954,
955,L955_FULL_SYSTEM_MASTERY,normal,shot_limited,false,false,1,3157006937,out_of_shots_add_ball_prompt,43,43,0,,,7558,18,levels_pack_901_1000.json#level_955,
956,L956_FULL_SYSTEM_MASTERY,normal,shot_limited,true,false,1,1408540142,won_settlement_pending,44,24,20,,,17190,0,levels_pack_901_1000.json#level_956,
957,L957_FULL_SYSTEM_MASTERY,normal,shot_limited,false,false,1,4055828415,lost_objective,44,22,22,,,9679,4,levels_pack_901_1000.json#level_957,
958,L958_FULL_SYSTEM_MASTERY,normal,shot_limited,false,false,1,2538047820,out_of_shots_add_ball_prompt,45,45,0,,,2758,76,levels_pack_901_1000.json#level_958,
959,L959_FULL_SYSTEM_MASTERY,normal,shot_limited,false,false,1,890123037,out_of_shots_add_ball_prompt,46,46,0,,,3748,85,levels_pack_901_1000.json#level_959,
960,L960_FULL_SYSTEM_MASTERY,special_floating_island,timed_infinite_shots,false,false,1,3570842322,lost_objective,,44,,90,0,1914,108,levels_pack_901_1000.json#level_960,
961,L961_FULL_SYSTEM_MASTERY,normal,shot_limited,true,false,1,1793145955,won_settlement_pending,43,23,20,,,14517,0,levels_pack_901_1000.json#level_961,
962,L962_FULL_SYSTEM_MASTERY,normal,shot_limited,false,false,1,145335856,lost_objective,43,26,17,,,5708,0,levels_pack_901_1000.json#level_962,
963,L963_TRAPPED_SPRITE_RESCUE,trapped_sprite_rescue,shot_limited,false,false,1,2926586305,out_of_shots_add_ball_prompt,42,42,0,,,11925,5,levels_pack_901_1000.json#level_963,
964,L964_FULL_SYSTEM_MASTERY,normal,shot_limited,false,false,1,1278792598,lost_objective,43,22,21,,,8496,2,levels_pack_901_1000.json#level_964,
965,L965_FULL_SYSTEM_MASTERY,normal,shot_limited,false,false,1,3821229351,out_of_shots_add_ball_prompt,43,43,0,,,10200,15,levels_pack_901_1000.json#level_965,
966,L966_FULL_SYSTEM_MASTERY,normal,shot_limited,false,false,1,2173426932,out_of_shots_add_ball_prompt,44,44,0,,,7356,31,levels_pack_901_1000.json#level_966,
967,L967_FULL_SYSTEM_MASTERY,normal,shot_limited,false,false,1,659703429,out_of_shots_add_ball_prompt,44,44,0,,,4935,41,levels_pack_901_1000.json#level_967,
968,L968_FULL_SYSTEM_MASTERY,normal,shot_limited,false,false,1,3306866778,out_of_shots_add_ball_prompt,45,45,0,,,4245,56,levels_pack_901_1000.json#level_968,
969,L969_FULL_SYSTEM_MASTERY,normal,shot_limited,false,false,1,1529181163,out_of_shots_add_ball_prompt,46,46,0,,,4200,67,levels_pack_901_1000.json#level_969,
970,L970_FULL_SYSTEM_MASTERY,special_floating_island,timed_infinite_shots,false,false,1,4209898936,lost_objective,,44,,90,0,7146,74,levels_pack_901_1000.json#level_970,
971,L971_FULL_SYSTEM_MASTERY,normal,shot_limited,false,false,1,2561965897,lost_objective,43,21,22,,,7715,0,levels_pack_901_1000.json#level_971,
972,L972_FULL_SYSTEM_MASTERY,normal,shot_limited,false,false,1,1048371486,lost_objective,43,21,22,,,7209,0,levels_pack_901_1000.json#level_972,
973,L973_FULL_SYSTEM_MASTERY,normal,shot_limited,false,false,1,3691473071,lost_objective,43,26,17,,,5031,0,levels_pack_901_1000.json#level_973,
974,L974_FULL_SYSTEM_MASTERY,normal,shot_limited,false,false,1,1942884988,lost_objective,43,35,8,,,5131,2,levels_pack_901_1000.json#level_974,
975,L975_FULL_SYSTEM_MASTERY,normal,shot_limited,false,false,1,295080973,lost_objective,43,30,13,,,4192,0,levels_pack_901_1000.json#level_975,
976,L976_FULL_SYSTEM_MASTERY,normal,shot_limited,false,false,1,3080789954,out_of_shots_add_ball_prompt,44,44,0,,,3479,60,levels_pack_901_1000.json#level_976,
977,L977_FULL_SYSTEM_MASTERY,normal,shot_limited,false,false,1,1432977811,out_of_shots_add_ball_prompt,44,44,0,,,7053,19,levels_pack_901_1000.json#level_977,
978,L978_FULL_SYSTEM_MASTERY,normal,shot_limited,false,false,1,3945794336,out_of_shots_add_ball_prompt,45,45,0,,,4663,89,levels_pack_901_1000.json#level_978,
979,L979_FULL_SYSTEM_MASTERY,normal,shot_limited,false,false,1,2331554545,out_of_shots_add_ball_prompt,46,46,0,,,3841,73,levels_pack_901_1000.json#level_979,
980,L980_FULL_SYSTEM_MASTERY,special_floating_island,timed_infinite_shots,false,false,1,679687302,lost_objective,,44,,90,0,5512,66,levels_pack_901_1000.json#level_980,
981,L981_FULL_SYSTEM_MASTERY,normal,shot_limited,true,false,1,3461070423,won_settlement_pending,43,22,21,,,24431,0,levels_pack_901_1000.json#level_981,
982,L982_FULL_SYSTEM_MASTERY,normal,shot_limited,true,false,1,1813127652,won_settlement_pending,43,20,23,,,15091,0,levels_pack_901_1000.json#level_982,
983,L983_FULL_SYSTEM_MASTERY,normal,shot_limited,false,false,1,64662453,lost_objective,43,30,13,,,5805,0,levels_pack_901_1000.json#level_983,
984,L984_FULL_SYSTEM_MASTERY,normal,shot_limited,true,false,1,2716151114,won_settlement_pending,43,24,19,,,16056,2,levels_pack_901_1000.json#level_984,
985,L985_FULL_SYSTEM_MASTERY,normal,shot_limited,true,false,1,1202575131,won_settlement_pending,31,21,10,,,17677,0,levels_pack_901_1000.json#level_985,
986,L986_TRAPPED_SPRITE_RESCUE,trapped_sprite_rescue,shot_limited,false,true,1,3849608872,simulator_error,43,8,35,,,690,95,levels_pack_901_1000.json#level_986,Trapped sprite rescue bubble impact requires an attachment cell.
987,L987_FULL_SYSTEM_MASTERY,normal,shot_limited,false,false,1,2067579001,out_of_shots_add_ball_prompt,44,44,0,,,11842,33,levels_pack_901_1000.json#level_987,
988,L988_FULL_SYSTEM_MASTERY,normal,shot_limited,true,false,1,449268238,won_settlement_pending,45,30,15,,,19208,4,levels_pack_901_1000.json#level_988,
989,L989_FULL_SYSTEM_MASTERY,normal,shot_limited,false,false,1,3096432095,out_of_shots_add_ball_prompt,46,46,0,,,5905,42,levels_pack_901_1000.json#level_989,
990,L990_FULL_SYSTEM_MASTERY,special_floating_island,timed_infinite_shots,false,false,1,1582724972,lost_objective,,43,,90,0,3871,92,levels_pack_901_1000.json#level_990,
991,L991_FULL_SYSTEM_MASTERY,normal,shot_limited,true,false,1,4229888317,won_settlement_pending,43,24,19,,,14244,0,levels_pack_901_1000.json#level_991,
992,L992_FULL_SYSTEM_MASTERY,normal,shot_limited,false,false,1,2452185330,lost_objective,43,26,17,,,7383,0,levels_pack_901_1000.json#level_992,
993,L993_FULL_SYSTEM_MASTERY,normal,shot_limited,false,false,1,837937795,lost_objective,43,40,3,,,8026,0,levels_pack_901_1000.json#level_993,
994,L994_FULL_SYSTEM_MASTERY,normal,shot_limited,true,false,1,3619187792,won_settlement_pending,43,36,7,,,11036,2,levels_pack_901_1000.json#level_994,
995,L995_FULL_SYSTEM_MASTERY,normal,shot_limited,false,false,1,1967331297,lost_objective,43,40,3,,,8528,0,levels_pack_901_1000.json#level_995,
996,L996_FULL_SYSTEM_MASTERY,normal,shot_limited,false,false,1,185309622,out_of_shots_add_ball_prompt,44,44,0,,,1525,86,levels_pack_901_1000.json#level_996,
997,L997_FULL_SYSTEM_MASTERY,normal,shot_limited,false,false,1,2865890119,out_of_shots_add_ball_prompt,44,44,0,,,7475,21,levels_pack_901_1000.json#level_997,
998,L998_FULL_SYSTEM_MASTERY,normal,shot_limited,false,false,1,1218086164,lost_objective,45,41,4,,,8757,4,levels_pack_901_1000.json#level_998,
999,L999_TRAPPED_SPRITE_RESCUE,trapped_sprite_rescue,shot_limited,true,false,1,4003794085,won_settlement_pending,44,18,26,,,15924,0,levels_pack_901_1000.json#level_999,
1000,L1000_FULL_SYSTEM_MASTERY,special_floating_island,timed_infinite_shots,false,false,1,2356000378,lost_objective,,45,,90,0,4452,93,levels_pack_901_1000.json#level_1000,
